Usage_kWh,Lagging_Current_Reactive.Power_kVarh,Leading_Current_Reactive_Power_kVarh,Lagging_Current_Power_Factor,Leading_Current_Power_Factor,WeekStatus,Day_of_week,Load_Type
2.88,3.82,0.0,60.2,100.0,Weekend,Sunday,Light_Load
60.77,48.02,0.0,78.46,100.0,Weekday,Thursday,Maximum_Load
120.42,59.65,0.0,89.61,100.0,Weekday,Friday,Maximum_Load
3.13,0.0,16.6,100.0,18.53,Weekend,Saturday,Light_Load
58.86,20.99,0.0,94.19,100.0,Weekday,Friday,Medium_Load
3.1,3.49,0.0,66.41,100.0,Weekday,Monday,Light_Load
9.4,0.0,20.52,100.0,41.65,Weekday,Tuesday,Medium_Load
3.6,3.35,0.0,73.21,100.0,Weekday,Wednesday,Light_Load
4.61,2.2,0.07,90.25,99.99,Weekday,Friday,Light_Load
3.78,3.13,0.11,77.02,99.96,Weekend,Saturday,Light_Load
2.84,5.26,0.0,47.51,100.0,Weekend,Sunday,Light_Load
3.02,5.26,0.0,49.79,100.0,Weekday,Wednesday,Light_Load
2.84,5.36,0.0,46.82,100.0,Weekday,Thursday,Light_Load
64.84,51.37,0.0,78.38,100.0,Weekday,Thursday,Maximum_Load
2.81,5.18,0.0,47.68,100.0,Weekend,Sunday,Light_Load
87.05,36.65,0.0,92.16,100.0,Weekday,Friday,Medium_Load
3.64,3.2,0.0,75.1,100.0,Weekend,Saturday,Light_Load
111.2,52.49,0.0,90.43,100.0,Weekday,Monday,Maximum_Load
72.86,56.99,0.0,78.77,100.0,Weekday,Tuesday,Maximum_Load
37.8,2.2,0.4,99.83,99.99,Weekday,Friday,Medium_Load
53.93,32.47,0.0,85.67,100.0,Weekday,Friday,Light_Load
58.93,30.38,0.0,88.88,100.0,Weekday,Friday,Maximum_Load
2.59,5.36,0.0,43.51,100.0,Weekday,Wednesday,Light_Load
3.71,0.0,20.16,100.0,18.1,Weekend,Saturday,Medium_Load
3.42,0.0,19.48,100.0,17.29,Weekday,Wednesday,Maximum_Load
2.88,4.14,0.0,57.11,100.0,Weekday,Thursday,Light_Load
64.94,29.56,0.0,91.01,100.0,Weekday,Friday,Maximum_Load
97.13,43.92,0.0,91.12,100.0,Weekday,Thursday,Medium_Load
69.55,29.77,0.0,91.93,100.0,Weekday,Monday,Medium_Load
2.59,3.38,0.0,60.82,100.0,Weekend,Sunday,Light_Load
4.68,0.0,6.34,100.0,59.39,Weekend,Sunday,Light_Load
37.3,2.88,1.22,99.7,99.95,Weekday,Wednesday,Medium_Load
3.49,6.26,0.0,48.69,100.0,Weekday,Friday,Light_Load
3.53,4.93,0.0,58.22,100.0,Weekday,Friday,Light_Load
3.1,3.71,0.0,64.12,100.0,Weekday,Thursday,Light_Load
3.53,5.26,0.0,55.72,100.0,Weekday,Tuesday,Light_Load
56.34,31.25,0.0,87.45,100.0,Weekday,Monday,Light_Load
3.31,2.77,0.0,76.69,100.0,Weekday,Thursday,Light_Load
3.38,5.76,0.0,50.61,100.0,Weekday,Thursday,Light_Load
2.66,4.79,0.0,48.55,100.0,Weekday,Wednesday,Light_Load
2.99,4.82,0.0,52.71,100.0,Weekday,Thursday,Light_Load
8.39,0.0,22.79,100.0,34.55,Weekday,Thursday,Medium_Load
3.6,3.31,0.0,73.61,100.0,Weekday,Tuesday,Light_Load
4.72,0.0,22.1,100.0,20.89,Weekend,Sunday,Medium_Load
76.18,47.41,0.0,84.9,100.0,Weekday,Monday,Maximum_Load
3.6,0.0,17.39,100.0,20.27,Weekday,Monday,Light_Load
4.9,0.0,24.01,100.0,20.0,Weekday,Monday,Medium_Load
47.2,24.48,0.0,88.77,100.0,Weekday,Friday,Medium_Load
59.04,26.28,0.0,91.36,100.0,Weekday,Friday,Maximum_Load
2.84,4.36,0.0,54.58,100.0,Weekday,Tuesday,Light_Load
64.26,38.77,0.0,85.62,100.0,Weekday,Wednesday,Maximum_Load
5.69,0.0,20.2,100.0,27.11,Weekday,Tuesday,Medium_Load
2.74,6.01,0.0,41.48,100.0,Weekday,Thursday,Light_Load
57.89,29.48,0.0,89.11,100.0,Weekday,Thursday,Maximum_Load
3.02,0.0,16.85,100.0,17.64,Weekend,Sunday,Light_Load
35.03,30.74,0.0,75.16,100.0,Weekday,Tuesday,Light_Load
5.54,0.0,19.98,100.0,26.72,Weekday,Thursday,Medium_Load
4.64,3.89,0.0,76.63,100.0,Weekend,Saturday,Light_Load
2.95,4.86,0.0,51.89,100.0,Weekday,Thursday,Light_Load
59.76,14.15,0.0,97.31,100.0,Weekday,Monday,Maximum_Load
5.22,0.0,20.7,100.0,24.45,Weekday,Thursday,Medium_Load
67.68,40.68,0.0,85.71,100.0,Weekday,Friday,Maximum_Load
118.22,54.04,0.0,90.95,100.0,Weekday,Thursday,Medium_Load
5.9,5.29,0.0,74.45,100.0,Weekday,Wednesday,Light_Load
3.17,5.33,0.0,51.12,100.0,Weekend,Saturday,Light_Load
3.17,4.79,0.0,55.19,100.0,Weekend,Sunday,Light_Load
50.08,31.97,0.0,84.29,100.0,Weekday,Wednesday,Light_Load
3.82,2.84,0.07,80.25,99.98,Weekend,Saturday,Light_Load
57.85,22.5,0.0,93.2,100.0,Weekday,Thursday,Medium_Load
27.65,17.17,0.11,84.95,100.0,Weekday,Wednesday,Light_Load
3.02,3.74,0.0,62.82,100.0,Weekday,Tuesday,Light_Load
3.28,2.41,0.07,80.59,99.98,Weekday,Tuesday,Light_Load
60.44,33.73,0.61,87.32,99.99,Weekday,Friday,Medium_Load
3.2,3.1,0.0,71.82,100.0,Weekday,Tuesday,Light_Load
37.87,14.72,0.65,93.21,99.99,Weekday,Monday,Medium_Load
40.07,8.1,0.0,98.02,100.0,Weekday,Thursday,Maximum_Load
3.13,4.9,0.0,53.83,100.0,Weekday,Tuesday,Medium_Load
3.82,3.31,0.0,75.58,100.0,Weekday,Monday,Light_Load
57.85,23.98,0.0,92.38,100.0,Weekday,Friday,Maximum_Load
47.41,29.12,0.0,85.21,100.0,Weekday,Thursday,Medium_Load
3.2,3.17,0.0,71.04,100.0,Weekday,Thursday,Light_Load
2.52,4.36,0.0,50.04,100.0,Weekday,Tuesday,Light_Load
47.23,13.21,0.0,96.3,100.0,Weekend,Saturday,Medium_Load
2.81,5.04,0.0,48.7,100.0,Weekday,Monday,Light_Load
3.82,4.86,0.0,61.8,100.0,Weekday,Wednesday,Light_Load
3.53,0.0,14.15,100.0,24.21,Weekend,Saturday,Light_Load
43.49,23.87,0.0,87.66,100.0,Weekend,Saturday,Medium_Load
3.17,6.12,0.0,45.99,100.0,Weekend,Sunday,Light_Load
2.74,4.9,0.0,48.81,100.0,Weekend,Sunday,Light_Load
5.33,5.04,0.0,72.66,100.0,Weekday,Monday,Light_Load
53.75,16.24,2.66,95.73,99.88,Weekday,Tuesday,Maximum_Load
65.16,17.64,0.0,96.53,100.0,Weekday,Wednesday,Maximum_Load
30.85,7.49,0.0,97.18,100.0,Weekend,Saturday,Maximum_Load
3.13,4.0,0.0,61.63,100.0,Weekday,Thursday,Light_Load
80.14,35.82,0.0,91.3,100.0,Weekday,Tuesday,Maximum_Load
2.63,4.07,0.0,54.27,100.0,Weekday,Tuesday,Light_Load
3.85,0.0,17.32,100.0,21.7,Weekday,Tuesday,Medium_Load
63.61,18.36,0.0,96.08,100.0,Weekday,Tuesday,Maximum_Load
48.38,28.01,0.0,86.54,100.0,Weekday,Thursday,Maximum_Load
2.88,0.0,13.54,100.0,20.8,Weekend,Saturday,Light_Load
129.13,46.58,0.0,94.07,100.0,Weekday,Monday,Medium_Load
41.69,21.17,0.0,89.16,100.0,Weekday,Wednesday,Medium_Load
75.82,43.56,0.0,86.71,100.0,Weekday,Tuesday,Medium_Load
3.53,4.54,0.0,61.38,100.0,Weekend,Saturday,Light_Load
49.0,27.72,0.0,87.04,100.0,Weekday,Wednesday,Maximum_Load
4.97,0.0,25.56,100.0,19.09,Weekday,Friday,Medium_Load
58.97,25.85,0.0,91.59,100.0,Weekday,Wednesday,Medium_Load
3.2,5.22,0.0,52.26,100.0,Weekday,Wednesday,Light_Load
117.07,46.44,0.0,92.95,100.0,Weekday,Monday,Medium_Load
3.49,4.86,0.0,58.33,100.0,Weekend,Saturday,Light_Load
21.1,2.52,2.92,99.29,99.06,Weekend,Sunday,Maximum_Load
2.74,4.68,0.0,50.52,100.0,Weekend,Sunday,Light_Load
3.46,2.56,0.04,80.39,99.99,Weekday,Thursday,Light_Load
5.0,0.0,26.46,100.0,18.57,Weekend,Sunday,Medium_Load
2.84,4.68,0.0,51.88,100.0,Weekday,Monday,Light_Load
4.39,0.0,17.17,100.0,24.77,Weekend,Saturday,Medium_Load
5.26,3.31,0.0,84.64,100.0,Weekday,Friday,Maximum_Load
58.1,52.96,0.0,73.9,100.0,Weekday,Monday,Light_Load
2.81,5.26,0.0,47.12,100.0,Weekday,Tuesday,Light_Load
67.43,44.5,0.0,83.46,100.0,Weekday,Thursday,Maximum_Load
60.3,22.1,0.0,93.89,100.0,Weekday,Friday,Medium_Load
5.0,4.82,0.0,71.99,100.0,Weekday,Thursday,Light_Load
99.58,38.99,0.0,93.12,100.0,Weekday,Thursday,Medium_Load
3.53,3.2,0.0,74.09,100.0,Weekday,Thursday,Light_Load
70.06,27.47,0.0,93.1,100.0,Weekday,Thursday,Medium_Load
3.96,3.64,0.0,73.62,100.0,Weekend,Sunday,Light_Load
4.14,5.47,0.0,60.35,100.0,Weekday,Thursday,Maximum_Load
3.38,0.0,14.62,100.0,22.52,Weekend,Sunday,Light_Load
3.06,3.67,0.0,64.04,100.0,Weekend,Sunday,Light_Load
101.27,47.59,0.0,90.5,100.0,Weekday,Monday,Maximum_Load
14.0,0.0,21.82,100.0,54.0,Weekend,Sunday,Maximum_Load
6.26,0.0,6.77,100.0,67.89,Weekend,Saturday,Light_Load
3.89,3.89,0.0,70.71,100.0,Weekday,Monday,Light_Load
4.43,0.0,21.13,100.0,20.52,Weekday,Monday,Medium_Load
4.28,3.67,0.04,75.91,100.0,Weekday,Tuesday,Light_Load
2.92,4.32,0.0,56.0,100.0,Weekday,Monday,Light_Load
51.73,17.53,0.0,94.71,100.0,Weekday,Thursday,Maximum_Load
54.11,27.22,0.0,89.33,100.0,Weekday,Monday,Maximum_Load
3.49,7.85,0.0,40.62,100.0,Weekday,Wednesday,Light_Load
94.0,36.5,0.0,93.22,100.0,Weekday,Tuesday,Maximum_Load
3.85,0.0,23.04,100.0,16.48,Weekday,Monday,Medium_Load
92.84,40.79,0.0,91.55,100.0,Weekday,Thursday,Maximum_Load
57.56,35.35,0.0,85.21,100.0,Weekday,Friday,Light_Load
3.17,4.32,0.0,59.16,100.0,Weekend,Saturday,Light_Load
5.76,10.22,0.0,49.1,100.0,Weekend,Sunday,Light_Load
67.18,19.94,0.0,95.87,100.0,Weekday,Wednesday,Medium_Load
3.56,2.74,0.14,79.25,99.92,Weekday,Monday,Light_Load
48.17,15.52,0.0,95.18,100.0,Weekday,Tuesday,Medium_Load
4.03,0.0,20.45,100.0,19.33,Weekday,Tuesday,Light_Load
3.06,5.4,0.0,49.3,100.0,Weekday,Tuesday,Medium_Load
3.38,6.41,0.0,46.64,100.0,Weekday,Friday,Light_Load
3.35,0.0,15.05,100.0,21.73,Weekend,Saturday,Light_Load
2.88,1.94,0.25,82.94,99.63,Weekday,Wednesday,Light_Load
60.59,14.98,0.0,97.08,100.0,Weekday,Wednesday,Medium_Load
3.13,5.47,0.0,49.67,100.0,Weekend,Saturday,Light_Load
88.92,65.88,0.0,80.35,100.0,Weekday,Monday,Light_Load
3.42,0.0,14.0,100.0,23.73,Weekday,Tuesday,Light_Load
47.99,7.42,0.25,98.83,100.0,Weekday,Thursday,Maximum_Load
68.8,26.39,0.0,93.37,100.0,Weekday,Wednesday,Medium_Load
139.57,58.9,0.0,92.13,100.0,Weekday,Thursday,Maximum_Load
73.62,13.25,1.69,98.42,99.97,Weekday,Wednesday,Maximum_Load
2.66,4.32,0.0,52.43,100.0,Weekday,Wednesday,Light_Load
2.66,5.18,0.0,45.68,100.0,Weekday,Monday,Light_Load
3.24,3.96,0.0,63.32,100.0,Weekday,Friday,Light_Load
15.01,0.04,13.5,100.0,74.35,Weekend,Sunday,Maximum_Load
2.63,4.54,0.0,50.13,100.0,Weekend,Sunday,Light_Load
3.13,0.0,16.42,100.0,18.72,Weekend,Saturday,Light_Load
2.66,0.0,9.94,100.0,25.85,Weekend,Sunday,Light_Load
2.63,5.36,0.0,44.05,100.0,Weekday,Wednesday,Light_Load
3.17,4.54,0.0,57.25,100.0,Weekend,Sunday,Light_Load
3.6,3.74,0.0,69.35,100.0,Weekday,Tuesday,Light_Load
3.71,0.0,26.1,100.0,14.07,Weekday,Wednesday,Medium_Load
40.68,7.38,0.36,98.39,100.0,Weekday,Friday,Medium_Load
3.38,0.0,13.14,100.0,24.91,Weekend,Saturday,Light_Load
61.67,22.43,1.73,93.98,99.96,Weekday,Monday,Medium_Load
4.93,6.26,0.0,61.87,100.0,Weekday,Thursday,Light_Load
4.0,5.47,0.0,59.03,100.0,Weekday,Wednesday,Light_Load
3.78,6.8,0.0,48.59,100.0,Weekday,Thursday,Maximum_Load
12.49,3.02,12.92,97.2,69.5,Weekday,Monday,Medium_Load
3.06,1.08,5.22,94.3,50.57,Weekend,Saturday,Light_Load
3.02,5.65,0.0,47.14,100.0,Weekday,Friday,Light_Load
2.99,5.22,0.0,49.7,100.0,Weekend,Saturday,Light_Load
2.66,5.69,0.0,42.35,100.0,Weekday,Monday,Light_Load
5.18,0.0,25.99,100.0,19.55,Weekday,Monday,Medium_Load
3.35,2.48,0.0,80.37,100.0,Weekday,Monday,Light_Load
42.05,13.14,0.43,95.45,99.99,Weekday,Friday,Maximum_Load
60.88,31.57,0.0,88.77,100.0,Weekday,Thursday,Maximum_Load
3.13,2.77,0.0,74.89,100.0,Weekend,Saturday,Light_Load
55.01,31.75,0.0,86.61,100.0,Weekday,Monday,Medium_Load
55.84,31.25,0.0,87.26,100.0,Weekday,Monday,Maximum_Load
88.85,36.76,0.0,92.4,100.0,Weekday,Friday,Maximum_Load
3.78,0.0,25.88,100.0,14.45,Weekday,Monday,Medium_Load
9.68,0.0,25.34,100.0,35.69,Weekday,Friday,Medium_Load
33.52,0.58,3.24,99.99,99.54,Weekend,Saturday,Maximum_Load
3.56,0.0,17.28,100.0,20.18,Weekend,Sunday,Light_Load
51.19,48.92,0.0,72.3,100.0,Weekday,Friday,Light_Load
2.99,4.36,0.0,56.56,100.0,Weekday,Monday,Light_Load
2.92,5.72,0.0,45.47,100.0,Weekday,Monday,Light_Load
104.54,47.95,0.0,90.89,100.0,Weekday,Thursday,Medium_Load
4.93,0.0,20.2,100.0,23.71,Weekend,Sunday,Light_Load
3.06,5.76,0.0,46.92,100.0,Weekend,Sunday,Light_Load
52.81,28.22,0.0,88.2,100.0,Weekday,Tuesday,Maximum_Load
2.88,0.0,12.24,100.0,22.9,Weekend,Sunday,Medium_Load
48.42,16.27,0.0,94.79,100.0,Weekend,Sunday,Medium_Load
58.64,44.46,0.0,79.69,100.0,Weekday,Tuesday,Medium_Load
2.95,0.0,16.45,100.0,17.65,Weekday,Thursday,Light_Load
3.2,3.13,0.0,71.49,100.0,Weekday,Thursday,Light_Load
3.6,5.04,0.0,58.12,100.0,Weekday,Thursday,Medium_Load
125.1,50.22,0.0,92.8,100.0,Weekday,Thursday,Maximum_Load
2.95,4.68,0.0,53.32,100.0,Weekday,Monday,Light_Load
2.48,2.05,2.27,77.08,73.76,Weekday,Tuesday,Light_Load
3.82,0.0,16.34,100.0,22.76,Weekday,Friday,Medium_Load
58.25,27.25,0.0,90.58,100.0,Weekday,Friday,Maximum_Load
5.0,0.0,18.18,100.0,26.52,Weekday,Thursday,Medium_Load
42.77,17.86,0.0,92.28,100.0,Weekday,Thursday,Medium_Load
68.47,44.28,0.0,83.97,100.0,Weekday,Monday,Medium_Load
3.1,0.0,15.95,100.0,19.08,Weekend,Sunday,Light_Load
4.43,4.61,0.0,69.29,100.0,Weekday,Monday,Light_Load
4.07,5.87,0.0,56.98,100.0,Weekday,Thursday,Light_Load
58.79,33.62,0.0,86.81,100.0,Weekday,Friday,Maximum_Load
5.15,0.0,25.7,100.0,19.65,Weekend,Sunday,Light_Load
59.76,16.96,0.0,96.2,100.0,Weekday,Thursday,Medium_Load
4.97,9.22,0.0,47.45,100.0,Weekday,Thursday,Medium_Load
56.74,24.62,0.0,91.74,100.0,Weekend,Saturday,Maximum_Load
6.34,0.86,13.75,99.09,41.87,Weekend,Saturday,Medium_Load
5.8,5.26,0.0,74.07,100.0,Weekday,Tuesday,Light_Load
3.92,0.0,20.74,100.0,18.57,Weekend,Saturday,Light_Load
48.28,24.44,0.0,89.22,100.0,Weekday,Wednesday,Medium_Load
4.75,0.0,21.1,100.0,21.96,Weekend,Saturday,Maximum_Load
64.87,31.5,0.0,89.96,100.0,Weekday,Thursday,Maximum_Load
2.7,5.0,0.0,47.51,100.0,Weekend,Saturday,Light_Load
3.28,4.68,0.0,57.39,100.0,Weekday,Wednesday,Light_Load
51.08,17.68,0.0,94.5,100.0,Weekday,Thursday,Medium_Load
57.28,26.17,0.0,90.96,100.0,Weekday,Friday,Maximum_Load
3.28,0.0,13.64,100.0,23.38,Weekend,Saturday,Light_Load
3.31,3.74,0.0,66.27,100.0,Weekday,Monday,Light_Load
5.33,5.8,0.0,67.66,100.0,Weekday,Thursday,Light_Load
56.66,32.62,0.0,86.66,100.0,Weekday,Friday,Maximum_Load
5.22,6.12,0.0,64.89,100.0,Weekday,Tuesday,Light_Load
9.83,3.35,9.76,94.65,70.96,Weekend,Saturday,Medium_Load
40.1,3.13,0.4,99.7,100.0,Weekday,Thursday,Medium_Load
58.79,29.66,0.0,89.28,100.0,Weekday,Monday,Medium_Load
67.36,33.98,0.0,89.28,100.0,Weekday,Tuesday,Maximum_Load
30.35,0.54,2.02,99.98,99.78,Weekend,Sunday,Maximum_Load
59.36,46.84,0.0,78.5,100.0,Weekday,Thursday,Maximum_Load
90.58,19.87,0.5,97.68,100.0,Weekend,Sunday,Medium_Load
3.06,2.38,0.0,78.94,100.0,Weekday,Wednesday,Light_Load
32.69,9.07,4.39,96.36,99.11,Weekday,Monday,Maximum_Load
3.31,0.0,4.5,100.0,59.25,Weekend,Sunday,Light_Load
3.28,2.27,0.11,82.23,99.94,Weekend,Saturday,Light_Load
2.56,5.51,0.0,42.14,100.0,Weekday,Wednesday,Light_Load
48.92,46.26,0.0,72.66,100.0,Weekday,Friday,Light_Load
71.42,12.49,0.0,98.51,100.0,Weekday,Tuesday,Medium_Load
52.42,18.25,0.0,94.44,100.0,Weekday,Wednesday,Medium_Load
3.13,0.0,16.6,100.0,18.53,Weekend,Sunday,Light_Load
86.98,45.97,0.0,88.41,100.0,Weekday,Friday,Maximum_Load
2.95,0.0,11.41,100.0,25.03,Weekend,Saturday,Light_Load
69.16,21.38,0.0,95.54,100.0,Weekday,Thursday,Maximum_Load
2.77,5.47,0.0,45.18,100.0,Weekday,Wednesday,Medium_Load
5.18,0.0,26.78,100.0,18.99,Weekday,Wednesday,Medium_Load
3.02,0.0,14.72,100.0,20.1,Weekend,Sunday,Light_Load
3.06,0.0,12.64,100.0,23.53,Weekend,Sunday,Light_Load
10.22,0.11,5.47,99.99,88.17,Weekend,Sunday,Medium_Load
81.58,26.78,0.0,95.01,100.0,Weekday,Tuesday,Medium_Load
68.51,30.53,0.0,91.34,100.0,Weekday,Tuesday,Medium_Load
5.08,4.82,0.0,72.54,100.0,Weekday,Thursday,Medium_Load
2.77,4.54,0.0,52.08,100.0,Weekend,Sunday,Light_Load
3.92,5.29,0.0,59.54,100.0,Weekday,Wednesday,Light_Load
3.53,4.57,0.0,61.13,100.0,Weekday,Thursday,Light_Load
4.79,0.0,19.26,100.0,24.13,Weekday,Wednesday,Medium_Load
41.69,22.28,0.0,88.2,100.0,Weekend,Saturday,Medium_Load
3.6,0.0,13.68,100.0,25.45,Weekend,Saturday,Light_Load
19.22,5.54,18.9,96.09,71.3,Weekday,Tuesday,Medium_Load
3.1,3.64,0.0,64.84,100.0,Weekend,Saturday,Light_Load
2.77,5.22,0.0,46.87,100.0,Weekend,Sunday,Light_Load
92.56,52.16,0.0,87.12,100.0,Weekday,Monday,Maximum_Load
55.87,26.89,0.0,90.11,100.0,Weekday,Monday,Medium_Load
3.28,0.0,16.96,100.0,18.99,Weekend,Sunday,Light_Load
90.86,15.52,0.14,98.57,100.0,Weekday,Friday,Maximum_Load
77.51,43.7,0.0,87.11,100.0,Weekday,Thursday,Maximum_Load
2.56,5.29,0.0,43.56,100.0,Weekday,Wednesday,Light_Load
62.93,33.08,0.0,88.52,100.0,Weekday,Wednesday,Medium_Load
2.74,5.11,0.0,47.26,100.0,Weekday,Monday,Light_Load
71.39,25.2,0.0,94.3,100.0,Weekday,Monday,Medium_Load
3.02,0.0,14.51,100.0,20.38,Weekend,Sunday,Light_Load
110.52,49.18,0.0,91.36,100.0,Weekday,Tuesday,Medium_Load
2.66,5.29,0.0,44.92,100.0,Weekend,Sunday,Light_Load
3.35,4.43,0.0,60.32,100.0,Weekday,Thursday,Light_Load
3.49,4.0,0.0,65.74,100.0,Weekday,Friday,Light_Load
2.99,3.67,0.0,63.16,100.0,Weekday,Thursday,Light_Load
4.97,8.68,0.0,49.69,100.0,Weekday,Monday,Maximum_Load
84.92,69.7,0.0,77.3,100.0,Weekday,Monday,Light_Load
95.26,32.15,0.0,94.75,100.0,Weekday,Friday,Medium_Load
3.1,4.36,0.0,57.95,100.0,Weekday,Monday,Light_Load
2.7,4.75,0.0,49.42,100.0,Weekend,Sunday,Light_Load
129.85,63.86,0.0,89.74,100.0,Weekday,Friday,Maximum_Load
2.95,4.03,0.0,59.07,100.0,Weekday,Tuesday,Light_Load
114.8,40.25,0.0,94.37,100.0,Weekday,Tuesday,Maximum_Load
6.41,0.0,21.1,100.0,29.07,Weekday,Wednesday,Medium_Load
106.52,42.95,0.0,92.74,100.0,Weekday,Friday,Medium_Load
3.28,2.59,0.0,78.48,100.0,Weekday,Friday,Light_Load
3.17,6.48,0.0,43.94,100.0,Weekday,Thursday,Light_Load
35.14,8.39,0.0,97.27,100.0,Weekend,Saturday,Medium_Load
65.92,27.18,0.0,92.45,100.0,Weekday,Tuesday,Medium_Load
4.21,0.0,17.78,100.0,23.04,Weekend,Sunday,Light_Load
4.21,3.64,0.04,75.65,100.0,Weekday,Wednesday,Light_Load
2.74,0.0,17.32,100.0,15.63,Weekend,Saturday,Light_Load
95.33,47.27,0.0,89.59,100.0,Weekend,Saturday,Maximum_Load
82.62,20.77,0.58,96.98,100.0,Weekday,Tuesday,Medium_Load
3.42,4.25,0.0,62.69,100.0,Weekday,Friday,Light_Load
59.69,19.98,0.0,94.83,100.0,Weekday,Wednesday,Maximum_Load
2.81,0.04,10.69,99.99,25.42,Weekend,Sunday,Light_Load
3.38,5.76,0.0,50.61,100.0,Weekday,Thursday,Medium_Load
3.1,3.71,0.0,64.12,100.0,Weekday,Monday,Light_Load
82.48,34.16,0.0,92.39,100.0,Weekday,Monday,Medium_Load
3.24,4.64,0.0,57.25,100.0,Weekend,Sunday,Light_Load
3.6,3.31,0.0,73.61,100.0,Weekday,Wednesday,Light_Load
88.6,12.64,0.0,99.0,100.0,Weekend,Saturday,Maximum_Load
3.82,0.0,22.64,100.0,16.64,Weekday,Monday,Medium_Load
111.35,42.23,0.0,93.5,100.0,Weekday,Monday,Medium_Load
3.13,5.29,0.0,50.92,100.0,Weekday,Thursday,Light_Load
67.75,32.11,0.0,90.36,100.0,Weekday,Monday,Medium_Load
2.59,4.57,0.0,49.31,100.0,Weekend,Saturday,Medium_Load
4.61,0.0,13.9,100.0,31.48,Weekday,Thursday,Medium_Load
3.96,2.34,0.58,86.09,98.94,Weekday,Wednesday,Light_Load
3.24,6.19,0.18,46.37,99.85,Weekday,Friday,Medium_Load
49.28,50.94,0.0,69.53,100.0,Weekday,Friday,Light_Load
69.88,34.02,0.0,89.91,100.0,Weekday,Thursday,Maximum_Load
4.0,3.78,0.0,72.68,100.0,Weekend,Saturday,Light_Load
92.41,31.28,0.0,94.72,100.0,Weekend,Saturday,Maximum_Load
3.02,6.44,0.0,42.46,100.0,Weekday,Thursday,Light_Load
4.1,0.0,21.35,100.0,18.86,Weekday,Monday,Light_Load
3.38,2.77,0.0,77.34,100.0,Weekend,Sunday,Light_Load
2.81,6.23,0.0,41.12,100.0,Weekday,Friday,Light_Load
100.58,29.88,0.0,95.86,100.0,Weekend,Saturday,Medium_Load
3.82,0.0,20.59,100.0,18.24,Weekday,Tuesday,Medium_Load
62.1,18.94,0.0,95.65,100.0,Weekday,Monday,Medium_Load
3.92,6.19,0.0,53.5,100.0,Weekday,Friday,Light_Load
2.63,4.46,0.0,50.79,100.0,Weekend,Sunday,Light_Load
64.91,40.57,0.0,84.8,100.0,Weekday,Thursday,Maximum_Load
32.87,12.35,2.12,93.61,99.79,Weekday,Monday,Medium_Load
3.64,4.79,0.0,60.5,100.0,Weekday,Friday,Medium_Load
140.04,63.25,0.0,91.14,100.0,Weekday,Tuesday,Maximum_Load
50.18,46.58,0.0,73.29,100.0,Weekend,Sunday,Light_Load
28.98,23.04,0.0,78.28,100.0,Weekend,Saturday,Light_Load
59.76,18.18,0.0,95.67,100.0,Weekday,Wednesday,Medium_Load
3.56,4.75,0.0,59.97,100.0,Weekday,Thursday,Light_Load
5.44,0.0,19.08,100.0,27.42,Weekday,Monday,Medium_Load
37.33,29.02,0.0,78.95,100.0,Weekday,Tuesday,Light_Load
6.88,4.07,0.0,86.07,100.0,Weekday,Tuesday,Light_Load
3.6,3.64,0.0,70.32,100.0,Weekday,Tuesday,Light_Load
59.72,18.04,0.0,95.73,100.0,Weekday,Monday,Maximum_Load
2.66,0.0,11.74,100.0,22.1,Weekday,Wednesday,Light_Load
2.92,4.25,0.0,56.63,100.0,Weekend,Saturday,Light_Load
2.74,4.97,0.0,48.28,100.0,Weekday,Monday,Light_Load
106.45,44.46,0.0,92.28,100.0,Weekday,Tuesday,Maximum_Load
52.45,23.04,3.82,91.56,99.74,Weekday,Tuesday,Medium_Load
2.7,5.26,0.0,45.67,100.0,Weekday,Wednesday,Light_Load
7.13,0.0,21.28,100.0,31.77,Weekday,Wednesday,Medium_Load
96.34,39.85,0.0,92.41,100.0,Weekday,Monday,Maximum_Load
62.21,28.98,0.0,90.65,100.0,Weekday,Wednesday,Maximum_Load
15.95,0.0,9.4,100.0,86.15,Weekday,Tuesday,Maximum_Load
3.71,3.2,0.04,75.72,99.99,Weekday,Wednesday,Light_Load
78.26,37.94,0.0,89.98,100.0,Weekend,Sunday,Maximum_Load
2.7,4.82,0.0,48.87,100.0,Weekday,Wednesday,Light_Load
3.42,3.64,0.0,68.47,100.0,Weekday,Friday,Light_Load
3.31,4.57,0.0,58.66,100.0,Weekday,Thursday,Light_Load
81.86,65.52,0.0,78.07,100.0,Weekday,Tuesday,Light_Load
39.06,37.98,0.0,71.69,100.0,Weekday,Friday,Light_Load
50.69,36.72,0.0,80.98,100.0,Weekday,Monday,Maximum_Load
43.99,20.52,0.0,90.63,100.0,Weekday,Thursday,Maximum_Load
3.71,0.0,13.82,100.0,25.93,Weekend,Saturday,Light_Load
3.74,0.0,22.32,100.0,16.53,Weekday,Thursday,Light_Load
102.2,46.69,0.0,90.96,100.0,Weekday,Tuesday,Maximum_Load
65.2,34.34,0.0,88.48,100.0,Weekday,Friday,Maximum_Load
88.56,46.84,0.0,88.4,100.0,Weekday,Tuesday,Medium_Load
7.74,0.0,25.02,100.0,29.55,Weekday,Thursday,Medium_Load
3.42,5.65,0.0,51.78,100.0,Weekend,Sunday,Maximum_Load
6.77,0.0,19.69,100.0,32.51,Weekday,Thursday,Medium_Load
19.3,21.38,0.0,67.01,100.0,Weekday,Tuesday,Light_Load
30.13,0.83,2.77,99.96,99.58,Weekend,Sunday,Medium_Load
3.06,0.0,16.78,100.0,17.94,Weekend,Sunday,Light_Load
99.47,50.65,0.0,89.11,100.0,Weekday,Thursday,Maximum_Load
4.61,5.08,0.0,67.2,100.0,Weekday,Friday,Light_Load
4.5,0.0,21.53,100.0,20.46,Weekday,Tuesday,Maximum_Load
74.48,36.36,0.0,89.86,100.0,Weekday,Monday,Maximum_Load
4.21,4.25,0.0,70.38,100.0,Weekend,Sunday,Light_Load
8.89,0.25,15.73,99.96,49.2,Weekday,Thursday,Medium_Load
3.28,0.0,17.1,100.0,18.84,Weekend,Saturday,Light_Load
2.77,5.08,0.0,47.87,100.0,Weekend,Saturday,Light_Load
3.42,2.92,0.0,76.05,100.0,Weekend,Saturday,Maximum_Load
71.14,38.99,0.0,87.69,100.0,Weekday,Wednesday,Medium_Load
53.14,30.89,0.0,86.45,100.0,Weekday,Thursday,Medium_Load
72.97,28.33,0.0,93.22,100.0,Weekday,Wednesday,Medium_Load
3.67,7.27,0.0,45.06,100.0,Weekday,Friday,Medium_Load
82.48,39.89,0.0,90.02,100.0,Weekday,Friday,Light_Load
35.93,16.42,7.7,90.95,97.78,Weekend,Saturday,Maximum_Load
59.87,33.23,0.0,87.44,100.0,Weekday,Thursday,Maximum_Load
96.26,40.79,0.0,92.07,100.0,Weekday,Wednesday,Maximum_Load
122.94,69.26,0.0,87.13,100.0,Weekday,Tuesday,Maximum_Load
3.35,3.53,0.0,68.84,100.0,Weekday,Friday,Light_Load
68.54,45.68,0.0,83.21,100.0,Weekday,Friday,Maximum_Load
69.05,9.72,0.79,99.02,99.99,Weekend,Saturday,Medium_Load
38.59,1.55,0.4,99.92,99.99,Weekend,Saturday,Maximum_Load
46.22,20.48,0.0,91.43,100.0,Weekday,Monday,Medium_Load
62.53,51.59,0.0,77.14,100.0,Weekday,Friday,Light_Load
2.81,4.32,0.0,54.53,100.0,Weekday,Monday,Light_Load
2.77,5.26,0.0,46.6,100.0,Weekend,Sunday,Light_Load
2.59,4.97,0.0,46.21,100.0,Weekend,Saturday,Light_Load
85.14,25.88,0.0,95.68,100.0,Weekday,Wednesday,Medium_Load
53.75,29.88,0.0,87.4,100.0,Weekday,Wednesday,Maximum_Load
64.19,20.16,4.9,95.41,99.71,Weekday,Tuesday,Maximum_Load
42.55,7.16,0.29,98.61,100.0,Weekday,Tuesday,Maximum_Load
2.88,0.0,10.4,100.0,26.69,Weekday,Monday,Light_Load
70.52,40.07,0.0,86.94,100.0,Weekday,Wednesday,Maximum_Load
3.53,4.18,0.0,64.52,100.0,Weekend,Sunday,Light_Load
3.06,5.87,0.0,46.23,100.0,Weekend,Saturday,Light_Load
3.49,0.0,17.35,100.0,19.72,Weekend,Sunday,Light_Load
50.94,39.17,0.0,79.27,100.0,Weekday,Friday,Medium_Load
4.0,4.39,0.0,67.35,100.0,Weekend,Saturday,Light_Load
2.74,5.11,0.0,47.26,100.0,Weekend,Sunday,Light_Load
2.7,5.29,0.0,45.46,100.0,Weekend,Saturday,Light_Load
3.2,0.0,17.89,100.0,17.61,Weekday,Wednesday,Medium_Load
4.79,6.62,0.0,58.62,100.0,Weekday,Friday,Light_Load
2.52,4.93,0.0,45.51,100.0,Weekday,Wednesday,Light_Load
62.42,21.35,0.0,94.62,100.0,Weekday,Monday,Maximum_Load
2.52,4.39,0.0,49.78,100.0,Weekend,Sunday,Light_Load
3.67,0.0,12.96,100.0,27.25,Weekday,Friday,Medium_Load
36.58,32.54,0.0,74.72,100.0,Weekday,Thursday,Light_Load
39.96,29.74,0.0,80.22,100.0,Weekday,Tuesday,Light_Load
100.98,55.19,0.0,87.75,100.0,Weekday,Tuesday,Medium_Load
3.17,5.98,0.0,46.84,100.0,Weekday,Wednesday,Light_Load
2.95,5.94,0.0,44.48,100.0,Weekend,Sunday,Light_Load
3.31,6.62,0.0,44.72,100.0,Weekday,Thursday,Light_Load
3.2,4.82,0.0,55.31,100.0,Weekday,Friday,Light_Load
59.8,14.11,0.0,97.33,100.0,Weekday,Tuesday,Maximum_Load
83.38,36.65,0.0,91.55,100.0,Weekday,Tuesday,Maximum_Load
34.74,27.94,0.0,77.92,100.0,Weekend,Sunday,Light_Load
2.56,4.93,0.0,46.08,100.0,Weekend,Sunday,Light_Load
5.18,0.0,25.85,100.0,19.65,Weekend,Sunday,Light_Load
4.0,0.0,15.01,100.0,25.75,Weekday,Tuesday,Medium_Load
2.95,0.0,17.03,100.0,17.07,Weekend,Sunday,Light_Load
3.28,0.0,13.64,100.0,23.38,Weekend,Sunday,Light_Load
3.85,4.07,0.0,68.72,100.0,Weekday,Wednesday,Light_Load
30.2,0.5,1.33,99.99,99.9,Weekend,Saturday,Medium_Load
61.85,37.62,0.0,85.44,100.0,Weekday,Wednesday,Maximum_Load
3.13,3.42,0.0,67.51,100.0,Weekday,Monday,Light_Load
68.11,28.51,0.0,92.24,100.0,Weekday,Tuesday,Maximum_Load
7.31,0.0,26.71,100.0,26.4,Weekday,Thursday,Medium_Load
3.17,3.17,0.0,70.71,100.0,Weekday,Wednesday,Light_Load
2.84,0.0,11.59,100.0,23.8,Weekend,Sunday,Light_Load
2.95,4.5,0.0,54.83,100.0,Weekday,Wednesday,Light_Load
51.77,14.04,0.5,96.51,100.0,Weekday,Wednesday,Maximum_Load
3.46,4.28,0.0,62.87,100.0,Weekend,Sunday,Light_Load
3.92,3.89,0.0,70.98,100.0,Weekday,Friday,Light_Load
60.19,20.81,0.0,94.51,100.0,Weekday,Friday,Maximum_Load
40.0,14.47,4.21,94.04,99.45,Weekday,Tuesday,Maximum_Load
5.47,0.0,26.46,100.0,20.24,Weekday,Thursday,Medium_Load
53.5,28.37,0.0,88.35,100.0,Weekday,Monday,Maximum_Load
3.06,3.64,0.0,64.35,100.0,Weekday,Thursday,Light_Load
3.06,0.0,12.89,100.0,23.1,Weekend,Sunday,Light_Load
33.7,1.26,5.04,99.93,98.9,Weekday,Monday,Medium_Load
75.46,38.2,0.0,89.22,100.0,Weekday,Wednesday,Light_Load
3.56,2.66,0.0,80.11,100.0,Weekday,Tuesday,Light_Load
3.02,5.62,0.0,47.34,100.0,Weekday,Friday,Light_Load
40.14,29.45,0.0,80.63,100.0,Weekday,Tuesday,Light_Load
60.55,32.51,0.0,88.1,100.0,Weekday,Tuesday,Maximum_Load
2.95,4.28,0.0,56.75,100.0,Weekend,Saturday,Light_Load
3.06,5.9,0.0,46.04,100.0,Weekday,Tuesday,Light_Load
105.7,49.82,0.0,90.46,100.0,Weekday,Friday,Maximum_Load
4.61,7.7,0.0,51.37,100.0,Weekend,Sunday,Light_Load
2.56,4.18,0.0,52.23,100.0,Weekend,Sunday,Light_Load
6.19,0.0,16.96,100.0,34.29,Weekday,Wednesday,Medium_Load
3.02,3.2,0.0,68.64,100.0,Weekday,Wednesday,Light_Load
57.24,29.59,0.0,88.83,100.0,Weekday,Friday,Medium_Load
44.5,10.8,0.32,97.18,100.0,Weekend,Sunday,Medium_Load
39.2,16.7,0.0,92.0,100.0,Weekday,Monday,Medium_Load
4.0,0.0,6.73,100.0,51.09,Weekday,Wednesday,Medium_Load
84.2,37.73,0.0,91.26,100.0,Weekday,Tuesday,Maximum_Load
53.53,5.47,1.48,99.48,99.96,Weekend,Saturday,Maximum_Load
42.19,30.67,0.0,80.89,100.0,Weekday,Monday,Maximum_Load
105.12,31.86,0.0,95.7,100.0,Weekday,Wednesday,Medium_Load
3.02,0.0,16.49,100.0,18.01,Weekend,Sunday,Light_Load
61.02,16.78,0.0,96.42,100.0,Weekday,Wednesday,Medium_Load
3.17,4.64,0.0,56.41,100.0,Weekday,Friday,Light_Load
3.17,6.19,0.0,45.58,100.0,Weekday,Wednesday,Light_Load
2.99,5.58,0.0,47.23,100.0,Weekday,Wednesday,Light_Load
94.97,35.06,0.0,93.81,100.0,Weekday,Tuesday,Medium_Load
3.64,6.66,0.0,47.96,100.0,Weekday,Friday,Light_Load
3.42,0.0,17.28,100.0,19.42,Weekend,Sunday,Light_Load
99.83,48.13,0.0,90.08,100.0,Weekday,Friday,Medium_Load
70.31,38.27,0.0,87.83,100.0,Weekday,Tuesday,Light_Load
3.49,0.0,14.11,100.0,24.01,Weekday,Tuesday,Light_Load
67.61,39.82,0.0,86.17,100.0,Weekday,Friday,Medium_Load
2.7,4.21,0.0,53.98,100.0,Weekend,Sunday,Light_Load
26.32,0.58,1.84,99.98,99.76,Weekend,Saturday,Maximum_Load
2.92,5.87,0.0,44.54,100.0,Weekend,Saturday,Light_Load
3.85,3.89,0.0,70.34,100.0,Weekend,Saturday,Light_Load
61.24,52.34,0.0,76.02,100.0,Weekday,Wednesday,Maximum_Load
82.58,46.33,0.0,87.21,100.0,Weekday,Monday,Medium_Load
44.14,11.27,0.0,96.89,100.0,Weekend,Sunday,Maximum_Load
11.38,0.36,18.47,99.95,52.46,Weekday,Thursday,Medium_Load
58.54,27.22,0.0,90.68,100.0,Weekday,Tuesday,Maximum_Load
5.94,0.0,20.38,100.0,27.98,Weekend,Saturday,Medium_Load
89.21,41.29,0.0,90.75,100.0,Weekday,Monday,Light_Load
4.14,0.0,4.18,100.0,70.37,Weekend,Sunday,Light_Load
3.31,0.0,9.25,100.0,33.69,Weekend,Sunday,Light_Load
2.84,4.72,0.0,51.56,100.0,Weekday,Friday,Light_Load
3.49,0.0,22.1,100.0,15.6,Weekend,Sunday,Light_Load
3.67,4.54,0.0,62.87,100.0,Weekday,Tuesday,Light_Load
70.09,26.6,0.0,93.49,100.0,Weekday,Monday,Medium_Load
82.26,36.76,0.0,91.3,100.0,Weekday,Monday,Maximum_Load
109.58,56.2,0.0,88.98,100.0,Weekday,Tuesday,Maximum_Load
3.02,4.21,0.0,58.29,100.0,Weekday,Tuesday,Light_Load
58.32,25.7,0.0,91.51,100.0,Weekday,Thursday,Medium_Load
3.17,2.92,0.0,73.55,100.0,Weekday,Thursday,Light_Load
5.44,0.0,26.57,100.0,20.06,Weekday,Wednesday,Medium_Load
2.99,4.39,0.0,56.29,100.0,Weekday,Friday,Light_Load
3.02,3.67,0.0,63.54,100.0,Weekday,Thursday,Light_Load
6.37,5.36,0.0,76.52,100.0,Weekday,Friday,Light_Load
3.13,3.35,0.0,68.27,100.0,Weekend,Sunday,Light_Load
5.0,2.41,0.79,90.08,98.77,Weekday,Wednesday,Light_Load
44.35,32.47,0.0,80.69,100.0,Weekday,Friday,Light_Load
3.06,4.36,0.0,57.45,100.0,Weekday,Tuesday,Light_Load
3.64,0.0,17.57,100.0,20.29,Weekend,Saturday,Medium_Load
33.3,2.52,0.86,99.71,99.97,Weekend,Sunday,Maximum_Load
2.59,0.0,12.02,100.0,21.06,Weekday,Wednesday,Light_Load
46.3,18.11,0.0,93.13,100.0,Weekday,Tuesday,Maximum_Load
2.88,5.69,0.0,45.16,100.0,Weekday,Thursday,Medium_Load
3.28,5.0,0.0,54.85,100.0,Weekday,Monday,Light_Load
5.04,6.16,0.0,63.32,100.0,Weekday,Thursday,Light_Load
146.88,70.49,0.0,90.16,100.0,Weekday,Monday,Maximum_Load
3.24,4.61,0.0,57.5,100.0,Weekday,Wednesday,Light_Load
2.63,5.0,0.0,46.55,100.0,Weekend,Sunday,Light_Load
8.1,1.66,15.55,97.96,46.2,Weekday,Wednesday,Medium_Load
3.67,0.0,18.47,100.0,19.49,Weekend,Saturday,Medium_Load
2.88,5.83,0.0,44.29,100.0,Weekday,Monday,Light_Load
4.57,8.1,0.0,49.14,100.0,Weekday,Tuesday,Light_Load
80.24,53.03,0.0,83.43,100.0,Weekday,Thursday,Light_Load
45.11,15.84,0.0,94.35,100.0,Weekday,Friday,Maximum_Load
4.97,0.0,26.89,100.0,18.17,Weekend,Sunday,Light_Load
3.17,5.18,0.0,52.2,100.0,Weekend,Saturday,Light_Load
86.62,19.87,0.83,97.47,100.0,Weekday,Thursday,Maximum_Load
3.92,6.95,0.0,49.13,100.0,Weekday,Monday,Light_Load
3.24,4.39,0.0,59.38,100.0,Weekday,Wednesday,Light_Load
130.21,55.94,0.0,91.88,100.0,Weekday,Monday,Medium_Load
71.35,55.48,0.0,78.94,100.0,Weekday,Monday,Maximum_Load
3.6,3.24,0.04,74.33,99.99,Weekend,Saturday,Light_Load
3.49,5.15,0.0,56.1,100.0,Weekday,Thursday,Medium_Load
3.46,0.0,12.74,100.0,26.21,Weekend,Sunday,Light_Load
4.61,0.0,18.0,100.0,24.81,Weekend,Saturday,Light_Load
3.6,3.92,0.0,67.64,100.0,Weekday,Monday,Light_Load
2.84,4.18,0.0,56.2,100.0,Weekday,Wednesday,Light_Load
59.11,29.38,0.0,89.55,100.0,Weekday,Monday,Maximum_Load
6.41,0.0,25.6,100.0,24.29,Weekend,Saturday,Medium_Load
86.54,38.16,0.0,91.5,100.0,Weekday,Thursday,Maximum_Load
2.66,4.9,0.0,47.71,100.0,Weekday,Thursday,Light_Load
2.56,5.47,0.0,42.39,100.0,Weekday,Wednesday,Light_Load
4.64,4.46,0.0,72.1,100.0,Weekday,Wednesday,Light_Load
90.25,32.33,0.0,94.14,100.0,Weekday,Monday,Maximum_Load
2.77,5.4,0.0,45.64,100.0,Weekend,Sunday,Light_Load
86.11,38.38,0.0,91.34,100.0,Weekday,Monday,Medium_Load
3.74,0.0,24.84,100.0,14.89,Weekday,Monday,Medium_Load
5.58,0.0,26.28,100.0,20.77,Weekend,Saturday,Light_Load
2.88,6.26,0.0,41.8,100.0,Weekday,Friday,Light_Load
69.8,11.16,0.68,98.75,100.0,Weekday,Thursday,Medium_Load
50.26,29.48,0.0,86.26,100.0,Weekday,Friday,Maximum_Load
3.06,4.25,0.0,58.43,100.0,Weekday,Wednesday,Light_Load
3.2,0.0,17.14,100.0,18.35,Weekend,Sunday,Light_Load
3.67,0.0,17.39,100.0,20.65,Weekend,Saturday,Light_Load
3.49,7.63,0.0,41.6,100.0,Weekend,Saturday,Light_Load
3.38,0.0,19.19,100.0,17.35,Weekend,Saturday,Light_Load
70.45,47.95,0.0,82.67,100.0,Weekday,Tuesday,Maximum_Load
60.77,27.5,0.0,91.11,100.0,Weekend,Saturday,Medium_Load
31.0,0.18,5.29,100.0,98.58,Weekend,Sunday,Maximum_Load
5.44,0.0,26.1,100.0,20.4,Weekday,Tuesday,Medium_Load
2.92,4.39,0.0,55.38,100.0,Weekday,Tuesday,Light_Load
3.56,3.92,0.0,67.23,100.0,Weekday,Friday,Light_Load
4.07,0.0,16.99,100.0,23.3,Weekday,Monday,Medium_Load
3.06,3.6,0.0,64.76,100.0,Weekday,Friday,Light_Load
3.89,0.0,16.16,100.0,23.4,Weekday,Monday,Medium_Load
3.46,0.0,11.16,100.0,29.61,Weekend,Sunday,Light_Load
3.56,3.49,0.0,71.41,100.0,Weekday,Monday,Light_Load
2.56,4.39,0.0,50.37,100.0,Weekend,Sunday,Light_Load
3.53,5.36,0.0,55.0,100.0,Weekday,Wednesday,Light_Load
4.32,4.39,0.0,70.14,100.0,Weekday,Wednesday,Light_Load
2.59,5.65,0.0,41.67,100.0,Weekday,Monday,Light_Load
3.35,3.6,0.0,68.12,100.0,Weekday,Friday,Light_Load
4.0,0.0,16.31,100.0,23.82,Weekend,Sunday,Medium_Load
3.42,5.51,0.0,52.74,100.0,Weekday,Thursday,Light_Load
2.77,5.62,0.0,44.21,100.0,Weekday,Monday,Light_Load
3.02,3.6,0.0,64.27,100.0,Weekday,Thursday,Light_Load
60.73,27.76,0.0,90.95,100.0,Weekday,Wednesday,Maximum_Load
62.5,38.38,0.32,85.22,100.0,Weekday,Monday,Maximum_Load
63.14,25.81,0.0,92.56,100.0,Weekday,Thursday,Light_Load
58.43,36.25,0.0,84.98,100.0,Weekday,Tuesday,Medium_Load
20.63,0.22,14.4,99.99,82.0,Weekend,Saturday,Medium_Load
3.64,4.39,0.0,63.83,100.0,Weekday,Wednesday,Light_Load
5.76,0.0,22.64,100.0,24.66,Weekday,Tuesday,Medium_Load
43.7,30.2,0.0,82.27,100.0,Weekday,Wednesday,Maximum_Load
2.88,4.68,0.0,52.41,100.0,Weekday,Monday,Light_Load
2.74,4.5,0.0,52.01,100.0,Weekday,Wednesday,Light_Load
3.1,3.17,0.0,69.92,100.0,Weekend,Saturday,Light_Load
3.06,3.85,0.0,62.22,100.0,Weekday,Monday,Light_Load
61.06,40.18,0.0,83.54,100.0,Weekday,Monday,Light_Load
134.6,66.24,0.0,89.72,100.0,Weekday,Monday,Maximum_Load
3.6,4.46,0.0,62.81,100.0,Weekday,Wednesday,Light_Load
2.7,5.18,0.0,46.22,100.0,Weekday,Wednesday,Light_Load
2.77,5.62,0.0,44.21,100.0,Weekday,Monday,Light_Load
41.83,15.84,0.0,93.52,100.0,Weekday,Friday,Maximum_Load
3.49,6.19,0.0,49.11,100.0,Weekend,Saturday,Light_Load
4.72,0.0,16.96,100.0,26.81,Weekday,Monday,Medium_Load
2.59,4.28,0.0,51.77,100.0,Weekday,Tuesday,Light_Load
2.84,4.39,0.0,54.32,100.0,Weekday,Monday,Light_Load
3.74,4.61,0.0,63.0,100.0,Weekday,Monday,Light_Load
53.75,30.89,0.0,86.7,100.0,Weekday,Friday,Maximum_Load
3.92,5.65,0.0,57.0,100.0,Weekday,Thursday,Light_Load
2.88,5.11,0.0,49.1,100.0,Weekday,Wednesday,Light_Load
37.51,0.04,4.36,100.0,99.33,Weekday,Friday,Medium_Load
2.66,3.78,0.0,57.55,100.0,Weekday,Tuesday,Light_Load
58.72,34.49,0.0,86.23,100.0,Weekday,Thursday,Maximum_Load
2.74,3.96,0.0,56.9,100.0,Weekend,Sunday,Light_Load
104.72,41.44,0.0,92.98,100.0,Weekday,Friday,Medium_Load
42.88,6.77,6.26,98.78,98.95,Weekday,Monday,Medium_Load
3.49,0.0,18.65,100.0,18.39,Weekend,Sunday,Light_Load
4.61,0.0,15.98,100.0,27.72,Weekday,Monday,Medium_Load
5.76,4.72,0.0,77.35,100.0,Weekday,Tuesday,Light_Load
39.71,29.63,0.0,80.15,100.0,Weekday,Tuesday,Light_Load
2.56,5.36,0.0,43.1,100.0,Weekday,Wednesday,Light_Load
2.81,5.44,0.0,45.89,100.0,Weekday,Wednesday,Medium_Load
77.72,39.6,0.0,89.1,100.0,Weekend,Saturday,Light_Load
2.7,5.08,0.0,46.93,100.0,Weekday,Friday,Light_Load
3.56,4.07,0.0,65.84,100.0,Weekday,Thursday,Light_Load
2.92,4.9,0.0,51.19,100.0,Weekday,Thursday,Light_Load
109.04,69.7,0.0,84.26,100.0,Weekday,Friday,Maximum_Load
68.54,10.15,1.08,98.92,99.99,Weekday,Thursday,Maximum_Load
57.53,25.85,0.0,91.21,100.0,Weekday,Wednesday,Maximum_Load
4.36,0.0,16.42,100.0,25.66,Weekday,Friday,Medium_Load
84.35,26.1,0.0,95.53,100.0,Weekday,Monday,Maximum_Load
36.5,12.89,0.72,94.29,99.98,Weekday,Tuesday,Medium_Load
67.07,36.14,0.0,88.03,100.0,Weekday,Thursday,Maximum_Load
64.22,44.96,0.0,81.92,100.0,Weekday,Wednesday,Maximum_Load
55.94,26.71,0.0,90.24,100.0,Weekday,Friday,Maximum_Load
3.71,3.82,0.0,69.67,100.0,Weekday,Thursday,Light_Load
56.81,35.32,0.0,84.92,100.0,Weekday,Friday,Light_Load
3.46,4.18,0.0,63.76,100.0,Weekend,Sunday,Light_Load
66.38,56.56,0.0,76.12,100.0,Weekday,Tuesday,Light_Load
4.9,7.63,0.0,54.04,100.0,Weekend,Saturday,Light_Load
2.99,4.72,0.0,53.51,100.0,Weekday,Wednesday,Light_Load
2.99,4.68,0.0,53.84,100.0,Weekday,Friday,Light_Load
30.06,3.13,0.61,99.46,99.98,Weekday,Friday,Medium_Load
3.89,3.74,0.0,72.09,100.0,Weekday,Wednesday,Light_Load
2.52,4.64,0.0,47.73,100.0,Weekend,Sunday,Light_Load
5.44,0.0,20.92,100.0,25.17,Weekend,Saturday,Light_Load
75.2,55.33,0.0,80.55,100.0,Weekday,Thursday,Medium_Load
3.02,4.43,0.0,56.33,100.0,Weekday,Wednesday,Light_Load
117.97,41.72,0.0,94.28,100.0,Weekday,Thursday,Medium_Load
60.55,43.06,0.0,81.49,100.0,Weekday,Friday,Light_Load
37.01,8.53,0.47,97.45,99.99,Weekend,Saturday,Maximum_Load
5.0,0.0,26.46,100.0,18.57,Weekend,Sunday,Light_Load
6.37,6.7,0.0,68.9,100.0,Weekday,Thursday,Light_Load
70.2,18.58,0.0,96.67,100.0,Weekday,Thursday,Medium_Load
4.07,0.0,8.71,100.0,42.33,Weekday,Friday,Medium_Load
34.31,8.28,2.3,97.21,99.78,Weekday,Monday,Medium_Load
57.38,25.74,0.0,91.24,100.0,Weekday,Monday,Maximum_Load
77.58,25.49,0.0,95.0,100.0,Weekday,Tuesday,Maximum_Load
2.7,4.07,0.0,55.28,100.0,Weekday,Tuesday,Light_Load
3.02,4.93,0.0,52.24,100.0,Weekday,Thursday,Light_Load
76.46,24.34,4.25,95.29,99.85,Weekday,Wednesday,Medium_Load
3.13,3.56,0.0,66.03,100.0,Weekday,Friday,Light_Load
3.53,3.71,0.0,68.93,100.0,Weekday,Tuesday,Light_Load
4.43,0.0,17.21,100.0,24.93,Weekend,Sunday,Medium_Load
100.3,77.58,0.0,79.1,100.0,Weekday,Thursday,Maximum_Load
2.84,4.39,0.0,54.32,100.0,Weekday,Monday,Light_Load
2.63,4.32,0.0,52.0,100.0,Weekend,Saturday,Light_Load
96.37,50.0,0.0,88.76,100.0,Weekday,Wednesday,Maximum_Load
3.67,4.18,0.0,65.98,100.0,Weekday,Friday,Light_Load
53.71,20.41,0.0,93.48,100.0,Weekday,Wednesday,Maximum_Load
58.03,21.24,0.0,93.91,100.0,Weekday,Thursday,Maximum_Load
3.38,0.0,13.39,100.0,24.47,Weekend,Sunday,Light_Load
5.26,0.0,21.31,100.0,23.96,Weekday,Friday,Medium_Load
38.95,28.58,0.0,80.62,100.0,Weekday,Wednesday,Light_Load
59.69,22.54,0.0,93.55,100.0,Weekday,Monday,Medium_Load
47.74,12.06,0.07,96.95,100.0,Weekday,Wednesday,Medium_Load
60.3,22.14,0.0,93.87,100.0,Weekday,Wednesday,Medium_Load
2.92,5.36,0.0,47.84,100.0,Weekday,Friday,Light_Load
2.92,2.66,0.0,73.93,100.0,Weekend,Saturday,Medium_Load
4.57,4.0,0.0,75.25,100.0,Weekend,Sunday,Maximum_Load
3.64,7.42,0.0,44.04,100.0,Weekday,Friday,Light_Load
2.59,3.67,0.0,57.66,100.0,Weekday,Monday,Light_Load
3.6,5.08,0.0,57.82,100.0,Weekday,Tuesday,Medium_Load
3.56,4.75,0.0,59.97,100.0,Weekend,Sunday,Light_Load
73.51,28.51,0.0,93.23,100.0,Weekday,Thursday,Maximum_Load
59.8,39.24,0.0,83.61,100.0,Weekday,Thursday,Maximum_Load
25.78,2.05,1.26,99.69,99.88,Weekend,Sunday,Maximum_Load
3.02,0.0,11.34,100.0,25.73,Weekend,Sunday,Light_Load
2.92,6.08,0.0,43.29,100.0,Weekend,Saturday,Light_Load
4.1,0.0,24.41,100.0,16.56,Weekend,Saturday,Light_Load
3.38,0.0,16.85,100.0,19.67,Weekend,Sunday,Light_Load
4.1,3.89,0.0,72.54,100.0,Weekend,Saturday,Light_Load
52.31,33.62,0.0,84.12,100.0,Weekday,Friday,Medium_Load
3.38,3.06,0.0,74.13,100.0,Weekend,Saturday,Light_Load
94.18,24.84,0.0,96.69,100.0,Weekend,Saturday,Maximum_Load
119.66,54.07,0.0,91.13,100.0,Weekday,Thursday,Maximum_Load
2.95,4.32,0.0,56.39,100.0,Weekend,Sunday,Light_Load
37.73,6.91,0.0,98.36,100.0,Weekend,Saturday,Medium_Load
2.99,6.48,0.0,41.9,100.0,Weekend,Sunday,Light_Load
39.49,29.7,0.0,79.92,100.0,Weekday,Monday,Light_Load
3.13,0.0,17.14,100.0,17.96,Weekend,Saturday,Light_Load
53.68,15.91,0.0,95.88,100.0,Weekday,Tuesday,Maximum_Load
5.36,6.19,0.0,65.46,100.0,Weekday,Wednesday,Maximum_Load
3.1,5.65,0.0,48.1,100.0,Weekday,Thursday,Light_Load
38.12,1.26,0.97,99.95,99.97,Weekend,Saturday,Medium_Load
2.59,0.0,7.09,100.0,34.31,Weekend,Sunday,Light_Load
100.26,33.44,0.0,94.86,100.0,Weekday,Friday,Medium_Load
2.81,0.0,13.79,100.0,19.97,Weekend,Sunday,Light_Load
77.29,28.33,0.0,93.89,100.0,Weekday,Tuesday,Medium_Load
3.89,6.8,0.0,49.66,100.0,Weekend,Saturday,Maximum_Load
4.5,5.47,0.0,63.53,100.0,Weekday,Tuesday,Light_Load
3.56,3.89,0.0,67.51,100.0,Weekday,Thursday,Light_Load
20.66,0.65,13.72,99.95,83.3,Weekday,Thursday,Medium_Load
2.59,3.67,0.0,57.66,100.0,Weekend,Sunday,Light_Load
25.6,11.05,0.0,91.81,100.0,Weekend,Saturday,Medium_Load
4.18,4.72,0.0,66.3,100.0,Weekday,Friday,Light_Load
3.42,0.0,15.01,100.0,22.22,Weekday,Thursday,Light_Load
126.43,56.84,0.0,91.21,100.0,Weekday,Monday,Medium_Load
46.19,19.37,0.0,92.22,100.0,Weekday,Wednesday,Maximum_Load
3.89,3.2,0.0,77.23,100.0,Weekday,Monday,Light_Load
54.5,34.13,0.0,84.75,100.0,Weekday,Thursday,Medium_Load
5.18,0.0,26.64,100.0,19.09,Weekday,Thursday,Medium_Load
68.22,36.86,0.0,87.98,100.0,Weekday,Thursday,Medium_Load
58.86,18.58,1.37,95.36,99.97,Weekday,Wednesday,Medium_Load
40.14,11.88,0.94,95.89,99.97,Weekend,Saturday,Maximum_Load
3.67,0.0,17.32,100.0,20.73,Weekday,Monday,Light_Load
4.14,3.2,0.22,79.12,99.86,Weekday,Tuesday,Light_Load
3.46,0.0,17.86,100.0,19.02,Weekend,Saturday,Medium_Load
3.17,0.0,16.96,100.0,18.37,Weekend,Sunday,Light_Load
5.58,0.0,26.39,100.0,20.69,Weekday,Tuesday,Medium_Load
2.84,0.0,4.75,100.0,51.32,Weekday,Wednesday,Medium_Load
3.71,5.54,0.0,55.64,100.0,Weekday,Monday,Medium_Load
61.16,22.75,0.0,93.73,100.0,Weekday,Thursday,Maximum_Load
3.74,0.0,22.46,100.0,16.43,Weekday,Wednesday,Medium_Load
2.66,4.86,0.0,48.01,100.0,Weekend,Sunday,Light_Load
2.59,5.72,0.0,41.25,100.0,Weekday,Tuesday,Light_Load
153.14,70.45,0.0,90.85,100.0,Weekday,Monday,Medium_Load
3.35,4.75,0.0,57.63,100.0,Weekday,Wednesday,Light_Load
28.12,0.0,10.26,100.0,93.94,Weekend,Sunday,Medium_Load
2.95,4.72,0.0,53.0,100.0,Weekday,Monday,Light_Load
3.1,3.67,0.0,64.53,100.0,Weekend,Sunday,Light_Load
2.99,5.0,0.0,51.32,100.0,Weekday,Thursday,Light_Load
4.86,4.68,0.0,72.03,100.0,Weekday,Tuesday,Medium_Load
76.68,40.64,0.0,88.36,100.0,Weekday,Wednesday,Maximum_Load
2.59,3.74,0.0,56.93,100.0,Weekday,Friday,Light_Load
79.56,44.28,0.0,87.38,100.0,Weekday,Wednesday,Maximum_Load
48.02,13.21,0.0,96.42,100.0,Weekday,Friday,Medium_Load
3.02,3.53,0.0,65.01,100.0,Weekday,Thursday,Light_Load
3.42,4.03,0.0,64.7,100.0,Weekday,Tuesday,Light_Load
80.78,37.73,0.0,90.6,100.0,Weekday,Wednesday,Maximum_Load
3.02,0.0,16.74,100.0,17.75,Weekend,Sunday,Light_Load
90.61,48.46,0.0,88.18,100.0,Weekday,Monday,Light_Load
57.67,25.02,0.0,91.74,100.0,Weekday,Tuesday,Maximum_Load
26.89,6.62,5.15,97.1,98.21,Weekend,Saturday,Maximum_Load
4.61,4.39,0.0,72.42,100.0,Weekend,Saturday,Maximum_Load
2.84,0.0,11.59,100.0,23.8,Weekend,Sunday,Light_Load
3.71,0.0,21.89,100.0,16.71,Weekend,Sunday,Light_Load
2.56,4.93,0.0,46.08,100.0,Weekday,Monday,Light_Load
48.17,17.42,0.0,94.04,100.0,Weekday,Tuesday,Maximum_Load
4.43,0.0,26.39,100.0,16.56,Weekend,Saturday,Light_Load
2.77,5.22,0.0,46.87,100.0,Weekday,Thursday,Light_Load
59.51,28.55,0.0,90.16,100.0,Weekday,Thursday,Medium_Load
95.0,46.33,0.0,89.88,100.0,Weekday,Wednesday,Light_Load
132.3,70.06,0.0,88.37,100.0,Weekend,Saturday,Medium_Load
39.78,0.79,1.73,99.98,99.91,Weekday,Wednesday,Medium_Load
53.06,12.1,0.11,97.5,100.0,Weekday,Friday,Medium_Load
3.71,1.51,5.47,92.62,56.13,Weekday,Thursday,Medium_Load
47.88,7.92,0.04,98.66,100.0,Weekday,Wednesday,Maximum_Load
45.32,18.72,0.0,92.43,100.0,Weekday,Monday,Maximum_Load
2.84,3.89,0.0,58.97,100.0,Weekday,Wednesday,Light_Load
98.35,39.02,0.0,92.95,100.0,Weekday,Friday,Maximum_Load
3.06,3.53,0.0,65.5,100.0,Weekend,Saturday,Medium_Load
27.68,0.4,2.38,99.99,99.63,Weekend,Saturday,Medium_Load
2.84,5.94,0.0,43.13,100.0,Weekend,Saturday,Light_Load
3.1,5.54,0.0,48.83,100.0,Weekday,Friday,Light_Load
4.28,6.88,0.0,52.82,100.0,Weekday,Thursday,Medium_Load
3.49,0.0,18.32,100.0,18.71,Weekday,Thursday,Medium_Load
4.46,3.49,0.04,78.75,100.0,Weekday,Friday,Light_Load
55.8,16.42,0.0,95.93,100.0,Weekday,Wednesday,Medium_Load
3.64,5.0,0.0,58.86,100.0,Weekday,Wednesday,Light_Load
3.17,5.98,0.0,46.84,100.0,Weekday,Wednesday,Light_Load
3.06,4.46,0.0,56.57,100.0,Weekday,Friday,Light_Load
3.06,5.87,0.0,46.23,100.0,Weekend,Sunday,Light_Load
62.53,34.92,0.0,87.31,100.0,Weekday,Monday,Medium_Load
4.64,5.83,0.0,62.27,100.0,Weekday,Tuesday,Light_Load
3.06,3.53,0.0,65.5,100.0,Weekend,Sunday,Light_Load
2.7,4.36,0.0,52.65,100.0,Weekend,Saturday,Light_Load
3.38,4.1,0.0,63.61,100.0,Weekend,Saturday,Light_Load
3.96,0.0,23.58,100.0,16.56,Weekday,Thursday,Medium_Load
79.02,33.05,0.0,92.26,100.0,Weekday,Wednesday,Maximum_Load
16.24,0.0,18.76,100.0,65.45,Weekday,Friday,Medium_Load
4.82,6.37,0.0,60.34,100.0,Weekday,Thursday,Maximum_Load
3.56,3.67,0.0,69.63,100.0,Weekday,Friday,Light_Load
36.65,7.02,0.9,98.21,99.97,Weekend,Saturday,Maximum_Load
42.66,27.0,0.0,84.5,100.0,Weekday,Monday,Medium_Load
4.18,0.0,25.24,100.0,16.34,Weekday,Tuesday,Medium_Load
3.06,5.36,0.0,49.58,100.0,Weekday,Friday,Light_Load
2.63,4.82,0.0,47.9,100.0,Weekday,Monday,Light_Load
42.55,8.17,0.0,98.21,100.0,Weekday,Thursday,Maximum_Load
3.67,3.71,0.0,70.33,100.0,Weekday,Thursday,Light_Load
58.86,25.38,0.0,91.83,100.0,Weekday,Monday,Light_Load
58.54,29.23,0.0,89.47,100.0,Weekday,Thursday,Maximum_Load
3.46,6.59,0.0,46.49,100.0,Weekday,Tuesday,Light_Load
4.64,8.96,0.0,45.99,100.0,Weekday,Thursday,Light_Load
2.88,5.18,0.0,48.59,100.0,Weekday,Friday,Light_Load
3.6,5.29,0.0,56.26,100.0,Weekday,Thursday,Light_Load
4.21,0.0,23.8,100.0,17.42,Weekend,Sunday,Light_Load
60.12,45.65,0.0,79.64,100.0,Weekday,Monday,Maximum_Load
40.03,30.24,0.0,79.79,100.0,Weekend,Sunday,Light_Load
3.67,3.96,0.0,67.97,100.0,Weekday,Tuesday,Light_Load
3.1,0.0,16.92,100.0,18.02,Weekday,Tuesday,Light_Load
54.72,42.95,0.0,78.66,100.0,Weekday,Wednesday,Light_Load
87.52,36.47,0.0,92.31,100.0,Weekday,Monday,Medium_Load
2.74,4.86,0.0,49.11,100.0,Weekday,Thursday,Light_Load
3.13,4.14,0.0,60.31,100.0,Weekday,Friday,Light_Load
2.99,0.0,11.2,100.0,25.79,Weekend,Saturday,Medium_Load
51.37,28.15,0.0,87.7,100.0,Weekday,Monday,Maximum_Load
141.66,60.01,0.0,92.08,100.0,Weekday,Thursday,Maximum_Load
2.99,0.0,17.14,100.0,17.19,Weekend,Sunday,Light_Load
3.06,3.96,0.0,61.14,100.0,Weekend,Sunday,Light_Load
51.34,27.14,0.0,88.41,100.0,Weekday,Friday,Medium_Load
3.6,6.37,0.0,49.2,100.0,Weekday,Tuesday,Light_Load
124.27,59.11,0.0,90.3,100.0,Weekday,Tuesday,Medium_Load
3.17,0.0,10.58,100.0,28.7,Weekend,Sunday,Light_Load
3.06,4.61,0.0,55.3,100.0,Weekday,Thursday,Light_Load
2.74,0.0,11.88,100.0,22.47,Weekend,Sunday,Light_Load
73.69,25.99,0.0,94.31,100.0,Weekday,Tuesday,Maximum_Load
3.31,4.1,0.0,62.82,100.0,Weekday,Monday,Light_Load
3.35,0.0,6.44,100.0,46.15,Weekend,Saturday,Medium_Load
32.15,10.58,0.0,94.99,100.0,Weekday,Tuesday,Medium_Load
49.21,13.43,0.0,96.47,100.0,Weekday,Tuesday,Medium_Load
92.41,65.66,0.0,81.52,100.0,Weekday,Monday,Light_Load
110.09,73.3,0.0,83.24,100.0,Weekday,Wednesday,Maximum_Load
94.61,58.9,0.0,84.89,100.0,Weekday,Wednesday,Light_Load
87.3,59.51,0.0,82.63,100.0,Weekday,Monday,Light_Load
5.94,5.65,0.0,72.46,100.0,Weekday,Tuesday,Light_Load
18.76,16.81,0.0,74.48,100.0,Weekend,Sunday,Light_Load
8.21,0.0,26.21,100.0,29.89,Weekday,Wednesday,Medium_Load
2.63,4.43,0.0,51.05,100.0,Weekday,Tuesday,Light_Load
71.64,20.59,0.0,96.11,100.0,Weekday,Monday,Medium_Load
68.87,43.06,0.0,84.79,100.0,Weekday,Monday,Medium_Load
52.06,19.22,0.0,93.81,100.0,Weekday,Wednesday,Maximum_Load
3.1,5.18,0.0,51.35,100.0,Weekend,Saturday,Light_Load
63.5,25.09,0.0,93.0,100.0,Weekday,Tuesday,Maximum_Load
3.78,5.29,0.0,58.14,100.0,Weekend,Saturday,Light_Load
52.16,23.94,0.0,90.88,100.0,Weekday,Wednesday,Maximum_Load
2.52,4.5,0.0,48.86,100.0,Weekend,Saturday,Light_Load
2.92,4.72,0.0,52.61,100.0,Weekday,Wednesday,Light_Load
2.74,5.18,0.0,46.76,100.0,Weekday,Friday,Light_Load
4.28,0.0,23.29,100.0,18.07,Weekday,Thursday,Medium_Load
2.88,4.39,0.0,54.85,100.0,Weekday,Monday,Light_Load
3.82,0.0,25.74,100.0,14.68,Weekend,Saturday,Medium_Load
62.35,20.27,0.0,95.1,100.0,Weekday,Friday,Maximum_Load
2.84,0.0,11.74,100.0,23.51,Weekend,Sunday,Light_Load
3.02,0.0,13.32,100.0,22.11,Weekday,Wednesday,Medium_Load
106.74,42.84,0.0,92.8,100.0,Weekday,Friday,Maximum_Load
40.03,8.64,0.0,97.75,100.0,Weekday,Friday,Medium_Load
5.9,0.0,17.86,100.0,31.37,Weekday,Tuesday,Medium_Load
3.82,4.72,0.0,62.91,100.0,Weekday,Tuesday,Light_Load
106.49,69.55,0.0,83.73,100.0,Weekday,Thursday,Light_Load
3.71,3.1,0.14,76.74,99.93,Weekend,Saturday,Light_Load
3.35,0.0,21.89,100.0,15.13,Weekend,Saturday,Light_Load
3.6,0.0,3.89,100.0,67.92,Weekday,Friday,Medium_Load
3.49,2.52,0.0,81.07,100.0,Weekday,Monday,Light_Load
21.89,13.18,0.32,85.67,99.99,Weekday,Monday,Light_Load
2.77,4.5,0.0,52.42,100.0,Weekday,Monday,Medium_Load
2.59,0.0,8.17,100.0,30.22,Weekday,Wednesday,Light_Load
10.37,0.22,11.88,99.98,65.76,Weekend,Sunday,Light_Load
3.71,0.0,16.78,100.0,21.59,Weekday,Monday,Medium_Load
77.87,22.93,0.0,95.93,100.0,Weekday,Friday,Medium_Load
2.77,5.08,0.0,47.87,100.0,Weekend,Sunday,Medium_Load
2.66,5.47,0.0,43.73,100.0,Weekday,Wednesday,Light_Load
90.79,46.69,0.0,88.93,100.0,Weekday,Tuesday,Maximum_Load
44.71,13.1,0.0,95.97,100.0,Weekday,Friday,Medium_Load
45.18,22.54,0.0,89.48,100.0,Weekday,Friday,Maximum_Load
2.77,4.57,0.0,51.83,100.0,Weekday,Tuesday,Light_Load
80.21,37.01,0.0,90.8,100.0,Weekday,Thursday,Medium_Load
89.71,38.41,0.0,91.93,100.0,Weekend,Saturday,Maximum_Load
2.99,0.0,16.92,100.0,17.4,Weekend,Sunday,Light_Load
3.02,3.06,0.0,70.24,100.0,Weekend,Sunday,Light_Load
4.03,0.0,17.1,100.0,22.94,Weekend,Sunday,Medium_Load
3.56,3.42,0.0,72.11,100.0,Weekday,Friday,Light_Load
41.26,1.33,1.08,99.95,99.97,Weekday,Wednesday,Medium_Load
49.79,12.42,0.0,97.03,100.0,Weekday,Monday,Medium_Load
52.99,21.02,0.0,92.95,100.0,Weekday,Thursday,Maximum_Load
41.11,0.43,1.94,99.99,99.89,Weekday,Tuesday,Medium_Load
3.6,6.55,0.0,48.17,100.0,Weekday,Thursday,Light_Load
5.18,0.0,17.14,100.0,28.93,Weekday,Friday,Medium_Load
3.82,2.56,0.4,83.07,99.46,Weekday,Friday,Light_Load
2.74,4.9,0.0,48.81,100.0,Weekend,Sunday,Light_Load
53.35,27.54,0.0,88.86,100.0,Weekday,Wednesday,Medium_Load
29.92,0.54,4.97,99.98,98.65,Weekday,Tuesday,Medium_Load
45.54,17.17,0.04,93.57,100.0,Weekday,Friday,Medium_Load
2.95,4.54,0.0,54.49,100.0,Weekday,Monday,Light_Load
3.1,5.22,0.0,51.06,100.0,Weekend,Saturday,Light_Load
103.79,43.02,0.0,92.38,100.0,Weekday,Monday,Maximum_Load
3.02,2.16,0.11,81.34,99.93,Weekday,Monday,Light_Load
3.64,6.8,0.0,47.19,100.0,Weekday,Monday,Light_Load
3.31,2.41,0.0,80.84,100.0,Weekend,Sunday,Light_Load
2.7,5.04,0.0,47.22,100.0,Weekday,Wednesday,Light_Load
3.02,4.57,0.0,55.13,100.0,Weekday,Wednesday,Light_Load
3.06,3.71,0.0,63.63,100.0,Weekend,Sunday,Light_Load
71.53,37.76,0.0,88.43,100.0,Weekend,Saturday,Maximum_Load
47.23,12.06,0.04,96.89,100.0,Weekday,Tuesday,Medium_Load
2.74,5.0,0.0,48.06,100.0,Weekend,Sunday,Light_Load
3.46,3.38,0.0,71.53,100.0,Weekday,Friday,Medium_Load
3.82,6.34,0.0,51.61,100.0,Weekday,Thursday,Light_Load
2.84,6.16,0.0,41.87,100.0,Weekday,Friday,Light_Load
5.08,5.65,0.0,66.86,100.0,Weekday,Thursday,Light_Load
4.61,4.39,0.0,72.42,100.0,Weekday,Wednesday,Light_Load
3.2,5.36,0.0,51.26,100.0,Weekend,Saturday,Light_Load
3.92,5.22,0.0,60.05,100.0,Weekday,Wednesday,Light_Load
3.46,4.07,0.0,64.77,100.0,Weekday,Monday,Medium_Load
49.54,51.23,0.0,69.52,100.0,Weekday,Tuesday,Light_Load
2.95,5.54,0.0,47.0,100.0,Weekend,Saturday,Light_Load
2.92,3.28,0.0,66.49,100.0,Weekend,Saturday,Light_Load
3.28,3.78,0.0,65.54,100.0,Weekday,Wednesday,Light_Load
3.06,0.0,16.24,100.0,18.52,Weekend,Sunday,Light_Load
53.35,41.15,0.0,79.18,100.0,Weekday,Monday,Light_Load
83.48,39.89,0.0,90.23,100.0,Weekday,Monday,Maximum_Load
3.53,6.08,0.0,50.21,100.0,Weekend,Saturday,Light_Load
64.19,35.78,0.0,87.35,100.0,Weekday,Friday,Maximum_Load
3.06,0.0,14.4,100.0,20.79,Weekend,Sunday,Light_Load
4.03,0.0,18.76,100.0,21.0,Weekend,Sunday,Light_Load
3.64,0.0,14.0,100.0,25.16,Weekend,Sunday,Light_Load
3.6,4.18,0.0,65.26,100.0,Weekday,Wednesday,Light_Load
2.99,1.08,3.17,94.05,68.62,Weekend,Sunday,Medium_Load
116.6,56.52,0.0,89.99,100.0,Weekday,Thursday,Medium_Load
3.85,7.49,0.0,45.72,100.0,Weekday,Friday,Light_Load
2.84,5.22,0.0,47.79,100.0,Weekday,Monday,Light_Load
2.95,0.0,3.92,100.0,60.13,Weekday,Tuesday,Light_Load
3.89,2.7,0.29,82.15,99.72,Weekday,Friday,Light_Load
71.24,42.55,0.0,85.85,100.0,Weekday,Thursday,Maximum_Load
50.62,21.67,0.0,91.93,100.0,Weekend,Saturday,Maximum_Load
38.23,0.9,2.41,99.97,99.8,Weekend,Saturday,Medium_Load
3.53,4.14,0.0,64.88,100.0,Weekday,Friday,Light_Load
3.67,4.07,0.0,66.97,100.0,Weekday,Thursday,Light_Load
3.53,5.9,0.0,51.34,100.0,Weekday,Tuesday,Light_Load
4.64,2.41,0.07,88.74,99.99,Weekday,Friday,Light_Load
74.63,36.07,0.0,90.04,100.0,Weekday,Tuesday,Maximum_Load
3.74,0.0,25.13,100.0,14.72,Weekend,Saturday,Medium_Load
3.89,5.29,0.0,59.24,100.0,Weekday,Friday,Light_Load
2.66,4.82,0.0,48.32,100.0,Weekend,Sunday,Light_Load
3.02,5.87,0.0,45.75,100.0,Weekend,Saturday,Light_Load
48.35,9.04,0.0,98.3,100.0,Weekday,Tuesday,Maximum_Load
51.88,22.18,0.0,91.95,100.0,Weekday,Friday,Medium_Load
4.9,1.98,15.08,92.72,30.9,Weekday,Wednesday,Maximum_Load
3.24,0.0,17.71,100.0,18.0,Weekend,Sunday,Light_Load
45.07,33.8,0.0,80.0,100.0,Weekday,Friday,Maximum_Load
3.17,4.18,0.0,60.43,100.0,Weekend,Sunday,Light_Load
2.95,5.26,0.0,48.92,100.0,Weekend,Saturday,Light_Load
4.57,0.0,11.45,100.0,37.07,Weekend,Saturday,Medium_Load
3.24,0.0,16.27,100.0,19.53,Weekday,Tuesday,Light_Load
4.1,5.44,0.0,60.19,100.0,Weekday,Thursday,Light_Load
2.95,5.44,0.0,47.67,100.0,Weekday,Monday,Light_Load
3.67,4.79,0.0,60.82,100.0,Weekday,Thursday,Light_Load
3.31,5.11,0.0,54.37,100.0,Weekday,Monday,Light_Load
101.2,63.22,0.0,84.81,100.0,Weekday,Monday,Maximum_Load
4.46,4.39,0.0,71.27,100.0,Weekday,Monday,Light_Load
3.42,4.46,0.0,60.85,100.0,Weekday,Tuesday,Light_Load
2.95,6.26,0.0,42.63,100.0,Weekday,Friday,Light_Load
2.56,5.04,0.0,45.29,100.0,Weekday,Monday,Light_Load
4.64,3.64,0.04,78.68,100.0,Weekday,Monday,Light_Load
119.34,52.81,0.0,91.45,100.0,Weekday,Thursday,Medium_Load
3.06,4.18,0.0,59.07,100.0,Weekday,Monday,Light_Load
3.28,0.0,16.78,100.0,19.18,Weekend,Sunday,Light_Load
2.84,4.5,0.0,53.37,100.0,Weekend,Sunday,Light_Load
3.2,4.57,0.0,57.36,100.0,Weekend,Saturday,Light_Load
3.24,5.15,0.0,53.25,100.0,Weekday,Wednesday,Light_Load
118.66,69.26,0.0,86.36,100.0,Weekday,Friday,Light_Load
55.4,37.94,0.0,82.51,100.0,Weekday,Wednesday,Maximum_Load
27.86,0.0,10.8,100.0,93.24,Weekend,Sunday,Maximum_Load
4.93,0.0,23.51,100.0,20.52,Weekday,Monday,Medium_Load
24.23,0.76,2.09,99.95,99.63,Weekend,Saturday,Medium_Load
4.5,4.64,0.0,69.62,100.0,Weekday,Monday,Light_Load
4.61,5.54,0.0,63.96,100.0,Weekday,Tuesday,Light_Load
50.87,11.7,0.18,97.46,100.0,Weekday,Friday,Maximum_Load
45.22,15.7,0.0,94.47,100.0,Weekday,Wednesday,Medium_Load
3.67,0.0,12.46,100.0,28.25,Weekday,Tuesday,Medium_Load
76.28,4.1,0.61,99.86,100.0,Weekend,Saturday,Maximum_Load
3.82,4.5,0.0,64.72,100.0,Weekday,Wednesday,Light_Load
21.13,19.3,0.0,73.84,100.0,Weekend,Sunday,Light_Load
3.85,2.74,0.36,81.47,99.57,Weekday,Tuesday,Light_Load
2.95,5.76,0.0,45.58,100.0,Weekday,Thursday,Light_Load
3.13,0.0,16.92,100.0,18.19,Weekend,Sunday,Light_Load
3.64,4.1,0.0,66.39,100.0,Weekday,Tuesday,Light_Load
6.23,0.0,20.84,100.0,28.64,Weekday,Monday,Medium_Load
4.18,5.29,0.0,62.0,100.0,Weekday,Wednesday,Light_Load
3.13,0.0,15.59,100.0,19.68,Weekend,Sunday,Light_Load
39.13,13.0,0.0,94.9,100.0,Weekday,Monday,Maximum_Load
3.56,4.1,0.0,65.56,100.0,Weekday,Tuesday,Light_Load
49.75,20.92,0.0,92.18,100.0,Weekday,Monday,Maximum_Load
3.02,3.89,0.0,61.32,100.0,Weekend,Saturday,Light_Load
3.1,3.42,0.0,67.16,100.0,Weekday,Monday,Light_Load
2.99,3.53,0.0,64.63,100.0,Weekend,Sunday,Light_Load
52.88,28.12,0.0,88.29,100.0,Weekday,Monday,Maximum_Load
40.46,11.34,0.0,96.29,100.0,Weekday,Thursday,Maximum_Load
32.47,0.0,10.87,100.0,94.83,Weekend,Saturday,Medium_Load
3.89,0.0,16.02,100.0,23.6,Weekday,Thursday,Medium_Load
60.62,27.47,0.0,91.08,100.0,Weekday,Monday,Maximum_Load
3.46,5.18,0.0,55.54,100.0,Weekday,Wednesday,Light_Load
2.92,4.68,0.0,52.93,100.0,Weekday,Tuesday,Light_Load
59.0,45.86,0.0,78.95,100.0,Weekday,Monday,Light_Load
6.44,0.0,17.42,100.0,34.68,Weekday,Thursday,Medium_Load
4.93,3.85,0.0,78.81,100.0,Weekday,Friday,Light_Load
117.47,56.16,0.0,90.22,100.0,Weekday,Tuesday,Light_Load
90.25,49.75,0.0,87.58,100.0,Weekday,Tuesday,Maximum_Load
3.2,5.83,0.0,48.12,100.0,Weekday,Friday,Light_Load
4.86,1.76,15.44,94.02,30.02,Weekend,Saturday,Maximum_Load
31.21,0.0,6.77,100.0,97.73,Weekday,Friday,Medium_Load
3.02,5.22,0.0,50.08,100.0,Weekday,Tuesday,Light_Load
13.03,9.47,0.0,80.89,100.0,Weekday,Wednesday,Light_Load
92.05,26.14,0.0,96.2,100.0,Weekend,Sunday,Medium_Load
3.53,4.25,0.0,63.89,100.0,Weekday,Thursday,Light_Load
4.97,4.18,0.0,76.53,100.0,Weekday,Tuesday,Maximum_Load
3.89,4.9,0.0,62.18,100.0,Weekday,Friday,Light_Load
50.62,15.34,0.0,95.7,100.0,Weekday,Tuesday,Medium_Load
4.1,0.0,25.92,100.0,15.62,Weekend,Sunday,Medium_Load
4.39,0.0,17.06,100.0,24.92,Weekday,Wednesday,Medium_Load
2.95,0.0,12.02,100.0,23.84,Weekend,Sunday,Light_Load
4.25,0.0,19.55,100.0,21.24,Weekend,Saturday,Medium_Load
2.81,5.54,0.0,45.24,100.0,Weekday,Friday,Light_Load
4.93,0.0,18.07,100.0,26.32,Weekend,Saturday,Medium_Load
3.82,3.92,0.29,69.79,99.71,Weekend,Saturday,Maximum_Load
63.58,62.42,0.0,71.36,100.0,Weekday,Friday,Light_Load
3.2,3.17,0.0,71.04,100.0,Weekday,Friday,Light_Load
61.85,30.17,0.0,89.88,100.0,Weekday,Friday,Maximum_Load
42.84,13.9,0.0,95.12,100.0,Weekday,Tuesday,Maximum_Load
3.49,0.0,16.81,100.0,20.33,Weekday,Friday,Light_Load
4.9,1.62,14.98,94.95,31.09,Weekday,Friday,Medium_Load
3.96,3.74,0.0,72.7,100.0,Weekday,Wednesday,Light_Load
4.28,0.0,25.42,100.0,16.6,Weekday,Thursday,Medium_Load
3.74,7.34,0.0,45.4,100.0,Weekend,Saturday,Light_Load
53.64,32.69,0.0,85.39,100.0,Weekday,Tuesday,Maximum_Load
71.71,14.65,2.56,97.98,99.94,Weekday,Thursday,Medium_Load
2.81,4.54,0.0,52.63,100.0,Weekend,Saturday,Light_Load
2.56,4.0,0.0,53.91,100.0,Weekend,Saturday,Light_Load
38.84,3.31,0.4,99.64,99.99,Weekday,Wednesday,Maximum_Load
3.38,4.54,0.0,59.72,100.0,Weekday,Friday,Light_Load
4.25,0.0,18.07,100.0,22.89,Weekend,Sunday,Medium_Load
7.38,0.0,25.34,100.0,27.96,Weekday,Tuesday,Medium_Load
3.28,5.4,0.0,51.91,100.0,Weekday,Monday,Light_Load
41.33,12.53,0.11,95.7,100.0,Weekday,Tuesday,Medium_Load
52.88,29.16,0.0,87.57,100.0,Weekday,Friday,Maximum_Load
2.99,0.0,17.35,100.0,16.98,Weekend,Saturday,Light_Load
2.81,4.1,0.0,56.53,100.0,Weekday,Monday,Light_Load
72.36,29.41,0.0,92.64,100.0,Weekend,Saturday,Maximum_Load
3.38,3.28,0.0,71.76,100.0,Weekend,Saturday,Light_Load
93.53,66.1,0.0,81.66,100.0,Weekday,Thursday,Light_Load
2.84,4.57,0.0,52.78,100.0,Weekday,Monday,Light_Load
117.4,62.35,0.0,88.32,100.0,Weekday,Tuesday,Maximum_Load
3.13,4.36,0.0,58.32,100.0,Weekday,Thursday,Light_Load
5.44,0.0,21.17,100.0,24.89,Weekday,Friday,Medium_Load
2.74,4.21,0.0,54.55,100.0,Weekday,Wednesday,Light_Load
66.71,31.0,0.0,90.69,100.0,Weekday,Monday,Medium_Load
3.28,0.0,17.42,100.0,18.5,Weekend,Sunday,Light_Load
3.2,2.23,0.54,82.04,98.61,Weekend,Sunday,Light_Load
41.11,0.65,1.66,99.99,99.92,Weekday,Friday,Medium_Load
3.67,0.0,11.77,100.0,29.77,Weekend,Saturday,Medium_Load
97.52,33.01,0.0,94.72,100.0,Weekday,Friday,Medium_Load
2.88,3.74,0.0,61.01,100.0,Weekend,Saturday,Light_Load
70.7,61.38,0.0,75.51,100.0,Weekday,Monday,Maximum_Load
44.78,16.96,0.0,93.52,100.0,Weekday,Tuesday,Maximum_Load
2.7,4.25,0.4,53.62,98.92,Weekend,Sunday,Light_Load
55.76,33.01,0.0,86.05,100.0,Weekday,Friday,Medium_Load
3.82,4.86,0.0,61.8,100.0,Weekend,Sunday,Light_Load
24.12,5.33,5.44,97.64,97.55,Weekend,Saturday,Maximum_Load
3.46,0.0,17.1,100.0,19.83,Weekend,Sunday,Light_Load
63.18,45.9,0.0,80.9,100.0,Weekday,Thursday,Light_Load
2.81,4.79,0.0,50.6,100.0,Weekend,Sunday,Light_Load
2.84,4.39,0.0,54.32,100.0,Weekday,Monday,Light_Load
56.84,44.35,0.0,78.84,100.0,Weekday,Monday,Light_Load
5.26,0.0,22.32,100.0,22.94,Weekday,Thursday,Medium_Load
2.63,4.97,0.0,46.77,100.0,Weekend,Sunday,Light_Load
95.83,67.61,0.0,81.71,100.0,Weekday,Monday,Light_Load
5.15,3.02,0.0,86.26,100.0,Weekday,Friday,Maximum_Load
115.24,60.62,0.0,88.5,100.0,Weekday,Thursday,Maximum_Load
3.89,3.24,0.14,76.84,99.94,Weekday,Friday,Light_Load
2.95,5.54,0.0,47.0,100.0,Weekday,Tuesday,Light_Load
89.46,24.73,0.0,96.39,100.0,Weekend,Sunday,Medium_Load
3.06,4.32,0.0,57.8,100.0,Weekday,Wednesday,Light_Load
2.77,0.0,5.04,100.0,48.17,Weekday,Wednesday,Light_Load
122.76,61.49,0.0,89.41,100.0,Weekday,Wednesday,Maximum_Load
3.38,4.54,0.0,59.72,100.0,Weekday,Monday,Light_Load
56.02,21.71,0.0,93.24,100.0,Weekday,Friday,Maximum_Load
57.2,9.76,0.0,98.58,100.0,Weekday,Thursday,Maximum_Load
32.51,13.39,6.77,92.46,97.9,Weekday,Tuesday,Medium_Load
68.76,28.73,0.0,92.27,100.0,Weekday,Friday,Maximum_Load
4.1,0.0,21.67,100.0,18.59,Weekday,Monday,Maximum_Load
3.06,3.82,0.0,62.52,100.0,Weekend,Sunday,Light_Load
2.95,4.39,0.0,55.78,100.0,Weekday,Monday,Light_Load
91.73,34.42,0.0,93.63,100.0,Weekday,Monday,Medium_Load
4.14,0.0,21.78,100.0,18.67,Weekday,Thursday,Medium_Load
25.96,0.04,7.88,100.0,95.69,Weekday,Tuesday,Medium_Load
3.2,4.07,0.0,61.81,100.0,Weekday,Monday,Light_Load
7.38,3.53,0.04,90.21,100.0,Weekday,Thursday,Light_Load
57.74,23.18,0.0,92.8,100.0,Weekday,Tuesday,Maximum_Load
3.35,5.51,0.0,51.95,100.0,Weekday,Tuesday,Light_Load
56.7,25.52,0.0,91.19,100.0,Weekday,Thursday,Maximum_Load
48.67,16.27,0.0,94.84,100.0,Weekday,Monday,Maximum_Load
4.18,0.0,20.2,100.0,20.26,Weekday,Tuesday,Light_Load
101.48,58.57,0.0,86.61,100.0,Weekday,Monday,Maximum_Load
4.61,4.46,0.0,71.87,100.0,Weekday,Monday,Light_Load
3.89,3.49,0.04,74.43,99.99,Weekday,Tuesday,Light_Load
43.2,20.2,0.0,90.59,100.0,Weekday,Friday,Medium_Load
38.41,0.18,3.31,100.0,99.63,Weekend,Saturday,Medium_Load
2.88,0.0,4.54,100.0,53.57,Weekday,Friday,Light_Load
58.79,21.13,0.0,94.11,100.0,Weekday,Friday,Medium_Load
39.28,23.94,0.0,85.39,100.0,Weekday,Friday,Light_Load
2.74,4.68,0.0,50.52,100.0,Weekend,Sunday,Light_Load
108.68,63.36,0.0,86.39,100.0,Weekday,Wednesday,Maximum_Load
5.87,0.0,16.27,100.0,33.94,Weekday,Wednesday,Medium_Load
29.74,1.58,1.51,99.86,99.87,Weekday,Thursday,Medium_Load
15.52,0.14,17.03,100.0,67.36,Weekend,Saturday,Maximum_Load
32.0,21.2,0.0,83.36,100.0,Weekday,Wednesday,Light_Load
3.92,3.82,0.0,71.62,100.0,Weekday,Friday,Light_Load
3.31,4.32,0.0,60.82,100.0,Weekday,Friday,Light_Load
6.91,0.0,21.67,100.0,30.38,Weekday,Monday,Medium_Load
2.92,5.58,0.0,46.37,100.0,Weekday,Friday,Light_Load
4.68,5.29,0.0,66.26,100.0,Weekday,Tuesday,Light_Load
125.89,67.93,0.0,88.01,100.0,Weekday,Tuesday,Maximum_Load
39.67,0.32,2.48,100.0,99.81,Weekday,Thursday,Medium_Load
3.89,4.03,0.0,69.45,100.0,Weekday,Wednesday,Light_Load
2.92,4.46,0.0,54.78,100.0,Weekday,Thursday,Light_Load
49.9,46.8,0.0,72.94,100.0,Weekday,Friday,Light_Load
3.24,5.33,0.0,51.94,100.0,Weekday,Wednesday,Light_Load
16.09,1.55,7.52,99.54,90.59,Weekday,Monday,Maximum_Load
2.92,5.0,0.0,50.43,100.0,Weekend,Saturday,Light_Load
6.12,5.0,0.0,77.44,100.0,Weekend,Saturday,Light_Load
4.0,0.0,26.68,100.0,14.83,Weekend,Saturday,Medium_Load
75.64,31.61,0.0,92.27,100.0,Weekday,Tuesday,Medium_Load
50.58,40.9,0.0,77.76,100.0,Weekday,Monday,Light_Load
3.46,0.0,21.2,100.0,16.11,Weekend,Sunday,Light_Load
5.83,5.22,0.0,74.5,100.0,Weekday,Tuesday,Light_Load
50.4,54.25,0.0,68.06,100.0,Weekday,Wednesday,Light_Load
96.26,42.77,0.0,91.39,100.0,Weekday,Monday,Medium_Load
57.78,35.39,0.0,85.28,100.0,Weekday,Friday,Light_Load
2.77,4.03,0.0,56.64,100.0,Weekday,Monday,Light_Load
4.0,0.0,20.92,100.0,18.78,Weekday,Monday,Light_Load
35.6,1.8,3.31,99.87,99.57,Weekday,Monday,Medium_Load
3.13,4.0,0.0,61.63,100.0,Weekend,Sunday,Light_Load
65.59,20.52,0.0,95.44,100.0,Weekday,Tuesday,Medium_Load
3.31,3.6,0.0,67.68,100.0,Weekday,Wednesday,Light_Load
54.22,32.22,0.0,85.97,100.0,Weekday,Monday,Medium_Load
54.18,22.61,0.0,92.29,100.0,Weekday,Monday,Maximum_Load
51.52,52.7,0.0,69.91,100.0,Weekday,Friday,Light_Load
2.92,4.82,0.0,51.81,100.0,Weekday,Friday,Light_Load
37.22,6.3,0.32,98.6,100.0,Weekend,Saturday,Maximum_Load
2.56,5.15,0.0,44.51,100.0,Weekday,Monday,Light_Load
3.1,0.0,16.24,100.0,18.75,Weekend,Sunday,Light_Load
5.0,0.0,22.54,100.0,21.66,Weekday,Tuesday,Medium_Load
3.92,0.0,17.64,100.0,21.69,Weekend,Saturday,Light_Load
4.1,0.0,16.88,100.0,23.6,Weekend,Saturday,Light_Load
2.74,4.03,0.0,56.23,100.0,Weekend,Saturday,Light_Load
65.92,22.61,0.0,94.59,100.0,Weekday,Wednesday,Medium_Load
72.86,54.04,0.0,80.32,100.0,Weekday,Thursday,Light_Load
49.43,18.83,0.0,93.45,100.0,Weekday,Tuesday,Maximum_Load
4.43,0.0,14.69,100.0,28.87,Weekday,Wednesday,Medium_Load
3.42,4.43,0.0,61.11,100.0,Weekday,Wednesday,Light_Load
5.29,0.0,25.99,100.0,19.95,Weekday,Friday,Medium_Load
71.14,34.7,0.0,89.88,100.0,Weekday,Wednesday,Maximum_Load
3.02,3.28,0.0,67.73,100.0,Weekday,Friday,Light_Load
125.21,62.96,0.0,89.34,100.0,Weekday,Monday,Maximum_Load
4.28,6.19,0.0,56.87,100.0,Weekday,Thursday,Light_Load
6.55,5.04,0.0,79.25,100.0,Weekday,Tuesday,Light_Load
4.5,4.43,0.0,71.26,100.0,Weekday,Wednesday,Light_Load
29.56,0.0,8.21,100.0,96.35,Weekday,Thursday,Medium_Load
2.81,4.72,0.0,51.15,100.0,Weekend,Sunday,Light_Load
4.57,6.95,0.0,54.94,100.0,Weekday,Tuesday,Light_Load
74.99,56.02,0.0,80.11,100.0,Weekday,Tuesday,Maximum_Load
58.43,26.24,0.0,91.22,100.0,Weekday,Monday,Maximum_Load
16.09,0.0,14.58,100.0,74.1,Weekday,Monday,Medium_Load
4.39,5.04,0.0,65.68,100.0,Weekday,Tuesday,Light_Load
3.53,5.98,0.0,50.83,100.0,Weekend,Saturday,Light_Load
4.14,2.3,0.36,87.42,99.62,Weekday,Friday,Light_Load
47.59,18.97,0.0,92.89,100.0,Weekday,Wednesday,Maximum_Load
4.03,3.56,0.0,74.95,100.0,Weekend,Sunday,Light_Load
54.86,21.56,0.0,93.07,100.0,Weekday,Thursday,Maximum_Load
2.74,4.9,0.0,48.81,100.0,Weekend,Sunday,Light_Load
5.26,0.0,17.24,100.0,29.18,Weekend,Saturday,Medium_Load
29.05,14.08,0.0,89.99,100.0,Weekday,Friday,Medium_Load
66.46,28.15,0.0,92.08,100.0,Weekday,Friday,Light_Load
3.56,4.18,0.0,64.84,100.0,Weekday,Tuesday,Light_Load
4.07,0.0,17.14,100.0,23.1,Weekend,Saturday,Medium_Load
130.18,50.08,0.0,93.33,100.0,Weekday,Friday,Medium_Load
27.32,2.56,3.28,99.56,99.29,Weekday,Wednesday,Maximum_Load
58.64,43.7,0.0,80.18,100.0,Weekday,Monday,Maximum_Load
3.06,0.0,17.39,100.0,17.33,Weekend,Saturday,Light_Load
3.67,0.0,18.07,100.0,19.9,Weekend,Saturday,Medium_Load
81.9,55.22,0.0,82.91,100.0,Weekday,Tuesday,Maximum_Load
64.15,29.59,0.0,90.81,100.0,Weekday,Tuesday,Maximum_Load
36.25,0.97,2.52,99.96,99.76,Weekend,Saturday,Maximum_Load
48.96,11.95,0.0,97.15,100.0,Weekday,Thursday,Maximum_Load
52.02,26.71,0.0,88.96,100.0,Weekend,Saturday,Maximum_Load
3.06,5.76,0.0,46.92,100.0,Weekday,Thursday,Light_Load
93.35,15.34,0.0,98.68,100.0,Weekday,Wednesday,Medium_Load
2.52,4.72,0.0,47.1,100.0,Weekday,Monday,Light_Load
4.75,5.22,0.0,67.3,100.0,Weekday,Friday,Light_Load
2.56,4.54,0.0,49.12,100.0,Weekend,Saturday,Light_Load
3.64,2.95,0.11,77.69,99.95,Weekday,Monday,Light_Load
3.42,0.0,17.78,100.0,18.89,Weekend,Sunday,Light_Load
6.66,0.0,21.56,100.0,29.51,Weekday,Wednesday,Medium_Load
22.14,1.84,9.76,99.66,91.5,Weekday,Thursday,Maximum_Load
3.49,0.0,3.85,100.0,67.16,Weekday,Tuesday,Light_Load
3.67,5.51,0.0,55.44,100.0,Weekday,Thursday,Light_Load
103.39,73.76,0.0,81.41,100.0,Weekday,Thursday,Light_Load
71.68,35.1,0.0,89.81,100.0,Weekday,Monday,Medium_Load
2.88,3.71,0.0,61.32,100.0,Weekday,Tuesday,Light_Load
46.76,12.78,0.0,96.46,100.0,Weekday,Friday,Maximum_Load
3.35,4.18,0.0,62.54,100.0,Weekday,Tuesday,Light_Load
40.9,0.43,1.73,99.99,99.91,Weekend,Saturday,Medium_Load
31.46,13.82,0.22,91.56,100.0,Weekend,Saturday,Maximum_Load
63.79,11.52,1.69,98.41,99.96,Weekday,Wednesday,Maximum_Load
67.93,33.12,0.0,89.89,100.0,Weekday,Friday,Maximum_Load
62.14,6.16,0.83,99.51,99.99,Weekday,Monday,Maximum_Load
3.96,0.0,26.1,100.0,15.0,Weekday,Monday,Medium_Load
89.68,12.64,0.0,99.02,100.0,Weekday,Friday,Medium_Load
3.31,5.33,0.0,52.76,100.0,Weekday,Tuesday,Light_Load
66.71,42.19,0.0,84.52,100.0,Weekday,Wednesday,Maximum_Load
2.7,4.32,0.0,53.0,100.0,Weekday,Wednesday,Light_Load
8.17,0.0,21.42,100.0,35.64,Weekday,Friday,Medium_Load
2.99,3.31,0.0,67.03,100.0,Weekday,Wednesday,Light_Load
3.42,2.63,0.0,79.27,100.0,Weekend,Sunday,Light_Load
3.1,3.67,0.0,64.53,100.0,Weekday,Thursday,Light_Load
34.24,7.56,0.07,97.65,100.0,Weekday,Thursday,Medium_Load
3.1,5.98,0.0,46.02,100.0,Weekday,Wednesday,Light_Load
62.03,63.83,0.0,69.69,100.0,Weekday,Monday,Light_Load
3.89,4.5,0.0,65.4,100.0,Weekend,Saturday,Light_Load
41.65,32.26,0.0,79.06,100.0,Weekday,Wednesday,Light_Load
3.31,3.74,0.0,66.27,100.0,Weekday,Monday,Light_Load
6.73,0.0,25.56,100.0,25.46,Weekday,Wednesday,Medium_Load
47.45,35.64,0.0,79.96,100.0,Weekday,Wednesday,Maximum_Load
3.42,0.0,15.62,100.0,21.39,Weekday,Wednesday,Medium_Load
4.18,0.0,16.78,100.0,24.17,Weekend,Sunday,Light_Load
32.58,8.78,0.0,96.56,100.0,Weekend,Saturday,Maximum_Load
104.36,26.93,0.0,96.83,100.0,Weekday,Tuesday,Medium_Load
3.42,4.57,0.0,59.92,100.0,Weekday,Thursday,Light_Load
56.34,17.39,0.0,95.55,100.0,Weekday,Tuesday,Maximum_Load
5.76,2.92,0.32,89.19,99.85,Weekday,Wednesday,Light_Load
67.72,64.8,0.0,72.25,100.0,Weekday,Monday,Light_Load
3.56,0.0,17.75,100.0,19.66,Weekend,Saturday,Medium_Load
63.58,29.27,0.0,90.84,100.0,Weekday,Friday,Maximum_Load
6.73,0.0,21.89,100.0,29.39,Weekday,Monday,Maximum_Load
91.51,52.27,0.0,86.83,100.0,Weekday,Wednesday,Maximum_Load
2.84,4.9,0.0,50.15,100.0,Weekday,Thursday,Light_Load
2.88,0.0,4.68,100.0,52.41,Weekday,Friday,Light_Load
67.28,23.33,0.0,94.48,100.0,Weekday,Tuesday,Medium_Load
56.05,36.54,0.0,83.77,100.0,Weekday,Wednesday,Maximum_Load
3.82,2.66,0.36,82.06,99.56,Weekday,Friday,Light_Load
2.88,0.0,16.7,100.0,16.99,Weekend,Saturday,Light_Load
38.41,7.6,0.0,98.1,100.0,Weekend,Sunday,Medium_Load
4.21,0.0,16.13,100.0,25.25,Weekend,Saturday,Medium_Load
70.56,28.91,0.0,92.53,100.0,Weekday,Monday,Medium_Load
40.39,15.48,0.0,93.38,100.0,Weekend,Saturday,Maximum_Load
4.79,0.0,25.49,100.0,18.47,Weekday,Tuesday,Medium_Load
47.66,24.73,0.0,88.76,100.0,Weekday,Tuesday,Maximum_Load
5.47,0.0,20.02,100.0,26.36,Weekday,Tuesday,Medium_Load
3.64,0.0,4.32,100.0,64.44,Weekday,Monday,Medium_Load
2.59,6.05,0.0,39.36,100.0,Weekday,Monday,Light_Load
3.24,6.77,0.0,43.17,100.0,Weekend,Saturday,Medium_Load
3.31,0.0,17.5,100.0,18.58,Weekend,Sunday,Light_Load
3.1,6.08,0.0,45.42,100.0,Weekday,Tuesday,Light_Load
3.56,3.92,0.0,67.23,100.0,Weekend,Sunday,Light_Load
54.29,3.1,1.19,99.84,99.98,Weekday,Monday,Medium_Load
3.2,1.91,9.18,85.87,32.92,Weekday,Tuesday,Medium_Load
95.36,48.17,0.0,89.26,100.0,Weekday,Monday,Medium_Load
114.19,68.08,0.0,85.89,100.0,Weekday,Friday,Light_Load
3.31,6.88,0.0,43.35,100.0,Weekday,Wednesday,Light_Load
3.82,4.03,0.0,68.79,100.0,Weekend,Sunday,Light_Load
3.42,5.58,0.0,52.26,100.0,Weekday,Thursday,Light_Load
81.22,29.77,0.0,93.89,100.0,Weekday,Tuesday,Maximum_Load
51.77,27.4,0.0,88.38,100.0,Weekday,Friday,Maximum_Load
3.28,4.32,0.0,60.47,100.0,Weekday,Tuesday,Light_Load
3.06,3.96,0.0,61.14,100.0,Weekend,Saturday,Light_Load
2.84,0.0,5.26,100.0,47.51,Weekend,Sunday,Light_Load
3.89,4.68,0.0,63.92,100.0,Weekday,Wednesday,Light_Load
146.34,66.92,0.0,90.94,100.0,Weekday,Friday,Medium_Load
114.59,40.5,0.0,94.28,100.0,Weekday,Friday,Medium_Load
2.95,0.0,16.99,100.0,17.11,Weekend,Sunday,Light_Load
4.43,0.0,24.19,100.0,18.01,Weekday,Wednesday,Medium_Load
100.48,29.41,0.0,95.97,100.0,Weekday,Wednesday,Medium_Load
44.82,21.06,0.0,90.51,100.0,Weekday,Wednesday,Maximum_Load
78.23,50.72,0.0,83.91,100.0,Weekday,Monday,Light_Load
3.67,6.88,0.0,47.07,100.0,Weekday,Tuesday,Light_Load
4.93,3.67,0.0,80.21,100.0,Weekday,Friday,Light_Load
46.94,20.77,0.0,91.45,100.0,Weekday,Thursday,Medium_Load
2.74,0.0,4.82,100.0,49.42,Weekend,Sunday,Light_Load
45.54,26.42,0.0,86.5,100.0,Weekday,Monday,Maximum_Load
5.44,0.0,18.94,100.0,27.61,Weekday,Friday,Medium_Load
66.89,49.82,0.0,80.2,100.0,Weekday,Thursday,Maximum_Load
32.22,6.37,0.14,98.1,100.0,Weekday,Thursday,Medium_Load
3.1,3.82,0.0,63.01,100.0,Weekend,Sunday,Light_Load
2.92,0.0,12.42,100.0,22.89,Weekend,Sunday,Light_Load
71.14,47.63,0.0,83.1,100.0,Weekday,Tuesday,Maximum_Load
2.81,5.58,0.0,44.98,100.0,Weekday,Friday,Light_Load
2.84,5.0,0.0,49.39,100.0,Weekend,Sunday,Light_Load
75.35,37.8,0.0,89.38,100.0,Weekday,Thursday,Medium_Load
3.28,0.0,16.31,100.0,19.72,Weekend,Sunday,Light_Load
31.32,11.59,18.72,93.78,85.84,Weekday,Friday,Medium_Load
3.92,4.75,0.0,63.65,100.0,Weekday,Friday,Light_Load
3.13,5.94,0.0,46.62,100.0,Weekend,Sunday,Medium_Load
6.16,6.26,0.0,70.14,100.0,Weekday,Tuesday,Maximum_Load
2.63,4.46,0.0,50.79,100.0,Weekend,Sunday,Light_Load
112.36,49.82,0.0,91.42,100.0,Weekday,Friday,Medium_Load
3.82,0.0,16.24,100.0,22.9,Weekday,Monday,Medium_Load
3.06,4.79,0.0,53.84,100.0,Weekday,Thursday,Light_Load
122.94,55.08,0.0,91.26,100.0,Weekday,Friday,Maximum_Load
3.71,7.56,0.0,44.06,100.0,Weekday,Thursday,Maximum_Load
3.02,0.0,14.69,100.0,20.14,Weekend,Sunday,Light_Load
64.58,38.7,0.0,85.78,100.0,Weekday,Monday,Light_Load
56.38,28.08,0.0,89.51,100.0,Weekday,Friday,Maximum_Load
4.07,0.0,22.86,100.0,17.53,Weekend,Sunday,Light_Load
104.4,39.38,0.0,93.56,100.0,Weekday,Tuesday,Medium_Load
2.77,3.67,0.0,60.24,100.0,Weekend,Sunday,Light_Load
3.42,0.0,17.21,100.0,19.49,Weekday,Thursday,Light_Load
3.28,0.0,8.28,100.0,36.83,Weekend,Sunday,Light_Load
130.46,60.23,0.0,90.79,100.0,Weekday,Wednesday,Medium_Load
66.78,27.97,0.0,92.24,100.0,Weekday,Wednesday,Maximum_Load
3.74,3.1,0.14,76.99,99.93,Weekend,Sunday,Light_Load
28.87,6.19,0.79,97.78,99.96,Weekday,Wednesday,Medium_Load
63.22,33.98,0.0,88.08,100.0,Weekday,Thursday,Medium_Load
5.94,7.24,0.0,63.43,100.0,Weekday,Friday,Light_Load
6.7,0.0,14.72,100.0,41.43,Weekday,Friday,Medium_Load
60.16,28.73,0.0,90.24,100.0,Weekday,Thursday,Maximum_Load
2.74,4.82,0.0,49.42,100.0,Weekend,Sunday,Light_Load
3.06,3.46,0.0,66.25,100.0,Weekday,Tuesday,Light_Load
3.02,0.0,15.59,100.0,19.02,Weekday,Friday,Light_Load
85.03,35.17,0.0,92.41,100.0,Weekday,Wednesday,Medium_Load
3.67,4.75,0.0,61.14,100.0,Weekday,Thursday,Light_Load
2.92,5.29,0.0,48.33,100.0,Weekday,Tuesday,Light_Load
3.85,0.0,17.53,100.0,21.45,Weekend,Saturday,Light_Load
3.17,5.98,0.0,46.84,100.0,Weekday,Thursday,Light_Load
50.11,21.53,0.0,91.88,100.0,Weekday,Friday,Maximum_Load
2.84,4.46,0.0,53.71,100.0,Weekday,Friday,Light_Load
3.49,0.0,16.85,100.0,20.28,Weekday,Friday,Light_Load
38.09,28.84,0.0,79.73,100.0,Weekend,Saturday,Light_Load
3.13,3.02,0.0,71.96,100.0,Weekday,Wednesday,Light_Load
3.74,6.91,0.0,47.6,100.0,Weekday,Wednesday,Maximum_Load
2.95,5.87,0.0,44.9,100.0,Weekend,Saturday,Light_Load
30.56,23.44,0.0,79.35,100.0,Weekday,Tuesday,Light_Load
2.63,4.64,0.0,49.31,100.0,Weekday,Thursday,Light_Load
61.2,30.35,0.0,89.59,100.0,Weekday,Monday,Maximum_Load
42.37,30.64,0.0,81.03,100.0,Weekday,Thursday,Light_Load
2.7,4.28,0.11,53.35,99.92,Weekend,Sunday,Medium_Load
4.0,0.0,15.98,100.0,24.28,Weekend,Sunday,Medium_Load
5.87,4.79,0.0,77.48,100.0,Weekend,Saturday,Light_Load
2.99,5.22,0.0,49.7,100.0,Weekend,Sunday,Light_Load
35.86,1.37,1.51,99.93,99.91,Weekend,Saturday,Maximum_Load
69.3,39.92,0.0,86.65,100.0,Weekday,Thursday,Medium_Load
3.53,6.08,0.0,50.21,100.0,Weekday,Friday,Medium_Load
2.77,0.0,7.06,100.0,36.52,Weekend,Sunday,Light_Load
5.29,5.58,0.0,68.8,100.0,Weekday,Wednesday,Light_Load
109.98,87.7,0.0,78.19,100.0,Weekday,Thursday,Light_Load
2.84,5.22,0.0,47.79,100.0,Weekday,Monday,Light_Load
80.68,34.85,0.0,91.8,100.0,Weekday,Thursday,Medium_Load
3.82,2.59,0.36,82.77,99.56,Weekday,Friday,Light_Load
9.61,0.0,25.67,100.0,35.06,Weekday,Tuesday,Medium_Load
3.85,4.36,0.0,66.19,100.0,Weekday,Friday,Medium_Load
3.46,6.37,0.0,47.73,100.0,Weekend,Saturday,Light_Load
4.21,0.0,25.38,100.0,16.36,Weekday,Wednesday,Light_Load
2.99,3.74,0.0,62.44,100.0,Weekday,Friday,Light_Load
5.36,0.0,26.57,100.0,19.77,Weekday,Wednesday,Medium_Load
2.84,5.98,0.0,42.9,100.0,Weekend,Saturday,Light_Load
3.6,3.17,0.0,75.05,100.0,Weekday,Wednesday,Light_Load
2.77,5.15,0.0,47.37,100.0,Weekday,Monday,Light_Load
58.1,29.59,0.0,89.11,100.0,Weekday,Wednesday,Maximum_Load
2.84,5.51,0.0,45.81,100.0,Weekday,Friday,Light_Load
50.51,16.42,0.0,95.1,100.0,Weekend,Saturday,Medium_Load
87.37,57.71,0.0,83.44,100.0,Weekday,Wednesday,Light_Load
2.84,5.29,0.0,47.3,100.0,Weekend,Sunday,Light_Load
2.88,5.08,0.0,49.32,100.0,Weekday,Tuesday,Light_Load
3.71,0.0,17.93,100.0,20.26,Weekend,Saturday,Maximum_Load
88.09,24.44,0.0,96.36,100.0,Weekday,Tuesday,Medium_Load
34.34,2.3,1.22,99.78,99.94,Weekend,Sunday,Medium_Load
37.33,27.18,0.0,80.84,100.0,Weekday,Wednesday,Light_Load
2.99,0.0,16.56,100.0,17.77,Weekend,Sunday,Light_Load
44.32,22.5,0.0,89.17,100.0,Weekday,Tuesday,Maximum_Load
34.56,10.94,7.31,95.34,97.84,Weekday,Wednesday,Maximum_Load
35.1,24.3,0.0,82.22,100.0,Weekday,Thursday,Light_Load
14.94,2.74,19.01,98.36,61.79,Weekday,Friday,Medium_Load
56.52,26.24,0.0,90.7,100.0,Weekday,Thursday,Maximum_Load
4.82,4.18,0.0,75.55,100.0,Weekend,Saturday,Light_Load
2.74,4.46,0.0,52.35,100.0,Weekend,Saturday,Light_Load
4.25,0.0,6.73,100.0,53.39,Weekend,Sunday,Light_Load
4.03,2.77,0.36,82.41,99.6,Weekday,Thursday,Light_Load
3.35,1.73,13.57,88.85,23.97,Weekend,Sunday,Light_Load
5.83,5.18,0.0,74.76,100.0,Weekday,Tuesday,Light_Load
4.9,6.91,0.0,57.84,100.0,Weekday,Friday,Light_Load
4.0,2.63,0.5,83.56,99.23,Weekday,Friday,Light_Load
92.99,16.38,0.0,98.48,100.0,Weekend,Saturday,Maximum_Load
3.17,5.29,0.0,51.4,100.0,Weekday,Friday,Light_Load
31.07,0.18,10.12,100.0,95.08,Weekday,Friday,Medium_Load
3.96,0.0,15.7,100.0,24.46,Weekday,Friday,Medium_Load
2.84,4.28,0.0,55.29,100.0,Weekday,Monday,Light_Load
67.43,31.21,0.0,90.75,100.0,Weekday,Wednesday,Medium_Load
55.33,30.96,0.0,87.27,100.0,Weekday,Wednesday,Medium_Load
4.68,0.0,16.34,100.0,27.53,Weekday,Friday,Medium_Load
5.29,0.0,18.04,100.0,28.14,Weekend,Saturday,Medium_Load
3.56,0.0,15.34,100.0,22.61,Weekday,Monday,Light_Load
59.18,31.61,0.0,88.21,100.0,Weekend,Saturday,Maximum_Load
2.63,4.32,0.0,52.0,100.0,Weekday,Thursday,Light_Load
2.59,4.21,0.0,52.4,100.0,Weekend,Sunday,Light_Load
57.46,31.18,0.0,87.89,100.0,Weekday,Monday,Medium_Load
42.52,19.15,0.22,91.18,100.0,Weekday,Wednesday,Medium_Load
3.67,0.0,13.93,100.0,25.48,Weekend,Saturday,Light_Load
8.96,0.0,23.36,100.0,35.81,Weekday,Wednesday,Medium_Load
93.74,26.64,0.0,96.19,100.0,Weekday,Tuesday,Maximum_Load
55.62,18.0,0.0,95.14,100.0,Weekday,Monday,Maximum_Load
4.93,0.0,27.04,100.0,17.94,Weekend,Sunday,Maximum_Load
6.05,5.04,0.0,76.83,100.0,Weekday,Friday,Light_Load
3.53,3.42,0.0,71.82,100.0,Weekday,Monday,Light_Load
5.15,0.0,18.04,100.0,27.45,Weekday,Friday,Medium_Load
104.44,42.91,0.0,92.5,100.0,Weekday,Tuesday,Light_Load
71.68,57.89,0.0,77.8,100.0,Weekday,Thursday,Maximum_Load
3.2,6.23,0.0,45.69,100.0,Weekday,Tuesday,Light_Load
2.56,4.54,0.0,49.12,100.0,Weekend,Sunday,Light_Load
4.18,0.0,16.74,100.0,24.23,Weekend,Sunday,Light_Load
68.08,50.51,0.0,80.31,100.0,Weekday,Friday,Maximum_Load
2.7,5.04,0.0,47.22,100.0,Weekend,Saturday,Light_Load
6.59,0.0,25.2,100.0,25.3,Weekday,Tuesday,Medium_Load
3.49,3.6,0.0,69.61,100.0,Weekend,Saturday,Light_Load
3.74,4.68,0.0,62.43,100.0,Weekday,Monday,Medium_Load
4.03,0.0,15.95,100.0,24.5,Weekend,Sunday,Medium_Load
3.28,3.17,0.0,71.91,100.0,Weekend,Sunday,Light_Load
8.32,0.0,25.88,100.0,30.61,Weekday,Wednesday,Medium_Load
83.7,31.28,0.0,93.67,100.0,Weekday,Tuesday,Maximum_Load
3.71,3.6,0.0,71.77,100.0,Weekday,Thursday,Light_Load
65.3,35.68,0.0,87.75,100.0,Weekday,Friday,Medium_Load
3.42,4.21,0.14,63.05,99.92,Weekend,Sunday,Light_Load
23.65,14.54,0.0,85.19,100.0,Weekday,Tuesday,Light_Load
61.7,29.3,0.0,90.33,100.0,Weekday,Friday,Maximum_Load
3.13,0.0,18.07,100.0,17.07,Weekend,Sunday,Light_Load
3.67,4.64,0.0,62.04,100.0,Weekday,Tuesday,Light_Load
74.12,13.18,1.44,98.46,99.98,Weekday,Wednesday,Maximum_Load
3.74,7.27,0.0,45.75,100.0,Weekend,Saturday,Light_Load
87.55,42.37,0.0,90.01,100.0,Weekend,Saturday,Light_Load
49.46,25.09,0.0,89.18,100.0,Weekday,Thursday,Maximum_Load
2.77,1.98,0.18,81.35,99.79,Weekend,Saturday,Light_Load
4.21,6.59,0.0,53.84,100.0,Weekday,Monday,Light_Load
54.22,24.95,0.0,90.84,100.0,Weekday,Monday,Medium_Load
66.92,30.13,0.0,91.18,100.0,Weekday,Monday,Maximum_Load
2.74,5.26,0.0,46.2,100.0,Weekday,Monday,Light_Load
103.72,61.13,0.0,86.15,100.0,Weekday,Friday,Maximum_Load
104.04,57.6,0.0,87.49,100.0,Weekday,Wednesday,Medium_Load
3.06,3.35,0.0,67.44,100.0,Weekday,Monday,Light_Load
30.06,0.04,6.52,100.0,97.73,Weekday,Friday,Medium_Load
28.3,0.0,8.39,100.0,95.88,Weekend,Saturday,Medium_Load
2.99,3.53,0.0,64.63,100.0,Weekday,Monday,Light_Load
28.58,0.0,8.46,100.0,95.89,Weekday,Tuesday,Medium_Load
4.07,5.15,0.0,62.0,100.0,Weekday,Thursday,Light_Load
2.7,4.75,0.0,49.42,100.0,Weekday,Thursday,Light_Load
45.4,10.98,0.07,97.2,100.0,Weekday,Wednesday,Maximum_Load
100.3,40.46,0.0,92.74,100.0,Weekday,Friday,Medium_Load
4.97,4.0,0.0,77.9,100.0,Weekday,Friday,Light_Load
45.9,39.64,0.0,75.68,100.0,Weekday,Thursday,Maximum_Load
3.2,5.98,0.0,47.18,100.0,Weekday,Friday,Light_Load
4.61,4.68,0.0,70.18,100.0,Weekday,Thursday,Light_Load
3.71,4.72,0.0,61.8,100.0,Weekday,Thursday,Light_Load
3.46,6.23,0.0,48.55,100.0,Weekday,Thursday,Medium_Load
3.1,0.0,4.1,100.0,60.31,Weekday,Friday,Light_Load
2.88,0.0,10.84,100.0,25.68,Weekday,Monday,Light_Load
3.78,0.0,16.02,100.0,22.96,Weekday,Thursday,Medium_Load
3.38,6.48,0.0,46.25,100.0,Weekday,Thursday,Light_Load
57.89,38.7,0.11,83.13,100.0,Weekday,Friday,Maximum_Load
3.78,3.67,0.0,71.75,100.0,Weekend,Sunday,Light_Load
6.37,0.0,14.9,100.0,39.31,Weekday,Monday,Maximum_Load
4.61,4.9,0.0,68.52,100.0,Weekday,Thursday,Light_Load
36.58,1.55,0.65,99.91,99.98,Weekday,Tuesday,Maximum_Load
18.14,17.28,0.0,72.41,100.0,Weekday,Wednesday,Light_Load
4.64,3.96,0.0,76.06,100.0,Weekend,Saturday,Light_Load
45.61,23.8,0.0,88.66,100.0,Weekend,Saturday,Maximum_Load
4.07,0.0,14.76,100.0,26.58,Weekend,Sunday,Light_Load
3.42,0.0,16.88,100.0,19.86,Weekend,Sunday,Medium_Load
2.84,3.49,0.0,63.12,100.0,Weekend,Saturday,Light_Load
2.84,0.0,17.24,100.0,16.25,Weekday,Wednesday,Light_Load
4.43,0.0,20.38,100.0,21.24,Weekday,Tuesday,Medium_Load
3.85,5.29,0.0,58.84,100.0,Weekday,Wednesday,Light_Load
3.06,5.87,0.0,46.23,100.0,Weekday,Tuesday,Light_Load
110.95,37.87,0.0,94.64,100.0,Weekday,Thursday,Medium_Load
75.92,23.11,0.0,95.67,100.0,Weekday,Wednesday,Maximum_Load
52.06,27.32,0.0,88.55,100.0,Weekday,Friday,Medium_Load
63.5,32.94,0.0,88.77,100.0,Weekday,Thursday,Medium_Load
2.81,5.72,0.0,44.09,100.0,Weekday,Monday,Light_Load
2.84,4.9,0.0,50.15,100.0,Weekend,Sunday,Light_Load
3.89,0.0,11.23,100.0,32.73,Weekday,Thursday,Medium_Load
93.96,20.3,0.36,97.74,100.0,Weekend,Sunday,Medium_Load
73.01,28.19,0.0,93.29,100.0,Weekday,Wednesday,Medium_Load
2.77,5.04,0.0,48.17,100.0,Weekday,Thursday,Light_Load
4.0,1.44,14.18,94.09,27.15,Weekday,Wednesday,Medium_Load
2.59,5.65,0.0,41.67,100.0,Weekday,Tuesday,Light_Load
2.95,0.0,16.42,100.0,17.68,Weekday,Thursday,Light_Load
3.64,0.0,24.95,100.0,14.44,Weekend,Sunday,Medium_Load
50.0,20.56,0.0,92.49,100.0,Weekday,Tuesday,Medium_Load
3.78,7.09,0.0,47.05,100.0,Weekday,Thursday,Medium_Load
3.02,4.0,0.0,60.26,100.0,Weekday,Thursday,Light_Load
5.76,4.75,0.0,77.15,100.0,Weekday,Monday,Maximum_Load
44.28,29.38,0.0,83.33,100.0,Weekday,Monday,Maximum_Load
2.92,5.76,0.0,45.22,100.0,Weekend,Saturday,Light_Load
2.81,5.26,0.0,47.12,100.0,Weekday,Thursday,Light_Load
78.62,48.49,0.0,85.11,100.0,Weekday,Monday,Light_Load
3.38,6.23,0.18,47.69,99.86,Weekend,Saturday,Medium_Load
3.06,3.82,0.0,62.52,100.0,Weekday,Wednesday,Light_Load
2.99,4.75,0.0,53.27,100.0,Weekend,Saturday,Light_Load
2.88,3.82,0.0,60.2,100.0,Weekday,Wednesday,Light_Load
76.07,17.82,0.0,97.36,100.0,Weekday,Monday,Medium_Load
41.9,30.2,0.0,81.12,100.0,Weekday,Thursday,Light_Load
4.39,0.0,13.32,100.0,31.3,Weekday,Tuesday,Medium_Load
4.39,4.39,0.0,70.71,100.0,Weekday,Thursday,Light_Load
45.11,29.77,0.0,83.46,100.0,Weekend,Saturday,Light_Load
3.53,0.0,5.15,100.0,56.54,Weekend,Sunday,Medium_Load
4.57,0.0,15.98,100.0,27.5,Weekday,Thursday,Medium_Load
45.07,5.8,3.42,99.18,99.71,Weekday,Wednesday,Medium_Load
3.56,5.18,0.0,56.64,100.0,Weekday,Friday,Light_Load
60.98,38.3,0.0,84.68,100.0,Weekday,Friday,Light_Load
6.12,0.0,22.46,100.0,26.29,Weekend,Saturday,Light_Load
2.81,0.0,4.75,100.0,50.92,Weekend,Sunday,Light_Load
34.88,14.83,1.22,92.03,99.94,Weekday,Friday,Medium_Load
4.36,0.0,6.73,100.0,54.37,Weekday,Friday,Light_Load
3.49,5.04,0.0,56.93,100.0,Weekday,Monday,Light_Load
3.2,2.3,0.07,81.2,99.98,Weekday,Friday,Light_Load
88.92,20.34,0.0,97.48,100.0,Weekday,Thursday,Medium_Load
64.04,32.58,0.0,89.13,100.0,Weekday,Friday,Medium_Load
3.35,2.7,0.0,77.86,100.0,Weekend,Sunday,Light_Load
2.95,3.56,0.0,63.81,100.0,Weekday,Wednesday,Light_Load
99.61,29.66,0.0,95.84,100.0,Weekday,Monday,Medium_Load
4.79,3.78,0.0,78.5,100.0,Weekend,Saturday,Light_Load
3.6,3.82,0.0,68.58,100.0,Weekday,Tuesday,Light_Load
2.63,4.43,0.0,51.05,100.0,Weekday,Tuesday,Light_Load
78.62,15.12,1.4,98.2,99.98,Weekend,Sunday,Maximum_Load
4.36,5.33,0.0,63.32,100.0,Weekday,Friday,Light_Load
3.06,3.82,0.0,62.52,100.0,Weekday,Monday,Light_Load
2.92,5.76,0.0,45.22,100.0,Weekday,Tuesday,Light_Load
96.84,34.13,0.0,94.31,100.0,Weekday,Wednesday,Maximum_Load
94.07,17.03,0.0,98.4,100.0,Weekday,Monday,Medium_Load
62.93,28.04,0.0,91.34,100.0,Weekday,Wednesday,Medium_Load
3.82,5.44,0.0,57.47,100.0,Weekend,Saturday,Light_Load
3.02,0.0,14.76,100.0,20.05,Weekend,Sunday,Light_Load
3.96,4.21,0.0,68.51,100.0,Weekday,Tuesday,Light_Load
76.32,14.51,0.9,98.24,99.99,Weekday,Thursday,Maximum_Load
5.51,0.0,23.0,100.0,23.3,Weekend,Sunday,Maximum_Load
2.95,0.0,5.0,100.0,50.81,Weekend,Sunday,Light_Load
5.94,5.72,0.0,72.03,100.0,Weekday,Wednesday,Light_Load
43.31,25.85,0.22,85.87,100.0,Weekday,Monday,Medium_Load
2.99,0.97,10.33,95.12,27.8,Weekday,Wednesday,Medium_Load
64.76,36.65,0.0,87.03,100.0,Weekday,Friday,Maximum_Load
99.61,34.2,0.0,94.58,100.0,Weekday,Tuesday,Maximum_Load
3.24,0.0,12.06,100.0,25.95,Weekend,Saturday,Light_Load
3.74,0.0,6.84,100.0,47.98,Weekend,Saturday,Medium_Load
59.18,17.57,0.0,95.86,100.0,Weekday,Monday,Maximum_Load
54.61,11.48,0.0,97.86,100.0,Weekday,Monday,Maximum_Load
2.81,4.54,0.0,52.63,100.0,Weekday,Tuesday,Light_Load
2.95,0.0,16.6,100.0,17.5,Weekend,Sunday,Medium_Load
2.81,0.0,10.87,100.0,25.03,Weekend,Saturday,Light_Load
24.48,23.83,0.0,71.66,100.0,Weekend,Saturday,Light_Load
2.99,4.54,0.0,55.0,100.0,Weekday,Tuesday,Light_Load
3.35,6.7,0.0,44.72,100.0,Weekday,Thursday,Light_Load
54.65,35.78,0.0,83.66,100.0,Weekday,Friday,Maximum_Load
3.85,0.0,18.76,100.0,20.1,Weekend,Sunday,Light_Load
91.19,34.13,0.0,93.66,100.0,Weekend,Saturday,Medium_Load
4.72,0.0,24.91,100.0,18.62,Weekday,Tuesday,Medium_Load
3.35,0.0,6.37,100.0,46.55,Weekend,Saturday,Light_Load
62.21,26.82,0.0,91.83,100.0,Weekday,Wednesday,Maximum_Load
3.35,5.0,0.0,55.66,100.0,Weekday,Monday,Light_Load
3.46,4.28,0.0,62.87,100.0,Weekday,Wednesday,Medium_Load
2.84,5.87,0.0,43.55,100.0,Weekend,Saturday,Light_Load
124.92,40.39,0.0,95.15,100.0,Weekday,Tuesday,Medium_Load
4.18,5.83,0.0,58.27,100.0,Weekend,Saturday,Light_Load
5.47,0.0,25.67,100.0,20.84,Weekday,Wednesday,Medium_Load
3.67,0.0,25.88,100.0,14.04,Weekday,Friday,Medium_Load
3.74,7.45,0.0,44.87,100.0,Weekend,Sunday,Light_Load
72.11,33.59,0.0,90.65,100.0,Weekday,Friday,Maximum_Load
65.7,33.55,0.0,89.06,100.0,Weekday,Friday,Medium_Load
4.5,0.0,13.07,100.0,32.55,Weekday,Friday,Medium_Load
3.74,0.0,13.46,100.0,26.77,Weekday,Tuesday,Medium_Load
2.84,3.85,0.0,59.36,100.0,Weekday,Monday,Light_Load
3.74,4.54,0.0,63.58,100.0,Weekday,Thursday,Light_Load
2.63,4.32,0.0,52.0,100.0,Weekday,Thursday,Light_Load
35.1,0.47,5.08,99.99,98.97,Weekday,Friday,Medium_Load
3.56,5.0,0.0,58.0,100.0,Weekday,Thursday,Medium_Load
3.13,4.28,0.0,59.03,100.0,Weekday,Tuesday,Light_Load
2.66,5.04,0.0,46.68,100.0,Weekday,Friday,Light_Load
54.94,18.04,0.0,95.01,100.0,Weekday,Tuesday,Medium_Load
2.92,5.4,0.0,47.57,100.0,Weekday,Friday,Light_Load
3.13,3.28,0.0,69.04,100.0,Weekend,Saturday,Light_Load
35.1,5.62,0.14,98.74,100.0,Weekend,Sunday,Medium_Load
39.96,21.92,0.0,87.68,100.0,Weekday,Thursday,Medium_Load
40.61,27.97,0.43,82.36,99.99,Weekday,Tuesday,Medium_Load
2.77,4.75,0.0,50.38,100.0,Weekday,Monday,Light_Load
4.36,0.0,20.74,100.0,20.57,Weekday,Tuesday,Medium_Load
3.74,3.28,0.04,75.18,99.99,Weekend,Sunday,Light_Load
4.21,7.27,0.0,50.11,100.0,Weekday,Monday,Light_Load
42.59,8.24,0.04,98.18,100.0,Weekday,Monday,Medium_Load
97.27,32.29,0.0,94.91,100.0,Weekday,Monday,Medium_Load
5.65,0.0,21.53,100.0,25.38,Weekday,Friday,Medium_Load
37.73,1.01,9.0,99.96,97.27,Weekday,Monday,Maximum_Load
51.16,25.34,0.0,89.61,100.0,Weekday,Tuesday,Maximum_Load
3.74,0.0,17.03,100.0,21.45,Weekend,Saturday,Light_Load
106.67,46.87,0.0,91.55,100.0,Weekday,Friday,Maximum_Load
3.2,4.82,0.0,55.31,100.0,Weekday,Thursday,Light_Load
3.02,4.9,0.0,52.47,100.0,Weekend,Sunday,Light_Load
8.53,7.56,0.79,74.84,99.57,Weekend,Sunday,Light_Load
3.92,0.0,17.14,100.0,22.29,Weekday,Thursday,Medium_Load
4.07,5.11,0.0,62.3,100.0,Weekend,Saturday,Light_Load
4.46,0.0,21.46,100.0,20.35,Weekday,Monday,Medium_Load
4.1,0.0,17.35,100.0,23.0,Weekend,Saturday,Medium_Load
2.88,5.69,0.0,45.16,100.0,Weekday,Monday,Light_Load
39.31,18.72,0.72,90.29,99.98,Weekday,Friday,Medium_Load
5.87,4.43,0.0,79.82,100.0,Weekend,Saturday,Light_Load
2.95,5.4,0.0,47.94,100.0,Weekday,Thursday,Light_Load
59.47,51.62,0.0,75.52,100.0,Weekday,Thursday,Light_Load
3.24,3.31,0.0,69.95,100.0,Weekend,Sunday,Light_Load
3.49,3.53,0.0,70.31,100.0,Weekday,Friday,Light_Load
4.54,4.43,0.0,71.57,100.0,Weekday,Wednesday,Light_Load
78.12,34.38,0.0,91.53,100.0,Weekday,Friday,Medium_Load
9.72,0.0,25.24,100.0,35.94,Weekday,Tuesday,Medium_Load
53.57,32.62,0.0,85.41,100.0,Weekday,Thursday,Maximum_Load
3.46,5.36,0.0,54.23,100.0,Weekday,Friday,Medium_Load
32.4,16.24,0.0,89.4,100.0,Weekday,Wednesday,Medium_Load
96.41,36.0,0.0,93.68,100.0,Weekday,Monday,Maximum_Load
3.64,4.54,0.0,62.55,100.0,Weekday,Thursday,Light_Load
2.92,5.11,0.0,49.61,100.0,Weekend,Saturday,Light_Load
2.84,1.87,0.32,83.52,99.37,Weekday,Wednesday,Light_Load
2.99,0.0,6.44,100.0,42.11,Weekend,Sunday,Light_Load
53.21,20.27,0.04,93.45,100.0,Weekday,Wednesday,Medium_Load
3.2,4.9,0.0,54.68,100.0,Weekday,Friday,Light_Load
3.1,5.33,0.0,50.28,100.0,Weekday,Tuesday,Light_Load
119.12,73.12,0.0,85.22,100.0,Weekday,Thursday,Light_Load
3.74,3.74,0.0,70.71,100.0,Weekday,Wednesday,Light_Load
44.78,15.62,0.0,94.42,100.0,Weekday,Thursday,Maximum_Load
2.95,0.0,14.58,100.0,19.83,Weekday,Tuesday,Light_Load
5.98,6.05,0.0,70.3,100.0,Weekday,Tuesday,Light_Load
2.59,3.49,0.0,59.59,100.0,Weekday,Tuesday,Light_Load
4.79,0.0,9.58,100.0,44.72,Weekend,Saturday,Medium_Load
9.58,0.0,20.34,100.0,42.61,Weekday,Friday,Maximum_Load
3.17,0.0,16.63,100.0,18.72,Weekend,Sunday,Light_Load
3.31,0.0,13.86,100.0,23.23,Weekend,Sunday,Light_Load
42.66,15.48,5.54,94.0,99.17,Weekday,Monday,Medium_Load
3.17,3.74,0.0,64.66,100.0,Weekend,Saturday,Light_Load
4.97,5.54,0.0,66.78,100.0,Weekday,Tuesday,Light_Load
76.0,26.14,0.0,94.56,100.0,Weekday,Friday,Maximum_Load
68.0,37.37,0.0,87.64,100.0,Weekday,Friday,Medium_Load
3.1,5.11,0.0,51.87,100.0,Weekday,Friday,Light_Load
2.66,4.82,0.0,48.32,100.0,Weekday,Thursday,Light_Load
2.77,3.85,0.0,58.4,100.0,Weekday,Wednesday,Light_Load
63.65,32.54,0.0,89.04,100.0,Weekday,Monday,Medium_Load
3.1,2.59,0.0,76.74,100.0,Weekday,Thursday,Light_Load
23.76,22.9,0.0,72.0,100.0,Weekend,Saturday,Light_Load
105.84,47.99,0.0,91.08,100.0,Weekday,Friday,Medium_Load
3.02,5.9,0.0,45.56,100.0,Weekday,Wednesday,Light_Load
45.97,2.09,2.88,99.9,99.8,Weekday,Friday,Medium_Load
55.58,33.41,0.0,85.71,100.0,Weekday,Tuesday,Medium_Load
2.84,6.05,0.0,42.49,100.0,Weekday,Friday,Light_Load
3.78,7.49,0.0,45.05,100.0,Weekend,Saturday,Light_Load
2.95,0.0,10.04,100.0,28.19,Weekend,Sunday,Light_Load
63.58,38.12,0.0,85.77,100.0,Weekday,Tuesday,Maximum_Load
3.64,6.23,0.0,50.45,100.0,Weekday,Wednesday,Light_Load
67.82,39.13,0.0,86.62,100.0,Weekday,Thursday,Maximum_Load
84.35,14.87,0.94,98.48,99.99,Weekday,Wednesday,Medium_Load
55.62,22.0,0.0,92.99,100.0,Weekend,Saturday,Medium_Load
2.88,0.0,5.22,100.0,48.31,Weekend,Saturday,Light_Load
3.42,0.0,26.53,100.0,12.79,Weekend,Saturday,Medium_Load
84.46,51.16,0.0,85.53,100.0,Weekday,Thursday,Maximum_Load
3.56,3.82,0.0,68.18,100.0,Weekday,Tuesday,Light_Load
96.41,29.48,0.0,95.63,100.0,Weekday,Tuesday,Medium_Load
35.64,22.07,0.0,85.02,100.0,Weekend,Saturday,Light_Load
3.17,4.86,0.0,54.63,100.0,Weekend,Saturday,Light_Load
2.88,0.0,4.86,100.0,50.98,Weekend,Sunday,Light_Load
125.75,53.57,0.0,92.0,100.0,Weekday,Friday,Maximum_Load
46.58,17.6,0.0,93.55,100.0,Weekend,Saturday,Maximum_Load
62.35,31.54,0.0,89.23,100.0,Weekday,Thursday,Medium_Load
17.28,0.07,14.72,100.0,76.12,Weekend,Saturday,Maximum_Load
3.56,0.0,11.95,100.0,28.55,Weekday,Wednesday,Medium_Load
3.1,2.59,0.0,76.74,100.0,Weekend,Saturday,Light_Load
2.81,0.0,17.32,100.0,16.01,Weekend,Saturday,Light_Load
55.48,17.21,0.0,95.51,100.0,Weekday,Tuesday,Medium_Load
3.13,4.03,0.0,61.34,100.0,Weekend,Saturday,Light_Load
115.78,37.19,0.0,95.21,100.0,Weekday,Wednesday,Maximum_Load
67.54,37.51,0.0,87.42,100.0,Weekday,Monday,Medium_Load
55.66,46.15,0.0,76.98,100.0,Weekday,Friday,Light_Load
3.53,0.0,16.7,100.0,20.68,Weekend,Sunday,Light_Load
93.53,67.36,0.0,81.15,100.0,Weekday,Tuesday,Maximum_Load
2.88,0.0,10.15,100.0,27.3,Weekend,Sunday,Light_Load
58.61,28.91,0.0,89.68,100.0,Weekday,Tuesday,Medium_Load
63.18,31.72,0.0,89.37,100.0,Weekday,Monday,Maximum_Load
3.64,3.24,0.04,74.7,99.99,Weekend,Saturday,Light_Load
3.78,6.34,0.0,51.21,100.0,Weekday,Wednesday,Light_Load
2.84,4.79,0.0,51.0,100.0,Weekday,Tuesday,Light_Load
3.31,0.0,13.75,100.0,23.4,Weekend,Saturday,Light_Load
52.49,23.33,0.0,91.38,100.0,Weekday,Friday,Medium_Load
68.04,27.97,0.0,92.49,100.0,Weekday,Tuesday,Maximum_Load
34.74,28.87,0.0,76.91,100.0,Weekday,Thursday,Light_Load
43.31,17.68,0.0,92.58,100.0,Weekday,Tuesday,Medium_Load
3.17,0.0,16.96,100.0,18.37,Weekend,Sunday,Light_Load
42.62,7.09,1.94,98.64,99.9,Weekday,Monday,Medium_Load
2.74,4.43,0.0,52.6,100.0,Weekday,Tuesday,Light_Load
5.04,3.2,0.47,84.42,99.57,Weekday,Wednesday,Maximum_Load
2.63,4.93,0.0,47.07,100.0,Weekend,Saturday,Light_Load
7.24,1.3,9.54,98.43,60.45,Weekday,Wednesday,Medium_Load
3.1,2.77,0.0,74.57,100.0,Weekend,Saturday,Light_Load
3.46,6.3,0.0,48.14,100.0,Weekday,Monday,Light_Load
3.6,2.45,0.4,82.67,99.39,Weekday,Friday,Light_Load
2.59,4.54,0.0,49.55,100.0,Weekend,Sunday,Light_Load
3.64,0.0,14.51,100.0,24.33,Weekend,Sunday,Light_Load
61.74,33.59,0.0,87.84,100.0,Weekday,Wednesday,Medium_Load
2.48,5.22,0.0,42.91,100.0,Weekday,Wednesday,Light_Load
41.18,21.38,0.0,88.75,100.0,Weekday,Friday,Maximum_Load
2.84,5.15,0.0,48.29,100.0,Weekday,Tuesday,Light_Load
65.34,33.88,0.0,88.78,100.0,Weekday,Monday,Medium_Load
50.54,50.51,0.0,70.73,100.0,Weekday,Monday,Light_Load
3.92,0.0,18.32,100.0,20.92,Weekday,Wednesday,Medium_Load
90.83,35.82,0.0,93.03,100.0,Weekday,Tuesday,Medium_Load
68.04,34.45,0.0,89.22,100.0,Weekday,Friday,Medium_Load
5.36,0.0,26.89,100.0,19.55,Weekday,Tuesday,Medium_Load
24.44,4.68,4.86,98.22,98.08,Weekday,Thursday,Medium_Load
63.83,11.16,0.25,98.51,100.0,Weekday,Tuesday,Medium_Load
2.77,4.86,0.0,49.52,100.0,Weekend,Sunday,Light_Load
73.94,27.25,0.0,93.83,100.0,Weekday,Thursday,Medium_Load
4.57,7.2,0.0,53.59,100.0,Weekday,Friday,Light_Load
4.36,0.0,16.92,100.0,24.95,Weekday,Friday,Medium_Load
71.93,43.38,0.0,85.63,100.0,Weekday,Wednesday,Maximum_Load
26.14,25.88,0.0,71.06,100.0,Weekday,Friday,Light_Load
57.46,27.83,0.0,90.0,100.0,Weekday,Thursday,Medium_Load
2.92,3.96,0.0,59.35,100.0,Weekday,Friday,Light_Load
3.71,3.06,0.0,77.14,100.0,Weekday,Wednesday,Light_Load
94.64,42.19,0.0,91.34,100.0,Weekday,Thursday,Maximum_Load
3.89,0.0,18.04,100.0,21.08,Weekend,Sunday,Light_Load
6.01,6.26,0.0,69.26,100.0,Weekday,Tuesday,Maximum_Load
3.92,0.0,26.57,100.0,14.6,Weekday,Wednesday,Medium_Load
115.49,49.97,0.0,91.78,100.0,Weekday,Wednesday,Maximum_Load
3.67,0.0,11.2,100.0,31.14,Weekend,Saturday,Medium_Load
31.86,14.11,0.0,91.43,100.0,Weekend,Saturday,Maximum_Load
6.12,0.0,16.99,100.0,33.89,Weekday,Thursday,Medium_Load
5.9,5.26,0.0,74.64,100.0,Weekday,Tuesday,Light_Load
3.67,3.02,0.07,77.22,99.98,Weekday,Monday,Light_Load
5.26,0.0,25.06,100.0,20.54,Weekday,Friday,Medium_Load
2.66,0.0,11.95,100.0,21.73,Weekend,Sunday,Light_Load
2.81,5.33,0.0,46.64,100.0,Weekend,Sunday,Light_Load
2.63,5.47,0.0,43.33,100.0,Weekday,Monday,Light_Load
3.06,3.92,0.0,61.53,100.0,Weekend,Sunday,Light_Load
4.21,0.0,25.81,100.0,16.1,Weekday,Monday,Medium_Load
3.92,0.0,17.17,100.0,22.26,Weekday,Wednesday,Medium_Load
83.99,30.71,0.0,93.92,100.0,Weekday,Thursday,Maximum_Load
56.7,29.23,0.0,88.88,100.0,Weekday,Friday,Medium_Load
20.16,1.01,13.0,99.87,84.04,Weekday,Thursday,Medium_Load
4.32,0.11,13.0,99.97,31.54,Weekday,Monday,Medium_Load
5.47,0.0,26.96,100.0,19.88,Weekday,Thursday,Medium_Load
2.95,0.0,16.74,100.0,17.36,Weekend,Saturday,Light_Load
21.92,0.94,9.94,99.91,91.07,Weekend,Saturday,Maximum_Load
3.02,0.0,17.1,100.0,17.39,Weekend,Sunday,Medium_Load
39.38,3.74,1.12,99.55,99.96,Weekday,Wednesday,Medium_Load
4.03,0.0,16.2,100.0,24.14,Weekend,Sunday,Light_Load
4.03,0.0,20.95,100.0,18.89,Weekend,Sunday,Light_Load
3.67,3.85,0.0,69.0,100.0,Weekday,Friday,Light_Load
3.82,0.0,23.58,100.0,15.99,Weekend,Sunday,Light_Load
48.02,22.68,0.0,90.42,100.0,Weekday,Tuesday,Maximum_Load
3.64,0.0,16.99,100.0,20.95,Weekend,Sunday,Light_Load
3.35,0.0,17.6,100.0,18.7,Weekday,Thursday,Light_Load
5.83,3.13,0.22,88.11,99.93,Weekday,Wednesday,Light_Load
3.64,6.34,0.0,49.79,100.0,Weekday,Friday,Light_Load
103.03,40.03,0.0,93.21,100.0,Weekend,Saturday,Maximum_Load
2.63,5.04,0.0,46.26,100.0,Weekday,Monday,Light_Load
4.32,7.16,0.0,51.66,100.0,Weekday,Monday,Light_Load
3.2,5.65,0.0,49.28,100.0,Weekday,Friday,Light_Load
89.06,43.78,0.0,89.74,100.0,Weekday,Thursday,Medium_Load
4.21,3.53,0.07,76.63,99.99,Weekday,Tuesday,Light_Load
2.7,4.82,0.0,48.87,100.0,Weekend,Sunday,Light_Load
124.52,47.12,0.0,93.53,100.0,Weekday,Monday,Medium_Load
2.92,5.44,0.0,47.29,100.0,Weekend,Sunday,Light_Load
3.38,5.69,0.0,51.07,100.0,Weekend,Saturday,Light_Load
2.74,4.54,0.0,51.67,100.0,Weekend,Sunday,Light_Load
2.81,5.94,0.0,42.76,100.0,Weekday,Wednesday,Light_Load
71.64,32.0,0.0,91.31,100.0,Weekday,Friday,Light_Load
5.47,0.0,19.48,100.0,27.03,Weekday,Monday,Medium_Load
2.74,0.0,5.4,100.0,45.25,Weekday,Wednesday,Light_Load
50.08,15.3,0.0,95.64,100.0,Weekday,Monday,Medium_Load
3.71,3.31,0.0,74.62,100.0,Weekend,Saturday,Light_Load
122.87,63.07,0.0,88.96,100.0,Weekday,Thursday,Maximum_Load
42.12,37.66,0.0,74.55,100.0,Weekday,Tuesday,Light_Load
3.71,0.0,16.31,100.0,22.18,Weekend,Sunday,Light_Load
3.24,0.0,13.82,100.0,22.83,Weekend,Saturday,Light_Load
100.01,48.1,0.0,90.12,100.0,Weekend,Saturday,Medium_Load
2.92,5.8,0.0,44.97,100.0,Weekend,Saturday,Light_Load
88.74,34.49,0.0,93.21,100.0,Weekday,Monday,Medium_Load
72.54,47.41,0.0,83.71,100.0,Weekday,Monday,Maximum_Load
29.02,6.08,0.97,97.87,99.94,Weekday,Friday,Medium_Load
3.56,4.28,0.0,63.95,100.0,Weekday,Tuesday,Light_Load
95.65,33.08,0.0,94.51,100.0,Weekend,Saturday,Maximum_Load
3.24,0.0,10.19,100.0,30.3,Weekend,Saturday,Light_Load
3.56,4.1,0.0,65.56,100.0,Weekday,Monday,Medium_Load
4.86,0.0,25.13,100.0,18.99,Weekday,Wednesday,Medium_Load
3.13,3.92,0.0,62.4,100.0,Weekend,Saturday,Light_Load
43.81,16.27,0.0,93.74,100.0,Weekday,Tuesday,Maximum_Load
2.92,5.04,0.0,50.13,100.0,Weekday,Friday,Light_Load
3.74,2.77,0.0,80.36,100.0,Weekday,Tuesday,Light_Load
3.46,4.68,0.0,59.45,100.0,Weekend,Saturday,Light_Load
3.2,4.57,0.0,57.36,100.0,Weekday,Tuesday,Light_Load
25.27,0.04,4.39,100.0,98.52,Weekday,Monday,Medium_Load
7.67,6.01,0.36,78.71,99.89,Weekend,Saturday,Light_Load
54.0,33.16,0.0,85.22,100.0,Weekday,Tuesday,Maximum_Load
2.88,2.7,0.0,72.95,100.0,Weekday,Tuesday,Light_Load
100.98,33.84,0.0,94.82,100.0,Weekday,Monday,Maximum_Load
44.82,24.8,0.0,87.5,100.0,Weekend,Sunday,Maximum_Load
62.28,26.6,0.0,91.96,100.0,Weekday,Thursday,Medium_Load
2.59,4.79,0.0,47.56,100.0,Weekend,Sunday,Light_Load
69.3,34.02,0.58,89.77,100.0,Weekday,Monday,Medium_Load
102.82,43.38,0.0,92.14,100.0,Weekday,Tuesday,Maximum_Load
6.3,2.41,0.07,93.4,99.99,Weekday,Thursday,Light_Load
3.71,0.0,13.68,100.0,26.17,Weekend,Saturday,Medium_Load
111.78,56.16,0.0,89.36,100.0,Weekday,Friday,Maximum_Load
3.24,2.99,0.0,73.49,100.0,Weekend,Saturday,Light_Load
2.56,5.04,0.0,45.29,100.0,Weekend,Sunday,Light_Load
54.79,40.28,0.0,80.57,100.0,Weekday,Friday,Maximum_Load
4.79,0.0,26.75,100.0,17.63,Weekend,Saturday,Light_Load
3.17,3.82,0.0,63.86,100.0,Weekday,Thursday,Light_Load
2.88,0.0,4.25,100.0,56.1,Weekday,Thursday,Light_Load
36.9,0.61,6.34,99.99,98.56,Weekday,Friday,Medium_Load
59.36,39.96,0.0,82.95,100.0,Weekday,Wednesday,Maximum_Load
2.74,0.0,11.81,100.0,22.6,Weekend,Sunday,Light_Load
3.53,0.0,15.59,100.0,22.08,Weekend,Saturday,Light_Load
98.93,41.76,0.0,92.13,100.0,Weekday,Monday,Medium_Load
2.7,4.46,0.0,51.79,100.0,Weekend,Saturday,Light_Load
37.26,3.6,0.18,99.54,100.0,Weekday,Tuesday,Medium_Load
2.84,4.21,0.0,55.92,100.0,Weekday,Thursday,Light_Load
7.96,0.04,25.67,100.0,29.62,Weekday,Friday,Medium_Load
3.56,6.23,0.0,49.61,100.0,Weekday,Friday,Medium_Load
3.74,3.13,0.14,76.69,99.93,Weekend,Sunday,Light_Load
5.51,6.7,0.0,63.52,100.0,Weekday,Wednesday,Light_Load
6.34,0.0,21.2,100.0,28.65,Weekday,Thursday,Medium_Load
3.06,4.97,0.0,52.43,100.0,Weekday,Wednesday,Light_Load
6.05,6.08,0.0,70.54,100.0,Weekday,Wednesday,Light_Load
56.81,25.06,0.0,91.49,100.0,Weekday,Friday,Maximum_Load
2.84,0.0,11.63,100.0,23.72,Weekend,Sunday,Light_Load
62.82,27.36,0.0,91.68,100.0,Weekday,Thursday,Medium_Load
4.25,0.0,25.85,100.0,16.22,Weekday,Monday,Medium_Load
3.17,0.0,16.92,100.0,18.41,Weekend,Sunday,Light_Load
2.99,0.0,16.52,100.0,17.81,Weekday,Friday,Light_Load
3.6,5.29,0.0,56.26,100.0,Weekday,Friday,Light_Load
5.58,0.0,16.34,100.0,32.32,Weekday,Wednesday,Medium_Load
96.55,47.84,0.0,89.6,100.0,Weekday,Monday,Medium_Load
64.62,40.1,0.0,84.97,100.0,Weekday,Tuesday,Medium_Load
4.54,0.0,26.5,100.0,16.89,Weekend,Saturday,Light_Load
69.7,41.76,0.0,85.78,100.0,Weekday,Monday,Maximum_Load
2.84,5.8,0.0,43.98,100.0,Weekend,Sunday,Light_Load
2.92,0.0,16.74,100.0,17.18,Weekend,Sunday,Light_Load
82.08,27.04,0.0,94.98,100.0,Weekday,Friday,Medium_Load
2.77,4.43,0.0,53.02,100.0,Weekday,Wednesday,Light_Load
92.99,39.92,0.0,91.89,100.0,Weekday,Monday,Maximum_Load
82.22,30.13,0.0,93.89,100.0,Weekday,Tuesday,Medium_Load
2.74,4.68,0.0,50.52,100.0,Weekday,Wednesday,Light_Load
69.84,27.32,0.04,93.13,100.0,Weekday,Tuesday,Medium_Load
4.57,4.68,0.0,69.86,100.0,Weekday,Wednesday,Light_Load
2.56,5.47,0.0,42.39,100.0,Weekday,Tuesday,Light_Load
31.93,3.71,1.69,99.33,99.86,Weekday,Tuesday,Maximum_Load
19.66,0.4,13.82,99.98,81.81,Weekday,Tuesday,Medium_Load
54.61,34.38,0.5,84.63,100.0,Weekday,Monday,Maximum_Load
56.2,34.74,0.0,85.06,100.0,Weekday,Wednesday,Light_Load
4.21,4.07,0.0,71.9,100.0,Weekend,Saturday,Light_Load
57.17,45.65,0.0,78.14,100.0,Weekday,Monday,Light_Load
48.96,51.26,0.0,69.07,100.0,Weekday,Monday,Light_Load
59.11,38.09,0.0,84.06,100.0,Weekday,Wednesday,Maximum_Load
3.17,2.12,0.22,83.12,99.76,Weekday,Friday,Light_Load
4.21,0.0,27.65,100.0,15.05,Weekday,Thursday,Medium_Load
3.71,5.29,0.0,57.42,100.0,Weekday,Tuesday,Medium_Load
2.77,3.96,0.0,57.32,100.0,Weekend,Sunday,Light_Load
4.5,0.0,26.53,100.0,16.72,Weekend,Saturday,Medium_Load
58.36,22.36,0.0,93.38,100.0,Weekday,Wednesday,Medium_Load
3.42,3.96,0.0,65.36,100.0,Weekend,Sunday,Light_Load
4.0,0.0,13.75,100.0,27.93,Weekend,Saturday,Medium_Load
2.95,0.0,16.96,100.0,17.14,Weekend,Sunday,Light_Load
2.81,0.0,11.2,100.0,24.34,Weekend,Sunday,Light_Load
3.82,5.04,0.0,60.4,100.0,Weekday,Wednesday,Light_Load
42.66,10.69,0.0,97.0,100.0,Weekday,Thursday,Maximum_Load
98.53,46.19,0.0,90.54,100.0,Weekday,Thursday,Medium_Load
37.3,1.87,0.47,99.87,99.99,Weekend,Saturday,Medium_Load
68.62,39.96,0.0,86.42,100.0,Weekday,Monday,Light_Load
62.96,31.46,0.0,89.45,100.0,Weekday,Tuesday,Maximum_Load
2.99,0.0,3.56,100.0,64.31,Weekday,Tuesday,Light_Load
3.1,5.8,0.0,47.14,100.0,Weekday,Tuesday,Light_Load
6.44,3.17,0.0,89.72,100.0,Weekday,Thursday,Light_Load
56.99,25.92,0.0,91.03,100.0,Weekend,Saturday,Maximum_Load
3.6,4.0,0.0,66.9,100.0,Weekday,Monday,Medium_Load
66.06,59.36,0.0,74.38,100.0,Weekday,Thursday,Light_Load
4.14,0.0,21.56,100.0,18.86,Weekday,Monday,Maximum_Load
3.1,0.0,15.08,100.0,20.14,Weekend,Sunday,Light_Load
2.88,0.0,16.96,100.0,16.74,Weekend,Saturday,Medium_Load
4.07,3.85,0.0,72.65,100.0,Weekday,Monday,Light_Load
31.86,0.0,6.59,100.0,97.93,Weekend,Saturday,Maximum_Load
3.2,5.69,0.0,49.02,100.0,Weekend,Saturday,Light_Load
70.96,30.71,0.0,91.77,100.0,Weekday,Monday,Medium_Load
3.42,0.0,14.58,100.0,22.84,Weekend,Saturday,Light_Load
3.17,6.12,0.0,45.99,100.0,Weekday,Monday,Light_Load
45.58,4.39,0.04,99.54,100.0,Weekday,Friday,Maximum_Load
4.03,6.3,0.0,53.89,100.0,Weekday,Thursday,Light_Load
34.81,3.46,1.91,99.51,99.85,Weekday,Tuesday,Medium_Load
3.67,0.0,10.87,100.0,31.99,Weekday,Thursday,Medium_Load
74.27,33.84,0.0,91.0,100.0,Weekday,Wednesday,Maximum_Load
4.03,6.16,0.0,54.75,100.0,Weekend,Saturday,Light_Load
110.74,79.78,0.0,81.14,100.0,Weekday,Tuesday,Light_Load
38.12,16.85,0.0,91.46,100.0,Weekday,Friday,Medium_Load
3.13,5.9,0.0,46.86,100.0,Weekend,Saturday,Light_Load
72.83,37.04,0.0,89.13,100.0,Weekday,Monday,Maximum_Load
32.94,0.07,3.46,100.0,99.45,Weekday,Thursday,Maximum_Load
109.33,61.7,0.0,87.09,100.0,Weekday,Monday,Maximum_Load
4.72,5.58,0.0,64.58,100.0,Weekday,Wednesday,Light_Load
3.56,0.0,10.44,100.0,32.27,Weekend,Saturday,Medium_Load
4.1,4.21,0.0,69.77,100.0,Weekday,Wednesday,Light_Load
3.06,3.1,0.0,70.25,100.0,Weekend,Saturday,Light_Load
124.7,50.47,0.0,92.7,100.0,Weekday,Friday,Medium_Load
93.06,44.6,0.0,90.18,100.0,Weekday,Tuesday,Maximum_Load
74.34,30.56,0.0,92.49,100.0,Weekday,Monday,Maximum_Load
3.06,0.0,17.14,100.0,17.58,Weekend,Sunday,Light_Load
4.82,6.77,0.0,58.0,100.0,Weekday,Friday,Light_Load
28.22,9.25,0.0,95.03,100.0,Weekend,Sunday,Maximum_Load
50.58,8.32,0.07,98.67,100.0,Weekday,Friday,Medium_Load
43.34,33.41,0.0,79.2,100.0,Weekday,Monday,Medium_Load
59.4,44.71,0.0,79.9,100.0,Weekday,Monday,Maximum_Load
49.64,27.68,0.0,87.34,100.0,Weekday,Friday,Maximum_Load
3.35,4.28,0.0,61.64,100.0,Weekday,Wednesday,Light_Load
51.08,12.78,0.0,97.01,100.0,Weekday,Wednesday,Light_Load
3.24,3.74,0.0,65.48,100.0,Weekend,Sunday,Light_Load
64.22,26.06,0.0,92.66,100.0,Weekday,Monday,Medium_Load
74.45,20.63,0.0,96.37,100.0,Weekday,Thursday,Maximum_Load
54.94,36.07,0.0,83.59,100.0,Weekday,Monday,Maximum_Load
3.1,3.92,0.0,62.03,100.0,Weekend,Sunday,Light_Load
2.88,4.93,0.0,50.44,100.0,Weekday,Wednesday,Light_Load
3.6,4.61,0.0,61.55,100.0,Weekday,Wednesday,Light_Load
3.35,4.5,0.0,59.71,100.0,Weekday,Friday,Light_Load
3.13,6.12,0.0,45.53,100.0,Weekend,Saturday,Light_Load
3.1,0.0,4.28,100.0,58.66,Weekday,Friday,Light_Load
66.92,49.97,0.0,80.13,100.0,Weekday,Friday,Light_Load
2.84,5.62,0.0,45.1,100.0,Weekday,Thursday,Light_Load
52.06,35.32,0.0,82.75,100.0,Weekday,Tuesday,Light_Load
4.97,0.0,13.97,100.0,33.52,Weekday,Monday,Medium_Load
3.64,6.3,0.0,50.03,100.0,Weekday,Monday,Light_Load
4.32,3.42,0.0,78.4,100.0,Weekday,Tuesday,Light_Load
105.48,38.23,0.0,94.02,100.0,Weekday,Tuesday,Medium_Load
2.92,4.61,0.0,53.51,100.0,Weekday,Tuesday,Light_Load
3.64,5.0,0.0,58.86,100.0,Weekday,Monday,Medium_Load
3.13,0.0,16.74,100.0,18.38,Weekend,Sunday,Light_Load
3.1,0.0,16.99,100.0,17.95,Weekend,Saturday,Medium_Load
3.38,4.68,0.0,58.55,100.0,Weekday,Monday,Light_Load
6.01,7.67,0.0,61.68,100.0,Weekend,Sunday,Light_Load
45.65,18.54,0.0,92.65,100.0,Weekday,Thursday,Medium_Load
45.14,12.38,0.0,96.44,100.0,Weekend,Saturday,Medium_Load
3.1,2.88,0.0,73.26,100.0,Weekday,Thursday,Light_Load
3.06,5.04,0.0,51.9,100.0,Weekday,Thursday,Light_Load
32.54,0.29,4.18,100.0,99.19,Weekend,Saturday,Maximum_Load
80.53,39.53,0.0,89.77,100.0,Weekday,Wednesday,Maximum_Load
25.56,0.0,9.43,100.0,93.82,Weekday,Friday,Medium_Load
55.01,37.73,0.0,82.47,100.0,Weekday,Friday,Light_Load
3.06,3.71,0.0,63.63,100.0,Weekday,Thursday,Light_Load
2.63,4.14,0.0,53.62,100.0,Weekend,Sunday,Light_Load
3.78,0.0,15.59,100.0,23.56,Weekend,Sunday,Light_Load
3.24,6.05,0.0,47.21,100.0,Weekday,Friday,Light_Load
3.2,0.0,16.96,100.0,18.54,Weekend,Sunday,Light_Load
2.84,0.0,4.39,100.0,54.32,Weekday,Friday,Light_Load
4.68,1.22,15.66,96.77,28.63,Weekend,Sunday,Light_Load
57.2,26.6,0.0,90.67,100.0,Weekday,Thursday,Medium_Load
2.84,4.39,0.0,54.32,100.0,Weekday,Tuesday,Light_Load
4.57,4.5,0.0,71.25,100.0,Weekday,Thursday,Light_Load
125.28,80.46,0.0,84.14,100.0,Weekday,Tuesday,Medium_Load
71.1,17.93,0.94,96.96,99.99,Weekday,Friday,Maximum_Load
3.06,3.6,0.0,64.76,100.0,Weekday,Friday,Light_Load
66.46,57.2,0.0,75.79,100.0,Weekday,Tuesday,Light_Load
38.09,21.13,0.5,87.45,99.99,Weekday,Friday,Medium_Load
4.18,0.0,26.89,100.0,15.36,Weekend,Saturday,Medium_Load
3.6,6.91,0.0,46.2,100.0,Weekday,Thursday,Light_Load
3.06,4.93,0.0,52.74,100.0,Weekday,Tuesday,Light_Load
2.95,0.0,17.32,100.0,16.79,Weekend,Sunday,Light_Load
41.98,4.79,0.29,99.36,100.0,Weekend,Saturday,Maximum_Load
2.66,3.96,0.0,55.76,100.0,Weekend,Saturday,Light_Load
42.44,38.88,0.0,73.74,100.0,Weekend,Saturday,Light_Load
52.67,30.96,0.0,86.21,100.0,Weekday,Thursday,Medium_Load
35.17,2.74,4.93,99.7,99.03,Weekday,Monday,Medium_Load
2.99,3.85,0.0,61.34,100.0,Weekday,Friday,Light_Load
76.97,39.56,0.0,88.94,100.0,Weekday,Thursday,Medium_Load
48.38,22.25,0.0,90.85,100.0,Weekday,Monday,Medium_Load
66.38,29.74,0.0,91.26,100.0,Weekday,Tuesday,Medium_Load
2.77,4.28,0.0,54.33,100.0,Weekend,Sunday,Light_Load
3.82,4.28,0.0,66.59,100.0,Weekday,Friday,Medium_Load
3.64,6.37,0.0,49.61,100.0,Weekday,Thursday,Light_Load
3.31,4.97,0.0,55.43,100.0,Weekend,Sunday,Light_Load
99.47,40.03,0.0,92.77,100.0,Weekday,Thursday,Maximum_Load
19.69,0.0,11.74,100.0,85.89,Weekday,Friday,Medium_Load
2.92,5.0,0.0,50.43,100.0,Weekend,Saturday,Light_Load
3.2,4.32,0.0,59.52,100.0,Weekend,Sunday,Light_Load
2.92,0.0,16.6,100.0,17.32,Weekday,Thursday,Light_Load
2.88,0.0,11.41,100.0,24.47,Weekday,Wednesday,Medium_Load
2.95,5.8,0.0,45.34,100.0,Weekday,Friday,Light_Load
3.42,0.0,16.85,100.0,19.89,Weekday,Friday,Light_Load
52.2,18.14,0.0,94.46,100.0,Weekday,Tuesday,Maximum_Load
56.12,32.15,0.0,86.77,100.0,Weekday,Tuesday,Medium_Load
39.42,0.68,1.8,99.99,99.9,Weekday,Friday,Maximum_Load
3.38,4.72,0.0,58.22,100.0,Weekday,Thursday,Light_Load
15.52,0.0,11.95,100.0,79.23,Weekday,Tuesday,Medium_Load
103.39,25.63,0.0,97.06,100.0,Weekday,Friday,Medium_Load
146.27,76.79,0.0,88.54,100.0,Weekday,Monday,Medium_Load
4.0,5.8,0.0,56.77,100.0,Weekend,Saturday,Light_Load
2.52,4.21,0.0,51.36,100.0,Weekday,Wednesday,Light_Load
56.12,15.01,0.04,96.6,100.0,Weekday,Friday,Medium_Load
58.68,35.42,0.0,85.61,100.0,Weekday,Thursday,Maximum_Load
3.02,5.44,0.0,48.54,100.0,Weekend,Sunday,Light_Load
36.43,3.13,0.47,99.63,99.99,Weekend,Saturday,Medium_Load
33.52,11.45,0.25,94.63,100.0,Weekday,Wednesday,Medium_Load
37.08,4.18,1.94,99.37,99.86,Weekday,Wednesday,Maximum_Load
3.92,4.18,0.0,68.41,100.0,Weekday,Tuesday,Light_Load
77.44,45.25,0.0,86.34,100.0,Weekday,Wednesday,Maximum_Load
3.38,5.72,0.0,50.87,100.0,Weekend,Saturday,Light_Load
86.51,52.31,0.0,85.57,100.0,Weekday,Wednesday,Medium_Load
35.6,4.32,1.26,99.27,99.94,Weekend,Saturday,Maximum_Load
3.85,6.59,0.0,50.44,100.0,Weekend,Saturday,Light_Load
111.28,44.57,0.0,92.83,100.0,Weekday,Friday,Maximum_Load
4.14,6.08,0.0,56.28,100.0,Weekday,Thursday,Light_Load
4.82,0.0,17.1,100.0,27.13,Weekend,Sunday,Light_Load
6.77,0.0,20.2,100.0,31.78,Weekday,Tuesday,Medium_Load
2.84,0.0,17.21,100.0,16.28,Weekend,Saturday,Medium_Load
2.77,6.52,0.0,39.1,100.0,Weekend,Saturday,Light_Load
3.1,3.28,0.0,68.69,100.0,Weekend,Sunday,Light_Load
3.38,6.48,0.0,46.25,100.0,Weekend,Sunday,Light_Load
34.7,7.92,0.0,97.49,100.0,Weekend,Saturday,Maximum_Load
78.59,47.34,0.0,85.66,100.0,Weekday,Monday,Medium_Load
3.46,5.47,0.0,53.46,100.0,Weekday,Thursday,Light_Load
6.37,0.0,26.21,100.0,23.62,Weekend,Saturday,Maximum_Load
4.75,3.89,0.0,77.37,100.0,Weekday,Tuesday,Light_Load
106.67,43.74,0.0,92.52,100.0,Weekday,Friday,Maximum_Load
2.84,5.22,0.0,47.79,100.0,Weekday,Tuesday,Light_Load
4.0,2.99,0.0,80.1,100.0,Weekend,Sunday,Maximum_Load
4.57,4.46,0.0,71.57,100.0,Weekend,Sunday,Light_Load
30.64,8.71,4.68,96.19,98.85,Weekday,Wednesday,Medium_Load
2.63,4.75,0.0,48.44,100.0,Weekend,Sunday,Light_Load
2.81,0.0,11.56,100.0,23.62,Weekend,Sunday,Light_Load
3.28,4.1,0.0,62.47,100.0,Weekday,Tuesday,Light_Load
3.28,6.41,0.0,45.55,100.0,Weekday,Monday,Light_Load
3.78,0.14,3.89,99.93,69.69,Weekend,Sunday,Light_Load
4.64,6.01,0.0,61.11,100.0,Weekday,Tuesday,Light_Load
60.73,27.4,0.0,91.15,100.0,Weekday,Wednesday,Maximum_Load
46.87,15.34,4.28,95.04,99.59,Weekday,Friday,Maximum_Load
3.06,3.24,0.0,68.66,100.0,Weekend,Sunday,Light_Load
3.17,3.78,0.0,64.26,100.0,Weekend,Saturday,Light_Load
3.38,4.03,0.0,64.26,100.0,Weekday,Wednesday,Light_Load
3.92,4.82,0.0,63.1,100.0,Weekday,Tuesday,Medium_Load
45.04,11.2,0.14,97.04,100.0,Weekday,Tuesday,Medium_Load
7.6,0.0,22.36,100.0,32.18,Weekday,Wednesday,Medium_Load
2.92,5.83,0.0,44.78,100.0,Weekend,Sunday,Light_Load
2.99,5.72,0.0,46.33,100.0,Weekday,Wednesday,Medium_Load
45.43,22.28,7.31,89.78,98.73,Weekday,Wednesday,Maximum_Load
7.81,4.97,0.0,84.37,100.0,Weekday,Friday,Light_Load
3.28,5.87,0.04,48.78,99.99,Weekday,Friday,Medium_Load
3.92,0.0,24.41,100.0,15.86,Weekday,Wednesday,Light_Load
3.49,3.02,0.0,75.62,100.0,Weekday,Wednesday,Light_Load
4.61,4.21,0.0,73.84,100.0,Weekend,Sunday,Maximum_Load
3.24,4.32,0.0,60.0,100.0,Weekday,Wednesday,Light_Load
103.82,45.5,0.0,91.59,100.0,Weekend,Saturday,Maximum_Load
4.14,3.46,0.07,76.73,99.99,Weekend,Saturday,Light_Load
35.5,19.01,0.65,88.16,99.98,Weekday,Monday,Medium_Load
4.93,6.05,0.0,63.17,100.0,Weekday,Monday,Medium_Load
3.31,0.0,17.35,100.0,18.74,Weekend,Saturday,Medium_Load
4.46,0.0,24.66,100.0,17.8,Weekday,Wednesday,Medium_Load
3.71,1.44,14.58,93.22,24.66,Weekday,Friday,Medium_Load
2.92,4.97,0.0,50.66,100.0,Weekend,Saturday,Light_Load
3.38,2.88,0.0,76.12,100.0,Weekend,Saturday,Light_Load
68.08,44.71,0.0,83.59,100.0,Weekday,Thursday,Maximum_Load
3.24,3.71,0.0,65.78,100.0,Weekday,Wednesday,Light_Load
3.46,0.0,15.34,100.0,22.0,Weekend,Saturday,Light_Load
3.64,0.0,18.07,100.0,19.75,Weekday,Tuesday,Medium_Load
5.22,0.0,26.71,100.0,19.18,Weekday,Wednesday,Medium_Load
3.71,3.02,0.07,77.55,99.98,Weekday,Thursday,Light_Load
2.66,3.38,0.0,61.84,100.0,Weekend,Sunday,Light_Load
71.68,23.72,0.0,94.94,100.0,Weekday,Monday,Maximum_Load
2.88,3.96,0.0,58.82,100.0,Weekend,Saturday,Light_Load
3.13,3.6,0.0,65.61,100.0,Weekend,Saturday,Light_Load
3.38,6.73,0.0,44.88,100.0,Weekday,Tuesday,Medium_Load
114.59,57.6,0.0,89.35,100.0,Weekday,Wednesday,Maximum_Load
3.71,0.0,18.14,100.0,20.04,Weekend,Sunday,Light_Load
86.76,35.06,0.0,92.72,100.0,Weekday,Wednesday,Medium_Load
9.61,0.0,26.03,100.0,34.63,Weekday,Monday,Medium_Load
3.67,4.18,0.0,65.98,100.0,Weekday,Tuesday,Light_Load
4.43,4.75,0.0,68.2,100.0,Weekday,Wednesday,Light_Load
2.7,3.6,0.0,60.0,100.0,Weekend,Saturday,Light_Load
2.84,0.0,20.3,100.0,13.86,Weekday,Wednesday,Light_Load
61.34,29.95,1.37,89.86,99.98,Weekday,Monday,Maximum_Load
67.61,38.05,0.0,87.15,100.0,Weekday,Thursday,Medium_Load
54.18,19.69,0.0,93.99,100.0,Weekday,Tuesday,Maximum_Load
3.56,0.0,18.43,100.0,18.97,Weekend,Sunday,Light_Load
5.87,0.0,10.37,100.0,49.26,Weekday,Wednesday,Maximum_Load
2.59,4.14,0.0,53.04,100.0,Weekend,Saturday,Light_Load
99.29,34.42,0.0,94.48,100.0,Weekday,Monday,Medium_Load
2.81,0.0,10.66,100.0,25.49,Weekend,Saturday,Light_Load
47.63,12.35,0.0,96.8,100.0,Weekday,Monday,Medium_Load
3.64,6.52,0.0,48.75,100.0,Weekday,Friday,Light_Load
2.59,4.5,0.0,49.88,100.0,Weekday,Tuesday,Light_Load
2.95,2.84,0.0,72.04,100.0,Weekend,Saturday,Light_Load
60.08,21.56,0.0,94.12,100.0,Weekday,Monday,Maximum_Load
3.6,3.49,0.0,71.8,100.0,Weekend,Saturday,Light_Load
120.6,51.88,0.0,91.86,100.0,Weekday,Tuesday,Maximum_Load
3.89,0.0,16.27,100.0,23.25,Weekday,Wednesday,Medium_Load
74.59,25.78,0.0,94.51,100.0,Weekday,Tuesday,Medium_Load
35.82,7.02,1.04,98.13,99.96,Weekend,Saturday,Maximum_Load
2.92,4.36,0.0,55.65,100.0,Weekend,Sunday,Light_Load
103.46,28.87,0.0,96.32,100.0,Weekday,Friday,Medium_Load
49.18,19.58,0.0,92.91,100.0,Weekday,Monday,Medium_Load
2.99,6.05,0.0,44.31,100.0,Weekday,Thursday,Light_Load
3.46,2.63,0.22,79.61,99.8,Weekend,Sunday,Light_Load
3.02,5.65,0.0,47.14,100.0,Weekday,Friday,Light_Load
50.08,20.2,0.0,92.74,100.0,Weekday,Wednesday,Maximum_Load
3.42,4.61,0.0,59.58,100.0,Weekday,Monday,Light_Load
2.81,0.0,11.81,100.0,23.15,Weekend,Saturday,Medium_Load
71.24,54.07,0.0,79.66,100.0,Weekday,Thursday,Light_Load
49.57,12.24,0.04,97.08,100.0,Weekday,Monday,Maximum_Load
3.24,2.45,0.04,79.76,99.99,Weekday,Tuesday,Light_Load
3.13,0.0,16.88,100.0,18.23,Weekend,Sunday,Light_Load
3.74,2.92,0.0,78.82,100.0,Weekday,Wednesday,Light_Load
2.92,0.0,5.11,100.0,49.61,Weekday,Wednesday,Light_Load
49.25,18.5,0.0,93.61,100.0,Weekday,Wednesday,Maximum_Load
5.18,0.0,26.64,100.0,19.09,Weekday,Wednesday,Medium_Load
76.93,41.76,0.0,87.89,100.0,Weekday,Monday,Light_Load
3.06,0.0,17.42,100.0,17.3,Weekend,Sunday,Light_Load
103.9,50.51,0.0,89.94,100.0,Weekday,Tuesday,Maximum_Load
71.14,42.19,0.0,86.01,100.0,Weekday,Thursday,Maximum_Load
3.13,2.7,0.0,75.72,100.0,Weekday,Thursday,Light_Load
46.55,43.31,0.0,73.21,100.0,Weekend,Saturday,Light_Load
62.71,37.3,0.0,85.95,100.0,Weekday,Tuesday,Medium_Load
6.34,7.06,0.0,66.81,100.0,Weekday,Friday,Light_Load
3.96,5.58,0.0,57.87,100.0,Weekday,Thursday,Light_Load
59.18,35.14,0.0,85.98,100.0,Weekday,Monday,Maximum_Load
26.39,0.0,12.67,100.0,90.15,Weekday,Friday,Maximum_Load
61.92,30.85,0.0,89.51,100.0,Weekday,Wednesday,Medium_Load
3.35,5.72,0.0,50.54,100.0,Weekend,Saturday,Light_Load
76.32,11.41,0.29,98.9,100.0,Weekday,Wednesday,Maximum_Load
4.0,6.98,0.0,49.72,100.0,Weekday,Tuesday,Light_Load
48.31,13.5,0.0,96.31,100.0,Weekday,Tuesday,Maximum_Load
2.95,0.0,11.66,100.0,24.53,Weekend,Sunday,Medium_Load
2.92,4.14,0.0,57.64,100.0,Weekend,Sunday,Light_Load
3.64,5.36,0.0,56.18,100.0,Weekday,Wednesday,Light_Load
53.42,31.32,0.0,86.27,100.0,Weekday,Tuesday,Maximum_Load
5.9,5.8,0.0,71.31,100.0,Weekday,Tuesday,Light_Load
52.99,17.35,0.0,95.04,100.0,Weekday,Tuesday,Maximum_Load
3.49,5.62,0.0,52.76,100.0,Weekend,Saturday,Light_Load
3.1,0.0,16.99,100.0,17.95,Weekend,Sunday,Light_Load
2.77,5.08,0.0,47.87,100.0,Weekday,Monday,Light_Load
59.44,36.65,0.0,85.12,100.0,Weekday,Tuesday,Medium_Load
3.85,3.38,0.0,75.15,100.0,Weekday,Monday,Light_Load
4.68,7.02,0.0,55.47,100.0,Weekday,Monday,Light_Load
2.74,5.0,0.0,48.06,100.0,Weekday,Thursday,Light_Load
3.13,0.0,5.54,100.0,49.19,Weekend,Sunday,Light_Load
68.94,25.49,0.0,93.79,100.0,Weekday,Thursday,Maximum_Load
2.63,4.64,0.0,49.31,100.0,Weekend,Sunday,Light_Load
3.96,7.2,0.0,48.19,100.0,Weekday,Thursday,Maximum_Load
66.1,33.12,0.0,89.4,100.0,Weekday,Thursday,Medium_Load
74.38,32.15,0.0,91.79,100.0,Weekday,Tuesday,Medium_Load
5.65,0.0,26.78,100.0,20.64,Weekday,Tuesday,Medium_Load
2.81,0.0,10.91,100.0,24.94,Weekend,Sunday,Light_Load
3.2,5.51,0.0,50.22,100.0,Weekday,Tuesday,Light_Load
4.75,4.21,0.0,74.84,100.0,Weekday,Tuesday,Light_Load
41.98,30.24,0.0,81.14,100.0,Weekday,Wednesday,Light_Load
39.17,9.72,0.0,97.06,100.0,Weekday,Monday,Maximum_Load
67.9,38.92,0.0,86.76,100.0,Weekday,Thursday,Maximum_Load
58.61,23.76,0.0,92.67,100.0,Weekend,Saturday,Maximum_Load
3.96,3.31,0.11,76.73,99.96,Weekend,Saturday,Light_Load
3.24,4.54,0.0,58.09,100.0,Weekday,Thursday,Light_Load
3.13,3.89,0.0,62.69,100.0,Weekday,Friday,Light_Load
64.15,35.42,0.0,87.54,100.0,Weekday,Monday,Maximum_Load
31.64,7.34,5.72,97.41,98.4,Weekday,Friday,Medium_Load
5.29,0.0,25.7,100.0,20.16,Weekday,Friday,Medium_Load
33.16,1.3,1.66,99.92,99.87,Weekend,Sunday,Medium_Load
3.78,0.0,17.96,100.0,20.6,Weekend,Sunday,Maximum_Load
2.88,0.0,16.85,100.0,16.85,Weekday,Friday,Light_Load
45.4,20.45,0.0,91.18,100.0,Weekday,Tuesday,Medium_Load
55.26,27.04,0.36,89.82,100.0,Weekday,Tuesday,Maximum_Load
3.31,2.12,0.22,84.21,99.78,Weekday,Tuesday,Light_Load
3.67,0.0,16.74,100.0,21.41,Weekend,Saturday,Light_Load
3.17,0.0,11.48,100.0,26.62,Weekend,Sunday,Light_Load
5.83,5.76,0.0,71.14,100.0,Weekend,Sunday,Light_Load
34.92,29.66,0.0,76.22,100.0,Weekday,Friday,Light_Load
2.99,0.0,6.3,100.0,42.88,Weekday,Wednesday,Medium_Load
3.74,0.0,16.78,100.0,21.75,Weekend,Saturday,Medium_Load
3.06,0.0,13.86,100.0,21.56,Weekend,Sunday,Medium_Load
3.82,0.0,18.94,100.0,19.77,Weekend,Saturday,Medium_Load
106.52,47.12,0.0,91.45,100.0,Weekday,Wednesday,Maximum_Load
51.01,10.15,0.36,98.08,100.0,Weekday,Thursday,Maximum_Load
2.63,4.75,0.0,48.44,100.0,Weekday,Tuesday,Light_Load
62.71,5.72,1.04,99.59,99.99,Weekday,Friday,Medium_Load
96.08,13.14,0.32,99.08,100.0,Weekday,Tuesday,Maximum_Load
3.24,0.0,18.04,100.0,17.68,Weekend,Sunday,Light_Load
2.74,0.0,11.77,100.0,22.67,Weekend,Sunday,Light_Load
2.45,4.0,0.0,52.23,100.0,Weekend,Saturday,Light_Load
55.44,22.82,0.0,92.47,100.0,Weekday,Wednesday,Medium_Load
88.06,38.02,0.0,91.81,100.0,Weekday,Thursday,Light_Load
7.06,2.88,3.96,92.59,87.22,Weekday,Thursday,Medium_Load
2.66,4.64,0.0,49.73,100.0,Weekend,Saturday,Light_Load
42.26,19.73,0.0,90.61,100.0,Weekday,Monday,Maximum_Load
5.51,0.0,26.53,100.0,20.33,Weekday,Monday,Medium_Load
39.6,15.52,0.0,93.1,100.0,Weekday,Monday,Maximum_Load
3.71,4.5,0.0,63.61,100.0,Weekend,Saturday,Light_Load
3.56,7.09,0.0,44.87,100.0,Weekend,Saturday,Light_Load
113.33,45.94,0.0,92.68,100.0,Weekday,Thursday,Medium_Load
38.48,4.25,0.25,99.4,100.0,Weekday,Monday,Medium_Load
4.36,0.0,16.88,100.0,25.01,Weekday,Thursday,Medium_Load
3.49,4.0,0.0,65.74,100.0,Weekday,Thursday,Light_Load
2.63,4.14,0.0,53.62,100.0,Weekend,Saturday,Light_Load
64.66,41.51,0.0,84.15,100.0,Weekday,Friday,Maximum_Load
3.1,2.56,0.0,77.11,100.0,Weekend,Saturday,Light_Load
60.37,14.9,5.22,97.09,99.63,Weekday,Friday,Maximum_Load
4.97,4.9,0.0,71.21,100.0,Weekday,Friday,Light_Load
3.6,4.9,0.0,59.21,100.0,Weekday,Friday,Light_Load
97.88,43.67,0.0,91.32,100.0,Weekday,Wednesday,Medium_Load
63.11,18.4,0.0,96.0,100.0,Weekday,Monday,Medium_Load
2.63,5.36,0.11,44.05,99.91,Weekend,Sunday,Light_Load
3.1,3.31,0.11,68.36,99.94,Weekend,Sunday,Light_Load
2.92,0.0,12.06,100.0,23.53,Weekend,Sunday,Light_Load
47.38,9.32,0.0,98.12,100.0,Weekday,Monday,Medium_Load
2.88,4.54,0.0,53.57,100.0,Weekday,Thursday,Light_Load
3.31,5.18,0.0,53.85,100.0,Weekday,Tuesday,Light_Load
47.66,15.12,0.0,95.32,100.0,Weekday,Tuesday,Maximum_Load
86.44,30.42,0.0,94.33,100.0,Weekday,Tuesday,Medium_Load
9.72,12.82,0.0,60.42,100.0,Weekend,Saturday,Light_Load
3.38,2.56,0.0,79.72,100.0,Weekend,Sunday,Light_Load
108.32,46.91,0.0,91.76,100.0,Weekday,Monday,Maximum_Load
2.95,2.12,0.14,81.21,99.89,Weekday,Tuesday,Light_Load
8.39,0.0,25.38,100.0,31.39,Weekday,Monday,Medium_Load
4.61,3.92,0.0,76.18,100.0,Weekday,Tuesday,Maximum_Load
101.27,55.04,0.0,87.86,100.0,Weekday,Thursday,Light_Load
2.52,4.82,0.0,46.33,100.0,Weekday,Thursday,Light_Load
2.88,3.89,0.0,59.5,100.0,Weekday,Monday,Light_Load
23.0,7.02,4.03,95.64,98.5,Weekend,Saturday,Maximum_Load
33.62,12.46,0.0,93.77,100.0,Weekday,Tuesday,Medium_Load
4.61,5.33,0.0,65.42,100.0,Weekday,Friday,Light_Load
3.85,5.51,0.0,57.28,100.0,Weekday,Tuesday,Light_Load
2.92,5.98,0.0,43.88,100.0,Weekday,Friday,Light_Load
59.83,11.66,0.0,98.15,100.0,Weekday,Thursday,Maximum_Load
2.77,4.5,0.0,52.42,100.0,Weekend,Sunday,Light_Load
59.26,37.66,0.0,84.4,100.0,Weekday,Thursday,Maximum_Load
3.6,4.39,0.0,63.41,100.0,Weekday,Tuesday,Light_Load
3.78,6.34,0.0,51.21,100.0,Weekday,Friday,Light_Load
42.73,13.82,0.0,95.15,100.0,Weekday,Wednesday,Maximum_Load
3.02,0.0,16.2,100.0,18.33,Weekday,Friday,Light_Load
10.3,0.0,25.74,100.0,37.15,Weekday,Thursday,Medium_Load
40.39,39.2,0.0,71.76,100.0,Weekend,Saturday,Light_Load
75.67,42.66,0.0,87.11,100.0,Weekday,Thursday,Maximum_Load
2.66,4.25,0.0,53.05,100.0,Weekend,Saturday,Light_Load
59.83,37.44,0.0,84.77,100.0,Weekday,Tuesday,Maximum_Load
65.92,34.13,0.0,88.8,100.0,Weekday,Wednesday,Maximum_Load
3.56,6.08,0.0,50.53,100.0,Weekday,Thursday,Light_Load
2.59,3.85,0.0,55.82,100.0,Weekday,Wednesday,Light_Load
3.46,4.54,0.0,60.61,100.0,Weekend,Sunday,Light_Load
2.52,4.79,0.0,46.56,100.0,Weekend,Sunday,Light_Load
4.1,3.89,0.0,72.54,100.0,Weekend,Sunday,Light_Load
3.6,3.24,0.0,74.33,100.0,Weekend,Saturday,Light_Load
3.42,0.0,11.16,100.0,29.3,Weekend,Sunday,Light_Load
4.79,0.0,20.7,100.0,22.54,Weekend,Saturday,Medium_Load
6.73,6.59,0.0,71.45,100.0,Weekday,Wednesday,Light_Load
39.35,28.22,0.0,81.26,100.0,Weekday,Tuesday,Light_Load
60.3,31.57,0.0,88.59,100.0,Weekday,Monday,Medium_Load
4.68,4.03,0.0,75.78,100.0,Weekday,Tuesday,Light_Load
110.81,50.0,0.0,91.15,100.0,Weekday,Friday,Medium_Load
33.84,15.37,5.0,91.05,98.93,Weekday,Friday,Maximum_Load
49.32,3.13,2.92,99.8,99.83,Weekend,Saturday,Maximum_Load
4.79,3.82,0.0,78.18,100.0,Weekend,Saturday,Light_Load
47.38,29.63,0.0,84.79,100.0,Weekday,Monday,Medium_Load
30.96,0.0,12.42,100.0,92.81,Weekday,Monday,Maximum_Load
62.6,27.94,0.0,91.32,100.0,Weekday,Monday,Medium_Load
3.24,5.29,0.0,52.23,100.0,Weekday,Wednesday,Light_Load
3.24,0.0,16.56,100.0,19.2,Weekend,Saturday,Medium_Load
51.98,26.53,0.0,89.07,100.0,Weekday,Friday,Medium_Load
4.14,0.0,26.5,100.0,15.44,Weekday,Friday,Medium_Load
49.54,19.69,0.0,92.93,100.0,Weekday,Wednesday,Maximum_Load
3.67,4.86,0.0,60.26,100.0,Weekday,Friday,Light_Load
3.56,0.0,26.5,100.0,13.31,Weekend,Saturday,Medium_Load
2.92,6.05,0.0,43.47,100.0,Weekday,Thursday,Light_Load
3.53,0.0,17.86,100.0,19.39,Weekend,Saturday,Medium_Load
4.68,0.0,22.03,100.0,20.78,Weekend,Sunday,Light_Load
61.38,40.39,0.0,83.54,100.0,Weekday,Thursday,Maximum_Load
4.5,8.71,0.0,45.9,100.0,Weekday,Wednesday,Medium_Load
2.81,5.0,0.0,48.99,100.0,Weekday,Monday,Light_Load
3.92,0.0,26.89,100.0,14.43,Weekday,Wednesday,Medium_Load
3.2,4.1,0.0,61.53,100.0,Weekday,Thursday,Light_Load
3.38,0.0,18.76,100.0,17.73,Weekend,Saturday,Light_Load
3.06,6.77,0.0,41.19,100.0,Weekday,Tuesday,Light_Load
3.46,6.44,0.0,47.33,100.0,Weekend,Sunday,Light_Load
3.71,0.0,13.0,100.0,27.44,Weekend,Saturday,Light_Load
6.77,0.0,25.56,100.0,25.6,Weekend,Saturday,Maximum_Load
133.78,45.72,0.0,94.63,100.0,Weekday,Friday,Medium_Load
2.77,5.18,0.0,47.16,100.0,Weekend,Sunday,Light_Load
46.91,12.46,0.0,96.65,100.0,Weekday,Friday,Medium_Load
3.53,0.0,16.24,100.0,21.24,Weekend,Sunday,Light_Load
4.54,0.0,21.38,100.0,20.77,Weekend,Sunday,Medium_Load
4.68,5.58,0.0,64.26,100.0,Weekday,Tuesday,Light_Load
3.38,5.65,0.0,51.34,100.0,Weekday,Monday,Light_Load
5.29,0.0,26.68,100.0,19.45,Weekday,Wednesday,Medium_Load
3.38,2.23,0.0,83.47,100.0,Weekend,Saturday,Light_Load
3.89,2.77,0.32,81.46,99.66,Weekday,Friday,Light_Load
52.45,22.79,0.0,91.72,100.0,Weekday,Friday,Maximum_Load
69.73,34.34,0.0,89.71,100.0,Weekday,Friday,Medium_Load
38.38,0.65,2.48,99.99,99.79,Weekend,Saturday,Maximum_Load
3.1,0.0,16.6,100.0,18.36,Weekend,Sunday,Light_Load
2.7,5.18,0.0,46.22,100.0,Weekday,Tuesday,Light_Load
39.67,13.46,0.25,94.7,100.0,Weekend,Saturday,Maximum_Load
4.1,0.0,20.23,100.0,19.86,Weekend,Sunday,Light_Load
3.06,4.32,0.0,57.8,100.0,Weekend,Sunday,Light_Load
4.07,3.24,0.0,78.24,100.0,Weekend,Saturday,Light_Load
56.99,35.93,0.0,84.59,100.0,Weekday,Monday,Medium_Load
2.88,4.82,0.0,51.29,100.0,Weekday,Monday,Light_Load
4.9,6.05,0.0,62.94,100.0,Weekday,Friday,Light_Load
2.99,4.82,0.0,52.71,100.0,Weekday,Wednesday,Light_Load
4.75,4.93,0.0,69.38,100.0,Weekday,Friday,Maximum_Load
3.56,0.0,21.67,100.0,16.21,Weekend,Saturday,Light_Load
3.28,0.0,16.92,100.0,19.03,Weekend,Sunday,Light_Load
49.64,14.76,0.0,95.85,100.0,Weekday,Monday,Maximum_Load
98.42,26.86,0.0,96.47,100.0,Weekday,Wednesday,Maximum_Load
69.77,39.17,0.0,87.2,100.0,Weekday,Friday,Maximum_Load
85.86,50.08,0.0,86.38,100.0,Weekday,Monday,Medium_Load
5.33,2.59,0.04,89.94,100.0,Weekday,Friday,Light_Load
53.06,41.33,0.0,78.89,100.0,Weekday,Monday,Maximum_Load
2.74,3.89,0.0,57.59,100.0,Weekend,Sunday,Light_Load
32.58,0.14,3.28,100.0,99.5,Weekday,Monday,Maximum_Load
2.88,4.72,0.0,52.09,100.0,Weekday,Wednesday,Light_Load
54.65,18.22,0.0,94.87,100.0,Weekday,Friday,Maximum_Load
62.53,21.35,0.54,94.64,100.0,Weekday,Tuesday,Medium_Load
3.35,4.75,0.14,57.63,99.91,Weekend,Sunday,Light_Load
88.2,42.44,0.0,90.11,100.0,Weekday,Wednesday,Light_Load
2.99,3.92,0.0,60.65,100.0,Weekday,Tuesday,Light_Load
3.13,0.0,16.67,100.0,18.45,Weekend,Saturday,Light_Load
5.18,0.0,26.46,100.0,19.21,Weekend,Saturday,Maximum_Load
40.39,11.52,0.0,96.16,100.0,Weekend,Saturday,Maximum_Load
3.13,3.67,0.0,64.89,100.0,Weekend,Sunday,Light_Load
34.27,1.73,0.36,99.87,99.99,Weekday,Tuesday,Medium_Load
55.37,25.02,0.0,91.13,100.0,Weekday,Wednesday,Maximum_Load
58.9,32.33,0.0,87.66,100.0,Weekday,Tuesday,Maximum_Load
3.17,3.85,0.0,63.56,100.0,Weekend,Saturday,Light_Load
3.06,4.61,0.0,55.3,100.0,Weekday,Monday,Light_Load
41.76,44.35,0.0,68.55,100.0,Weekday,Tuesday,Light_Load
3.13,0.0,17.14,100.0,17.96,Weekend,Sunday,Light_Load
51.08,22.25,0.0,91.68,100.0,Weekday,Friday,Maximum_Load
54.25,19.51,0.0,94.1,100.0,Weekday,Thursday,Maximum_Load
3.1,6.19,0.0,44.78,100.0,Weekday,Tuesday,Light_Load
3.89,5.76,0.0,55.97,100.0,Weekday,Thursday,Light_Load
56.48,28.15,0.0,89.5,100.0,Weekday,Friday,Medium_Load
65.23,28.55,0.0,91.61,100.0,Weekday,Friday,Maximum_Load
109.4,52.81,0.0,90.06,100.0,Weekday,Monday,Maximum_Load
54.07,22.03,0.0,92.61,100.0,Weekday,Wednesday,Maximum_Load
3.49,0.0,18.25,100.0,18.78,Weekday,Thursday,Medium_Load
59.11,25.31,0.58,91.93,100.0,Weekday,Wednesday,Maximum_Load
7.81,0.0,25.52,100.0,29.26,Weekday,Monday,Medium_Load
3.1,4.07,0.0,60.59,100.0,Weekday,Thursday,Light_Load
3.85,6.7,0.18,49.82,99.89,Weekday,Tuesday,Medium_Load
108.65,33.84,0.0,95.48,100.0,Weekday,Wednesday,Maximum_Load
3.13,5.22,0.0,51.43,100.0,Weekend,Saturday,Light_Load
3.31,4.86,0.0,56.29,100.0,Weekday,Thursday,Light_Load
2.59,4.72,0.0,48.11,100.0,Weekday,Wednesday,Light_Load
2.88,5.54,0.0,46.13,100.0,Weekday,Friday,Light_Load
3.89,0.0,17.32,100.0,21.91,Weekday,Monday,Medium_Load
2.59,4.28,0.0,51.77,100.0,Weekend,Sunday,Light_Load
6.12,7.63,0.0,62.57,100.0,Weekend,Saturday,Light_Load
57.02,26.78,0.0,90.51,100.0,Weekday,Monday,Medium_Load
4.43,6.66,0.0,55.38,100.0,Weekday,Monday,Light_Load
2.95,4.0,0.0,59.35,100.0,Weekend,Sunday,Light_Load
110.27,48.71,0.0,91.47,100.0,Weekday,Thursday,Medium_Load
3.17,3.2,0.0,70.38,100.0,Weekday,Wednesday,Light_Load
71.1,34.49,0.0,89.97,100.0,Weekday,Tuesday,Maximum_Load
36.32,26.06,0.0,81.25,100.0,Weekday,Tuesday,Maximum_Load
63.22,3.35,1.69,99.86,99.96,Weekend,Saturday,Medium_Load
33.91,2.63,8.53,99.7,96.98,Weekday,Monday,Maximum_Load
75.6,38.38,0.0,89.17,100.0,Weekend,Saturday,Medium_Load
4.07,0.0,17.03,100.0,23.24,Weekend,Saturday,Medium_Load
63.29,24.16,0.0,93.42,100.0,Weekday,Thursday,Medium_Load
4.1,3.78,0.0,73.52,100.0,Weekend,Sunday,Light_Load
2.99,0.0,16.2,100.0,18.15,Weekday,Friday,Light_Load
73.55,9.54,0.29,99.17,100.0,Weekday,Friday,Medium_Load
47.52,31.28,0.0,83.53,100.0,Weekday,Wednesday,Medium_Load
4.18,3.67,0.0,75.15,100.0,Weekday,Wednesday,Light_Load
4.82,6.37,0.0,60.34,100.0,Weekday,Thursday,Light_Load
40.75,5.47,4.25,99.11,99.46,Weekday,Wednesday,Medium_Load
2.99,4.32,0.0,56.91,100.0,Weekday,Monday,Light_Load
50.9,32.4,0.0,84.36,100.0,Weekday,Tuesday,Medium_Load
4.54,0.0,22.21,100.0,20.03,Weekend,Saturday,Medium_Load
3.56,0.0,21.56,100.0,16.29,Weekend,Sunday,Light_Load
2.66,5.62,0.0,42.78,100.0,Weekday,Tuesday,Light_Load
60.73,30.49,0.0,89.37,100.0,Weekday,Tuesday,Medium_Load
68.4,39.28,0.0,86.72,100.0,Weekday,Thursday,Maximum_Load
5.4,0.0,21.13,100.0,24.76,Weekday,Monday,Medium_Load
2.99,0.0,14.51,100.0,20.18,Weekend,Sunday,Light_Load
3.56,0.0,14.11,100.0,24.46,Weekend,Sunday,Light_Load
2.66,5.18,0.0,45.68,100.0,Weekday,Monday,Light_Load
91.04,24.08,0.0,96.68,100.0,Weekend,Sunday,Maximum_Load
5.9,0.0,17.96,100.0,31.21,Weekday,Wednesday,Medium_Load
3.2,4.79,0.0,55.55,100.0,Weekday,Friday,Light_Load
110.48,68.65,0.0,84.94,100.0,Weekday,Friday,Medium_Load
5.69,0.0,20.56,100.0,26.67,Weekday,Tuesday,Medium_Load
95.18,46.44,0.0,89.87,100.0,Weekend,Saturday,Medium_Load
4.82,1.73,5.18,94.12,68.12,Weekend,Sunday,Light_Load
5.47,0.0,26.17,100.0,20.46,Weekday,Monday,Medium_Load
6.88,0.0,20.45,100.0,31.89,Weekday,Thursday,Medium_Load
58.9,36.68,0.0,84.89,100.0,Weekday,Monday,Medium_Load
2.7,0.0,4.75,100.0,49.42,Weekend,Sunday,Light_Load
58.68,27.9,0.0,90.31,100.0,Weekday,Friday,Maximum_Load
66.35,26.32,0.0,92.95,100.0,Weekday,Wednesday,Maximum_Load
57.96,34.09,0.0,86.2,100.0,Weekday,Friday,Light_Load
3.92,0.0,17.86,100.0,21.44,Weekend,Sunday,Maximum_Load
73.26,29.63,0.0,92.7,100.0,Weekday,Tuesday,Maximum_Load
3.17,3.02,0.0,72.4,100.0,Weekend,Sunday,Light_Load
68.18,22.14,0.0,95.11,100.0,Weekday,Tuesday,Maximum_Load
110.7,83.41,0.0,79.87,100.0,Weekend,Saturday,Light_Load
2.74,0.0,5.51,100.0,44.53,Weekday,Monday,Light_Load
66.85,50.72,0.0,79.67,100.0,Weekday,Thursday,Maximum_Load
55.4,11.12,0.0,98.04,100.0,Weekend,Saturday,Maximum_Load
2.92,5.62,0.0,46.11,100.0,Weekend,Sunday,Light_Load
4.68,5.76,0.0,63.06,100.0,Weekday,Wednesday,Maximum_Load
107.14,39.85,0.0,93.73,100.0,Weekday,Friday,Medium_Load
3.38,0.0,16.52,100.0,20.04,Weekend,Saturday,Light_Load
3.42,4.28,0.0,62.42,100.0,Weekday,Friday,Light_Load
5.18,0.0,26.64,100.0,19.09,Weekend,Sunday,Maximum_Load
3.64,0.0,19.69,100.0,18.18,Weekend,Saturday,Light_Load
2.81,0.68,6.3,97.19,40.73,Weekend,Sunday,Light_Load
46.69,39.71,0.04,76.18,100.0,Weekday,Thursday,Light_Load
35.71,25.09,0.0,81.82,100.0,Weekday,Wednesday,Light_Load
13.43,2.92,9.86,97.72,80.61,Weekend,Sunday,Maximum_Load
2.84,4.1,0.0,56.94,100.0,Weekend,Sunday,Light_Load
4.25,0.0,16.13,100.0,25.48,Weekday,Friday,Medium_Load
3.13,0.0,11.84,100.0,25.56,Weekend,Sunday,Medium_Load
94.36,27.58,0.0,95.98,100.0,Weekday,Friday,Medium_Load
2.74,4.36,0.0,53.21,100.0,Weekend,Saturday,Light_Load
4.14,0.0,20.52,100.0,19.78,Weekend,Sunday,Light_Load
105.84,64.12,0.0,85.53,100.0,Weekday,Monday,Maximum_Load
3.17,4.25,0.0,59.79,100.0,Weekday,Wednesday,Light_Load
3.89,3.49,0.04,74.43,99.99,Weekday,Tuesday,Light_Load
118.04,69.08,0.0,86.31,100.0,Weekday,Monday,Maximum_Load
2.88,0.0,16.74,100.0,16.96,Weekend,Saturday,Light_Load
3.46,2.34,0.14,82.83,99.92,Weekday,Tuesday,Light_Load
101.2,37.91,0.0,93.65,100.0,Weekend,Saturday,Medium_Load
2.84,4.93,0.0,49.92,100.0,Weekend,Sunday,Light_Load
3.02,5.83,0.0,46.0,100.0,Weekday,Tuesday,Light_Load
49.07,22.32,0.0,91.03,100.0,Weekday,Friday,Maximum_Load
3.2,6.34,0.07,45.06,99.98,Weekend,Saturday,Medium_Load
3.42,0.0,16.92,100.0,19.81,Weekday,Friday,Light_Load
50.62,22.32,0.0,91.5,100.0,Weekend,Saturday,Maximum_Load
35.78,1.62,1.22,99.9,99.94,Weekend,Sunday,Maximum_Load
53.35,15.16,0.0,96.19,100.0,Weekday,Thursday,Maximum_Load
4.43,0.0,18.76,100.0,22.98,Weekend,Saturday,Light_Load
3.67,7.02,0.0,46.33,100.0,Weekday,Tuesday,Light_Load
4.82,0.0,20.48,100.0,22.91,Weekday,Wednesday,Medium_Load
56.63,56.81,0.0,70.6,100.0,Weekday,Wednesday,Light_Load
36.43,1.04,2.38,99.96,99.79,Weekday,Tuesday,Medium_Load
111.42,53.1,0.0,90.27,100.0,Weekday,Friday,Maximum_Load
5.18,0.0,9.61,100.0,47.45,Weekend,Saturday,Light_Load
57.96,27.97,0.0,90.06,100.0,Weekday,Monday,Maximum_Load
38.27,9.58,2.41,97.01,99.8,Weekday,Monday,Medium_Load
3.64,3.82,0.0,68.98,100.0,Weekday,Friday,Medium_Load
3.46,0.0,16.7,100.0,20.29,Weekday,Friday,Light_Load
3.96,0.0,22.21,100.0,17.55,Weekend,Sunday,Light_Load
3.06,5.29,0.0,50.07,100.0,Weekday,Friday,Light_Load
91.98,23.72,0.0,96.83,100.0,Weekday,Tuesday,Medium_Load
47.27,10.62,0.0,97.57,100.0,Weekday,Friday,Maximum_Load
2.88,4.0,0.0,58.43,100.0,Weekday,Monday,Light_Load
49.57,19.91,0.0,92.79,100.0,Weekday,Tuesday,Medium_Load
51.8,3.96,1.73,99.71,99.94,Weekend,Saturday,Maximum_Load
50.11,28.73,0.0,86.75,100.0,Weekday,Monday,Medium_Load
36.97,0.68,2.2,99.98,99.82,Weekend,Saturday,Maximum_Load
2.52,4.75,0.0,46.87,100.0,Weekday,Monday,Light_Load
3.17,4.82,0.0,54.95,100.0,Weekend,Sunday,Light_Load
39.56,40.0,0.0,70.32,100.0,Weekday,Tuesday,Light_Load
128.81,41.04,0.0,95.28,100.0,Weekday,Thursday,Maximum_Load
5.11,2.3,14.26,91.19,33.73,Weekday,Friday,Medium_Load
8.57,0.0,15.08,100.0,49.41,Weekday,Friday,Maximum_Load
5.22,0.0,26.78,100.0,19.13,Weekday,Friday,Medium_Load
37.91,27.07,0.0,81.38,100.0,Weekday,Thursday,Light_Load
2.88,4.75,0.0,51.85,100.0,Weekday,Monday,Light_Load
2.95,0.0,16.96,100.0,17.14,Weekend,Sunday,Light_Load
2.92,5.0,0.0,50.43,100.0,Weekend,Sunday,Light_Load
3.67,5.36,0.0,56.5,100.0,Weekday,Tuesday,Medium_Load
2.81,5.62,0.0,44.72,100.0,Weekday,Thursday,Light_Load
2.92,2.99,0.0,69.87,100.0,Weekday,Monday,Light_Load
4.57,4.32,0.0,72.67,100.0,Weekday,Wednesday,Light_Load
2.7,0.0,11.63,100.0,22.61,Weekday,Tuesday,Light_Load
107.5,28.69,0.0,96.62,100.0,Weekday,Thursday,Medium_Load
99.11,33.41,0.0,94.76,100.0,Weekday,Tuesday,Maximum_Load
50.4,27.32,0.0,87.91,100.0,Weekday,Wednesday,Maximum_Load
33.48,0.0,9.04,100.0,96.54,Weekday,Monday,Maximum_Load
3.1,3.92,0.0,62.03,100.0,Weekend,Sunday,Light_Load
5.83,5.72,0.0,71.38,100.0,Weekend,Sunday,Light_Load
24.62,0.0,9.22,100.0,93.65,Weekend,Saturday,Maximum_Load
35.24,10.98,0.14,95.47,100.0,Weekday,Wednesday,Maximum_Load
2.84,4.86,0.0,50.45,100.0,Weekend,Sunday,Light_Load
3.71,0.0,17.5,100.0,20.74,Weekend,Sunday,Light_Load
3.96,5.94,0.0,55.47,100.0,Weekday,Thursday,Light_Load
3.71,4.68,0.0,62.12,100.0,Weekday,Wednesday,Light_Load
71.39,34.96,0.0,89.81,100.0,Weekday,Friday,Medium_Load
65.63,34.42,0.0,88.56,100.0,Weekday,Monday,Maximum_Load
2.92,5.26,0.0,48.54,100.0,Weekday,Thursday,Light_Load
3.13,5.33,0.0,50.64,100.0,Weekend,Saturday,Light_Load
8.17,0.0,20.95,100.0,36.33,Weekday,Monday,Medium_Load
3.89,0.0,20.63,100.0,18.53,Weekend,Saturday,Light_Load
37.69,5.26,2.38,99.04,99.8,Weekend,Saturday,Medium_Load
104.69,32.36,0.0,95.54,100.0,Weekday,Wednesday,Maximum_Load
2.99,0.0,13.0,100.0,22.41,Weekend,Sunday,Light_Load
4.18,3.53,0.04,76.4,100.0,Weekday,Friday,Light_Load
3.89,2.7,0.4,82.15,99.48,Weekend,Saturday,Light_Load
94.14,24.59,0.0,96.75,100.0,Weekday,Wednesday,Maximum_Load
3.46,5.72,0.0,51.76,100.0,Weekday,Monday,Light_Load
79.99,28.37,0.0,94.25,100.0,Weekend,Saturday,Maximum_Load
43.49,7.74,0.0,98.45,100.0,Weekday,Monday,Maximum_Load
4.64,0.0,21.1,100.0,21.48,Weekend,Saturday,Medium_Load
2.81,5.29,0.0,46.91,100.0,Weekend,Saturday,Light_Load
2.95,5.15,0.0,49.7,100.0,Weekday,Thursday,Light_Load
3.17,2.38,0.0,79.97,100.0,Weekend,Sunday,Light_Load
87.7,41.44,0.0,90.41,100.0,Weekday,Monday,Maximum_Load
96.12,41.51,0.0,91.8,100.0,Weekday,Monday,Medium_Load
75.24,9.32,1.55,99.24,99.98,Weekday,Wednesday,Medium_Load
2.77,5.22,0.0,46.87,100.0,Weekday,Friday,Light_Load
3.56,7.34,0.0,43.64,100.0,Weekend,Saturday,Light_Load
2.95,0.0,17.5,100.0,16.62,Weekend,Sunday,Light_Load
58.14,26.14,0.0,91.21,100.0,Weekday,Wednesday,Maximum_Load
38.74,19.44,0.0,89.38,100.0,Weekday,Friday,Maximum_Load
3.2,5.36,0.0,51.26,100.0,Weekday,Monday,Light_Load
84.13,64.15,0.0,79.52,100.0,Weekday,Thursday,Maximum_Load
29.7,0.36,5.62,99.99,98.26,Weekday,Monday,Medium_Load
3.13,3.82,0.0,63.38,100.0,Weekday,Tuesday,Light_Load
3.64,3.28,0.0,74.29,100.0,Weekday,Monday,Light_Load
5.9,5.4,0.0,73.77,100.0,Weekday,Wednesday,Light_Load
3.38,6.26,0.0,47.51,100.0,Weekend,Sunday,Light_Load
4.03,0.0,26.17,100.0,15.22,Weekend,Saturday,Medium_Load
60.23,34.38,0.0,86.85,100.0,Weekday,Friday,Medium_Load
57.06,37.37,0.0,83.66,100.0,Weekday,Wednesday,Light_Load
7.99,6.37,0.0,78.19,100.0,Weekday,Tuesday,Light_Load
3.13,0.0,13.18,100.0,23.11,Weekend,Sunday,Medium_Load
3.42,0.0,9.79,100.0,32.98,Weekday,Monday,Light_Load
3.67,0.0,16.34,100.0,21.91,Weekend,Sunday,Light_Load
3.6,5.83,0.0,52.54,100.0,Weekend,Saturday,Light_Load
5.47,0.0,25.78,100.0,20.76,Weekday,Monday,Medium_Load
3.06,2.41,0.0,78.56,100.0,Weekday,Thursday,Light_Load
3.24,5.29,0.0,52.23,100.0,Weekday,Thursday,Light_Load
66.71,34.88,0.0,88.62,100.0,Weekday,Wednesday,Maximum_Load
49.79,24.73,0.0,89.56,100.0,Weekday,Wednesday,Medium_Load
4.25,0.0,22.36,100.0,18.67,Weekend,Saturday,Light_Load
2.59,0.0,6.19,100.0,38.6,Weekday,Tuesday,Light_Load
5.0,0.0,27.0,100.0,18.21,Weekend,Sunday,Medium_Load
3.13,0.0,14.54,100.0,21.04,Weekend,Sunday,Light_Load
122.65,65.3,0.0,88.27,100.0,Weekday,Tuesday,Maximum_Load
63.11,31.1,0.0,89.7,100.0,Weekday,Thursday,Maximum_Load
3.35,4.21,0.0,62.27,100.0,Weekday,Thursday,Light_Load
2.92,5.33,0.0,48.05,100.0,Weekend,Sunday,Light_Load
3.24,4.0,0.0,62.94,100.0,Weekday,Friday,Light_Load
3.13,3.85,0.0,63.08,100.0,Weekday,Tuesday,Light_Load
42.59,19.94,0.0,90.57,100.0,Weekday,Monday,Medium_Load
69.08,53.21,0.0,79.22,100.0,Weekday,Thursday,Light_Load
49.21,18.76,0.61,93.44,99.99,Weekday,Friday,Maximum_Load
3.31,5.76,0.0,49.82,100.0,Weekday,Thursday,Light_Load
2.77,4.61,0.0,51.5,100.0,Weekday,Thursday,Light_Load
3.24,0.0,14.36,100.0,22.01,Weekend,Sunday,Medium_Load
4.21,0.0,24.26,100.0,17.1,Weekday,Monday,Light_Load
68.08,37.87,0.0,87.39,100.0,Weekday,Friday,Maximum_Load
88.6,46.08,0.0,88.72,100.0,Weekday,Monday,Maximum_Load
3.31,2.88,0.0,75.44,100.0,Weekend,Saturday,Light_Load
32.26,7.45,0.18,97.44,100.0,Weekday,Thursday,Maximum_Load
3.85,0.0,19.19,100.0,19.67,Weekend,Sunday,Medium_Load
2.92,5.8,0.0,44.97,100.0,Weekday,Wednesday,Light_Load
4.54,0.0,17.14,100.0,25.6,Weekday,Thursday,Medium_Load
3.38,5.4,0.0,53.06,100.0,Weekday,Monday,Light_Load
61.42,33.77,0.0,87.63,100.0,Weekday,Monday,Maximum_Load
45.54,20.81,0.0,90.95,100.0,Weekday,Friday,Medium_Load
4.07,4.68,0.0,65.62,100.0,Weekday,Monday,Medium_Load
3.06,4.72,0.0,54.4,100.0,Weekday,Monday,Light_Load
55.62,19.66,0.0,94.28,100.0,Weekday,Friday,Maximum_Load
2.92,0.0,5.08,100.0,49.83,Weekend,Saturday,Light_Load
3.35,0.0,14.87,100.0,21.98,Weekend,Saturday,Light_Load
44.5,15.41,0.0,94.49,100.0,Weekday,Thursday,Maximum_Load
43.13,27.9,0.0,83.96,100.0,Weekday,Friday,Medium_Load
3.67,6.16,0.0,51.18,100.0,Weekend,Sunday,Light_Load
2.66,4.28,0.0,52.79,100.0,Weekday,Monday,Light_Load
4.97,0.0,26.96,100.0,18.13,Weekend,Sunday,Medium_Load
50.51,39.49,0.0,78.78,100.0,Weekday,Wednesday,Maximum_Load
2.56,5.11,0.0,44.79,100.0,Weekend,Sunday,Light_Load
136.98,53.93,0.0,93.05,100.0,Weekday,Monday,Medium_Load
2.88,4.39,0.0,54.85,100.0,Weekday,Monday,Light_Load
53.96,40.43,0.0,80.03,100.0,Weekday,Friday,Maximum_Load
124.88,49.32,0.0,93.01,100.0,Weekday,Wednesday,Medium_Load
3.49,0.0,11.16,100.0,29.85,Weekday,Thursday,Medium_Load
3.35,2.77,0.0,77.07,100.0,Weekend,Saturday,Light_Load
3.89,6.77,0.0,49.82,100.0,Weekday,Monday,Light_Load
3.82,3.67,0.0,72.11,100.0,Weekend,Sunday,Light_Load
3.17,5.33,0.0,51.12,100.0,Weekday,Friday,Light_Load
3.82,0.0,19.01,100.0,19.7,Weekday,Monday,Light_Load
31.21,0.18,7.06,100.0,97.54,Weekday,Monday,Medium_Load
2.74,0.0,14.18,100.0,18.97,Weekend,Sunday,Light_Load
3.78,4.46,0.0,64.66,100.0,Weekday,Tuesday,Light_Load
2.84,4.03,0.0,57.6,100.0,Weekend,Sunday,Light_Load
3.96,2.95,0.36,80.19,99.59,Weekday,Wednesday,Maximum_Load
2.99,4.97,0.0,51.55,100.0,Weekend,Sunday,Light_Load
4.21,5.62,0.0,59.95,100.0,Weekend,Saturday,Light_Load
3.74,0.0,25.09,100.0,14.74,Weekday,Monday,Medium_Load
2.59,4.18,0.0,52.67,100.0,Weekend,Sunday,Light_Load
5.87,5.87,0.0,70.71,100.0,Weekend,Sunday,Light_Load
2.74,4.97,0.0,48.28,100.0,Weekend,Sunday,Light_Load
3.28,5.22,0.0,53.2,100.0,Weekday,Friday,Light_Load
61.81,26.86,0.0,91.71,100.0,Weekend,Sunday,Maximum_Load
2.81,4.28,0.0,54.88,100.0,Weekend,Saturday,Light_Load
3.56,0.0,12.85,100.0,26.7,Weekend,Saturday,Light_Load
4.0,0.0,26.6,100.0,14.87,Weekday,Thursday,Medium_Load
3.82,5.0,0.0,60.71,100.0,Weekday,Wednesday,Light_Load
3.64,3.02,0.0,76.96,100.0,Weekend,Sunday,Light_Load
4.82,7.7,0.0,53.06,100.0,Weekday,Wednesday,Light_Load
4.1,0.0,16.13,100.0,24.64,Weekday,Monday,Medium_Load
3.02,0.0,13.07,100.0,22.51,Weekend,Saturday,Light_Load
3.71,3.2,0.04,75.72,99.99,Weekend,Saturday,Light_Load
39.49,7.09,0.4,98.43,99.99,Weekday,Wednesday,Medium_Load
58.64,30.1,0.0,88.96,100.0,Weekday,Tuesday,Maximum_Load
3.2,4.36,0.0,59.17,100.0,Weekday,Tuesday,Light_Load
51.8,12.35,4.03,97.27,99.7,Weekday,Thursday,Medium_Load
61.74,58.25,0.0,72.74,100.0,Weekday,Friday,Light_Load
3.96,0.04,16.13,99.99,23.84,Weekday,Tuesday,Medium_Load
52.92,29.92,0.0,87.05,100.0,Weekday,Wednesday,Medium_Load
3.78,3.53,0.0,73.09,100.0,Weekday,Wednesday,Light_Load
6.48,5.26,0.0,77.64,100.0,Weekend,Saturday,Light_Load
2.88,5.36,0.0,47.33,100.0,Weekday,Friday,Light_Load
2.99,0.0,16.99,100.0,17.33,Weekend,Sunday,Light_Load
4.46,0.0,21.92,100.0,19.94,Weekday,Monday,Maximum_Load
4.64,0.0,25.74,100.0,17.74,Weekday,Wednesday,Medium_Load
2.84,4.07,0.0,57.22,100.0,Weekday,Monday,Light_Load
4.32,0.0,16.27,100.0,25.66,Weekend,Sunday,Light_Load
3.02,5.8,0.0,46.18,100.0,Weekday,Friday,Light_Load
20.2,16.42,0.0,77.6,100.0,Weekend,Sunday,Light_Load
28.58,0.83,4.72,99.96,98.66,Weekend,Saturday,Medium_Load
5.8,0.54,10.62,99.57,47.93,Weekday,Thursday,Medium_Load
47.38,23.65,0.0,89.47,100.0,Weekday,Thursday,Maximum_Load
64.94,33.44,0.0,88.91,100.0,Weekday,Friday,Medium_Load
3.64,5.62,0.0,54.36,100.0,Weekday,Friday,Light_Load
49.93,14.36,0.0,96.1,100.0,Weekday,Wednesday,Maximum_Load
55.76,32.65,0.0,86.29,100.0,Weekday,Tuesday,Maximum_Load
5.4,1.8,15.44,94.87,33.01,Weekday,Thursday,Medium_Load
63.04,28.3,0.0,91.23,100.0,Weekday,Tuesday,Maximum_Load
51.95,24.08,0.0,90.73,100.0,Weekday,Monday,Medium_Load
2.59,5.76,0.0,41.01,100.0,Weekday,Tuesday,Light_Load
59.29,34.2,0.0,86.62,100.0,Weekday,Monday,Medium_Load
2.52,4.1,0.0,52.36,100.0,Weekend,Saturday,Light_Load
54.86,20.3,0.0,93.79,100.0,Weekday,Monday,Maximum_Load
40.68,22.39,0.0,87.61,100.0,Weekday,Wednesday,Medium_Load
39.38,5.94,0.25,98.88,100.0,Weekday,Tuesday,Maximum_Load
2.74,5.04,0.0,47.76,100.0,Weekend,Saturday,Light_Load
3.1,3.71,0.0,64.12,100.0,Weekday,Tuesday,Light_Load
3.6,4.14,0.0,65.62,100.0,Weekday,Monday,Light_Load
3.42,0.0,5.0,100.0,56.46,Weekday,Monday,Light_Load
3.49,0.0,15.55,100.0,21.9,Weekend,Sunday,Light_Load
110.52,60.98,0.0,87.56,100.0,Weekday,Thursday,Maximum_Load
3.71,4.28,0.0,65.5,100.0,Weekend,Saturday,Light_Load
131.0,62.42,0.0,90.28,100.0,Weekday,Friday,Maximum_Load
4.79,0.0,20.7,100.0,22.54,Weekend,Saturday,Medium_Load
2.99,0.0,16.81,100.0,17.51,Weekend,Sunday,Light_Load
116.89,48.1,0.0,92.48,100.0,Weekday,Friday,Medium_Load
3.46,4.68,0.0,59.45,100.0,Weekend,Sunday,Light_Load
76.14,30.6,0.0,92.79,100.0,Weekday,Tuesday,Medium_Load
83.3,39.92,0.0,90.18,100.0,Weekday,Wednesday,Medium_Load
68.4,42.3,0.0,85.05,100.0,Weekday,Wednesday,Medium_Load
12.38,0.0,17.5,100.0,57.75,Weekday,Thursday,Medium_Load
75.13,28.8,0.0,93.37,100.0,Weekday,Wednesday,Maximum_Load
66.74,37.12,0.0,87.39,100.0,Weekday,Wednesday,Medium_Load
3.02,0.0,16.27,100.0,18.25,Weekday,Tuesday,Medium_Load
89.46,33.77,0.0,93.56,100.0,Weekday,Monday,Maximum_Load
3.17,3.82,0.0,63.86,100.0,Weekday,Thursday,Light_Load
72.14,19.26,4.64,96.62,99.79,Weekday,Tuesday,Medium_Load
5.62,0.0,17.46,100.0,30.64,Weekday,Monday,Medium_Load
2.7,5.62,0.0,43.3,100.0,Weekday,Thursday,Light_Load
2.77,4.64,0.0,51.26,100.0,Weekend,Sunday,Light_Load
3.2,5.58,0.0,49.75,100.0,Weekday,Tuesday,Light_Load
3.38,6.01,0.0,49.02,100.0,Weekday,Tuesday,Light_Load
3.42,0.0,16.92,100.0,19.81,Weekday,Friday,Light_Load
3.31,4.21,0.0,61.81,100.0,Weekday,Thursday,Light_Load
4.1,0.0,17.03,100.0,23.41,Weekend,Sunday,Medium_Load
3.74,6.66,0.0,48.96,100.0,Weekday,Wednesday,Light_Load
89.32,40.32,0.0,91.14,100.0,Weekday,Monday,Maximum_Load
4.14,2.88,0.32,82.09,99.7,Weekday,Wednesday,Light_Load
2.92,4.9,0.0,51.19,100.0,Weekday,Thursday,Light_Load
3.53,4.9,0.0,58.45,100.0,Weekday,Tuesday,Light_Load
3.1,0.0,16.7,100.0,18.25,Weekday,Thursday,Light_Load
2.74,5.04,0.0,47.76,100.0,Weekend,Saturday,Light_Load
28.73,22.9,0.0,78.2,100.0,Weekday,Tuesday,Light_Load
55.15,11.52,0.07,97.89,100.0,Weekday,Friday,Medium_Load
3.38,7.31,0.0,41.97,100.0,Weekday,Wednesday,Light_Load
2.92,5.4,0.0,47.57,100.0,Weekday,Monday,Light_Load
52.49,19.73,0.0,93.61,100.0,Weekday,Monday,Maximum_Load
3.82,0.0,17.1,100.0,21.8,Weekday,Wednesday,Medium_Load
3.2,4.54,0.0,57.61,100.0,Weekday,Wednesday,Light_Load
5.94,5.94,0.0,70.71,100.0,Weekend,Sunday,Light_Load
3.67,0.0,20.52,100.0,17.61,Weekend,Saturday,Light_Load
91.4,49.64,0.0,87.88,100.0,Weekday,Wednesday,Maximum_Load
48.96,13.54,0.0,96.38,100.0,Weekday,Wednesday,Maximum_Load
64.4,31.43,0.0,89.87,100.0,Weekday,Friday,Maximum_Load
55.3,40.03,0.0,81.0,100.0,Weekday,Wednesday,Light_Load
41.76,16.34,0.0,93.12,100.0,Weekday,Monday,Maximum_Load
3.35,0.0,14.0,100.0,23.27,Weekend,Saturday,Light_Load
4.64,4.79,0.0,69.58,100.0,Weekend,Sunday,Light_Load
4.64,5.18,0.0,66.72,100.0,Weekday,Thursday,Light_Load
3.02,0.0,16.74,100.0,17.75,Weekend,Sunday,Light_Load
2.56,5.11,0.0,44.79,100.0,Weekday,Wednesday,Light_Load
107.1,43.38,3.82,92.69,99.94,Weekday,Friday,Medium_Load
2.95,4.61,0.0,53.9,100.0,Weekday,Monday,Light_Load
2.95,4.32,0.0,56.39,100.0,Weekday,Wednesday,Light_Load
48.38,40.21,0.0,76.91,100.0,Weekday,Friday,Maximum_Load
77.15,42.88,0.0,87.41,100.0,Weekday,Thursday,Maximum_Load
5.94,4.97,0.0,76.69,100.0,Weekend,Saturday,Light_Load
3.85,4.93,0.0,61.55,100.0,Weekend,Saturday,Light_Load
70.6,26.1,0.0,93.8,100.0,Weekday,Wednesday,Medium_Load
36.86,4.32,0.0,99.32,100.0,Weekday,Monday,Medium_Load
4.82,3.85,0.0,78.13,100.0,Weekday,Tuesday,Light_Load
3.53,0.0,17.06,100.0,20.26,Weekend,Sunday,Light_Load
7.81,0.0,26.06,100.0,28.71,Weekday,Thursday,Medium_Load
3.74,3.96,0.0,68.66,100.0,Weekend,Sunday,Light_Load
56.66,36.4,0.0,84.13,100.0,Weekday,Friday,Maximum_Load
2.88,4.75,0.0,51.85,100.0,Weekend,Saturday,Light_Load
57.1,14.0,0.0,97.12,100.0,Weekday,Tuesday,Medium_Load
48.89,17.6,0.0,94.09,100.0,Weekday,Tuesday,Medium_Load
88.42,36.14,0.0,92.57,100.0,Weekday,Thursday,Maximum_Load
41.18,16.42,0.36,92.89,100.0,Weekend,Saturday,Light_Load
63.86,45.43,0.0,81.48,100.0,Weekday,Tuesday,Maximum_Load
3.28,4.97,0.0,55.08,100.0,Weekday,Friday,Light_Load
65.23,27.97,0.0,91.91,100.0,Weekday,Thursday,Medium_Load
113.15,69.91,0.0,85.07,100.0,Weekday,Thursday,Maximum_Load
4.1,6.37,0.0,54.12,100.0,Weekday,Tuesday,Light_Load
3.1,5.69,0.0,47.84,100.0,Weekday,Friday,Light_Load
52.99,8.86,0.18,98.63,100.0,Weekday,Monday,Maximum_Load
2.77,5.15,0.0,47.37,100.0,Weekday,Tuesday,Light_Load
2.63,3.71,0.0,57.83,100.0,Weekday,Tuesday,Light_Load
3.35,2.48,0.04,80.37,99.99,Weekend,Sunday,Light_Load
2.7,3.56,0.0,60.43,100.0,Weekend,Saturday,Light_Load
3.06,3.38,0.0,67.11,100.0,Weekend,Sunday,Light_Load
54.0,38.92,0.0,81.12,100.0,Weekday,Thursday,Maximum_Load
4.32,4.07,0.0,72.79,100.0,Weekday,Monday,Light_Load
3.17,5.98,0.0,46.84,100.0,Weekday,Thursday,Light_Load
3.49,6.08,0.0,49.78,100.0,Weekday,Monday,Light_Load
2.88,4.03,0.0,58.14,100.0,Weekend,Saturday,Light_Load
104.76,36.22,0.0,94.51,100.0,Weekday,Thursday,Maximum_Load
103.68,33.34,0.0,95.2,100.0,Weekday,Tuesday,Maximum_Load
2.92,6.16,0.0,42.83,100.0,Weekday,Friday,Light_Load
3.96,3.31,0.04,76.73,99.99,Weekday,Wednesday,Light_Load
3.2,0.0,17.06,100.0,18.44,Weekend,Sunday,Light_Load
2.84,4.64,0.0,52.2,100.0,Weekday,Monday,Light_Load
5.11,0.0,17.14,100.0,28.57,Weekday,Wednesday,Medium_Load
3.38,0.0,17.35,100.0,19.12,Weekend,Saturday,Light_Load
3.24,0.0,14.87,100.0,21.29,Weekday,Monday,Light_Load
5.9,6.23,0.0,68.76,100.0,Weekend,Sunday,Light_Load
3.02,3.85,0.0,61.72,100.0,Weekend,Saturday,Light_Load
2.7,0.0,11.88,100.0,22.16,Weekend,Sunday,Light_Load
124.13,57.46,0.0,90.75,100.0,Weekday,Wednesday,Maximum_Load
130.03,63.79,0.0,89.78,100.0,Weekday,Friday,Maximum_Load
4.93,0.0,27.04,100.0,17.94,Weekend,Sunday,Medium_Load
3.85,3.02,0.25,78.68,99.79,Weekday,Thursday,Maximum_Load
54.58,22.5,0.0,92.45,100.0,Weekday,Wednesday,Maximum_Load
3.24,3.53,0.0,67.62,100.0,Weekday,Monday,Light_Load
3.64,0.0,18.68,100.0,19.13,Weekend,Saturday,Light_Load
35.78,0.94,1.76,99.97,99.88,Weekday,Thursday,Medium_Load
4.72,3.89,0.0,77.17,100.0,Weekday,Tuesday,Light_Load
69.3,37.62,0.0,87.89,100.0,Weekday,Monday,Medium_Load
62.5,42.7,0.0,82.57,100.0,Weekday,Tuesday,Medium_Load
110.05,61.06,0.0,87.44,100.0,Weekday,Thursday,Maximum_Load
4.25,6.62,0.0,54.02,100.0,Weekday,Friday,Light_Load
3.06,0.0,16.78,100.0,17.94,Weekday,Wednesday,Medium_Load
54.22,28.62,0.0,88.44,100.0,Weekday,Friday,Maximum_Load
3.85,0.0,26.17,100.0,14.55,Weekend,Saturday,Light_Load
4.03,4.61,0.0,65.82,100.0,Weekday,Thursday,Light_Load
2.88,4.54,0.0,53.57,100.0,Weekday,Friday,Light_Load
3.6,3.82,0.0,68.58,100.0,Weekday,Friday,Medium_Load
32.29,24.19,0.0,80.03,100.0,Weekday,Thursday,Light_Load
60.01,44.78,0.0,80.15,100.0,Weekday,Friday,Maximum_Load
124.63,67.07,0.0,88.06,100.0,Weekday,Friday,Maximum_Load
106.16,45.76,0.0,91.83,100.0,Weekday,Friday,Medium_Load
4.93,3.56,0.0,81.07,100.0,Weekday,Thursday,Medium_Load
3.89,6.55,0.11,51.06,99.96,Weekday,Friday,Medium_Load
55.73,51.48,0.0,73.46,100.0,Weekday,Friday,Light_Load
2.88,5.51,0.0,46.32,100.0,Weekday,Monday,Light_Load
3.85,3.85,0.0,70.71,100.0,Weekday,Friday,Light_Load
28.37,2.16,7.52,99.71,96.66,Weekday,Monday,Medium_Load
96.41,62.96,0.0,83.73,100.0,Weekday,Tuesday,Maximum_Load
2.84,0.0,7.52,100.0,35.33,Weekend,Sunday,Light_Load
46.55,17.82,0.0,93.39,100.0,Weekend,Saturday,Maximum_Load
2.77,0.0,11.23,100.0,23.95,Weekend,Sunday,Light_Load
105.37,56.7,0.0,88.06,100.0,Weekday,Thursday,Maximum_Load
3.17,0.0,16.38,100.0,19.0,Weekend,Sunday,Light_Load
43.85,20.88,0.0,90.29,100.0,Weekday,Thursday,Maximum_Load
30.85,1.15,1.66,99.93,99.86,Weekend,Sunday,Maximum_Load
3.56,4.64,0.0,60.87,100.0,Weekday,Thursday,Light_Load
4.07,0.0,22.57,100.0,17.75,Weekday,Monday,Light_Load
4.61,4.64,0.0,70.48,100.0,Weekday,Thursday,Light_Load
3.64,0.0,18.22,100.0,19.59,Weekday,Tuesday,Medium_Load
50.94,15.7,0.0,95.56,100.0,Weekday,Monday,Maximum_Load
111.02,44.14,0.0,92.92,100.0,Weekday,Monday,Medium_Load
7.16,0.0,20.52,100.0,32.94,Weekday,Wednesday,Medium_Load
63.36,32.98,0.0,88.7,100.0,Weekday,Wednesday,Maximum_Load
39.53,7.78,0.32,98.12,100.0,Weekday,Tuesday,Medium_Load
2.95,5.15,0.0,49.7,100.0,Weekend,Sunday,Light_Load
36.97,0.25,6.84,100.0,98.33,Weekday,Thursday,Maximum_Load
4.54,4.36,0.0,72.13,100.0,Weekday,Monday,Light_Load
57.06,26.21,0.0,90.87,100.0,Weekday,Monday,Maximum_Load
76.18,31.28,0.0,92.51,100.0,Weekday,Thursday,Medium_Load
3.13,4.39,0.0,58.05,100.0,Weekday,Wednesday,Light_Load
57.13,36.94,0.0,83.97,100.0,Weekday,Friday,Maximum_Load
2.74,5.29,0.0,45.99,100.0,Weekend,Sunday,Light_Load
41.98,39.89,0.0,72.49,100.0,Weekend,Saturday,Light_Load
54.0,19.08,5.62,94.29,99.46,Weekday,Thursday,Medium_Load
3.02,0.0,4.57,100.0,55.13,Weekday,Thursday,Light_Load
54.65,25.2,0.0,90.81,100.0,Weekday,Thursday,Maximum_Load
46.98,11.23,0.18,97.26,100.0,Weekday,Monday,Medium_Load
3.28,0.0,16.34,100.0,19.68,Weekend,Saturday,Medium_Load
54.04,22.28,0.0,92.45,100.0,Weekday,Monday,Maximum_Load
47.48,18.72,0.0,93.03,100.0,Weekend,Saturday,Maximum_Load
68.62,7.45,0.65,99.42,100.0,Weekday,Monday,Maximum_Load
66.02,36.22,0.0,87.67,100.0,Weekday,Tuesday,Medium_Load
33.77,7.99,7.27,97.31,97.76,Weekday,Friday,Maximum_Load
83.63,43.09,0.0,88.89,100.0,Weekday,Thursday,Medium_Load
3.42,5.04,0.0,56.15,100.0,Weekday,Monday,Light_Load
66.6,28.87,3.6,91.75,99.85,Weekday,Wednesday,Medium_Load
46.04,19.08,0.0,92.38,100.0,Weekday,Thursday,Medium_Load
63.04,30.24,0.0,90.16,100.0,Weekday,Tuesday,Medium_Load
3.64,0.0,22.32,100.0,16.1,Weekday,Thursday,Light_Load
4.93,0.0,25.99,100.0,18.64,Weekday,Tuesday,Medium_Load
5.58,0.0,26.17,100.0,20.85,Weekday,Monday,Medium_Load
3.96,5.76,0.0,56.65,100.0,Weekday,Thursday,Light_Load
64.15,50.15,0.0,78.78,100.0,Weekday,Wednesday,Maximum_Load
2.77,5.47,0.0,45.18,100.0,Weekday,Thursday,Light_Load
3.06,3.78,0.0,62.92,100.0,Weekday,Monday,Light_Load
5.58,2.84,0.29,89.12,99.87,Weekday,Tuesday,Light_Load
3.13,5.54,0.0,49.19,100.0,Weekend,Saturday,Light_Load
56.48,6.55,2.23,99.33,99.92,Weekday,Thursday,Medium_Load
3.13,3.17,0.0,70.26,100.0,Weekday,Monday,Light_Load
90.07,38.05,0.0,92.12,100.0,Weekday,Monday,Maximum_Load
132.77,70.99,0.0,88.19,100.0,Weekday,Thursday,Maximum_Load
3.74,0.0,18.14,100.0,20.19,Weekend,Saturday,Medium_Load
2.99,4.5,0.0,55.34,100.0,Weekday,Wednesday,Light_Load
2.84,4.21,0.0,55.92,100.0,Weekday,Tuesday,Light_Load
2.88,5.69,0.0,45.16,100.0,Weekday,Thursday,Light_Load
4.61,4.61,0.0,70.71,100.0,Weekday,Wednesday,Light_Load
2.52,5.22,0.0,43.47,100.0,Weekend,Sunday,Light_Load
50.29,20.56,0.0,92.56,100.0,Weekday,Monday,Medium_Load
2.92,0.0,16.78,100.0,17.14,Weekday,Tuesday,Medium_Load
106.16,35.6,0.0,94.81,100.0,Weekday,Thursday,Medium_Load
3.6,3.2,0.0,74.74,100.0,Weekday,Wednesday,Light_Load
76.79,23.98,0.0,95.45,100.0,Weekday,Monday,Medium_Load
3.71,0.0,18.07,100.0,20.11,Weekend,Saturday,Maximum_Load
36.43,34.85,0.0,72.26,100.0,Weekday,Thursday,Light_Load
32.72,2.16,1.84,99.78,99.84,Weekend,Sunday,Maximum_Load
61.99,29.34,0.0,90.39,100.0,Weekday,Thursday,Maximum_Load
109.22,50.65,0.0,90.72,100.0,Weekday,Monday,Medium_Load
2.7,0.0,5.4,100.0,44.72,Weekday,Wednesday,Light_Load
39.2,11.2,0.36,96.15,100.0,Weekday,Wednesday,Maximum_Load
3.74,5.47,0.0,56.44,100.0,Weekday,Tuesday,Medium_Load
5.29,0.04,19.04,100.0,26.77,Weekday,Monday,Medium_Load
60.7,27.11,0.0,91.31,100.0,Weekday,Wednesday,Maximum_Load
31.5,0.0,7.99,100.0,96.93,Weekday,Wednesday,Maximum_Load
5.15,0.0,27.07,100.0,18.69,Weekday,Monday,Medium_Load
3.17,0.0,16.99,100.0,18.34,Weekend,Sunday,Light_Load
51.77,33.08,0.0,84.27,100.0,Weekday,Friday,Medium_Load
79.85,9.18,1.84,99.35,99.97,Weekday,Tuesday,Maximum_Load
59.62,32.94,0.0,87.53,100.0,Weekday,Friday,Maximum_Load
4.21,0.0,16.74,100.0,24.39,Weekend,Sunday,Light_Load
72.07,37.01,0.0,88.96,100.0,Weekend,Saturday,Light_Load
74.84,23.87,0.0,95.27,100.0,Weekday,Friday,Medium_Load
96.16,50.26,0.0,88.62,100.0,Weekday,Tuesday,Maximum_Load
46.33,8.78,2.88,98.25,99.81,Weekday,Monday,Medium_Load
2.81,4.32,0.0,54.53,100.0,Weekend,Saturday,Light_Load
6.55,8.64,0.0,60.41,100.0,Weekend,Saturday,Light_Load
2.92,0.0,16.92,100.0,17.01,Weekend,Saturday,Light_Load
66.06,31.54,0.0,90.24,100.0,Weekday,Friday,Maximum_Load
3.06,3.64,0.0,64.35,100.0,Weekday,Thursday,Light_Load
67.61,41.58,0.0,85.18,100.0,Weekday,Friday,Maximum_Load
2.84,5.62,0.0,45.1,100.0,Weekday,Friday,Light_Load
42.48,10.87,0.0,96.88,100.0,Weekday,Thursday,Medium_Load
4.1,3.82,0.0,73.16,100.0,Weekend,Saturday,Light_Load
2.56,3.67,0.0,57.21,100.0,Weekend,Sunday,Light_Load
54.0,30.67,0.0,86.95,100.0,Weekday,Monday,Maximum_Load
52.88,29.09,0.0,87.62,100.0,Weekday,Wednesday,Maximum_Load
100.73,36.83,0.0,93.92,100.0,Weekday,Wednesday,Medium_Load
3.24,0.0,7.13,100.0,41.37,Weekend,Saturday,Medium_Load
3.71,4.68,0.0,62.12,100.0,Weekday,Thursday,Medium_Load
3.67,0.0,18.5,100.0,19.46,Weekend,Saturday,Light_Load
72.9,8.5,0.36,99.33,100.0,Weekday,Monday,Medium_Load
2.66,5.62,0.0,42.78,100.0,Weekday,Monday,Medium_Load
6.73,4.54,0.0,82.9,100.0,Weekday,Tuesday,Light_Load
2.66,4.75,0.0,48.86,100.0,Weekend,Sunday,Light_Load
3.49,0.61,13.32,98.51,25.35,Weekend,Sunday,Light_Load
40.28,4.43,0.07,99.4,100.0,Weekday,Thursday,Medium_Load
24.73,1.66,4.18,99.78,98.6,Weekday,Monday,Maximum_Load
21.56,21.28,0.0,71.17,100.0,Weekend,Sunday,Light_Load
87.26,45.32,0.0,88.74,100.0,Weekday,Wednesday,Medium_Load
21.82,0.18,12.92,100.0,86.05,Weekend,Saturday,Medium_Load
136.69,50.94,0.0,93.7,100.0,Weekday,Tuesday,Medium_Load
46.15,9.86,0.0,97.79,100.0,Weekday,Friday,Medium_Load
35.93,2.09,1.12,99.83,99.95,Weekend,Saturday,Maximum_Load
66.28,28.19,0.0,92.02,100.0,Weekday,Friday,Medium_Load
70.27,36.25,0.0,88.87,100.0,Weekday,Tuesday,Medium_Load
34.38,1.22,0.72,99.94,99.98,Weekday,Monday,Medium_Load
2.63,4.39,0.0,51.39,100.0,Weekday,Wednesday,Light_Load
3.1,1.84,0.43,85.99,99.05,Weekday,Wednesday,Light_Load
2.84,4.5,0.0,53.37,100.0,Weekend,Sunday,Light_Load
2.88,5.36,0.0,47.33,100.0,Weekday,Tuesday,Light_Load
76.64,41.54,0.0,87.92,100.0,Weekday,Thursday,Light_Load
2.92,4.61,0.0,53.51,100.0,Weekday,Thursday,Light_Load
2.77,4.0,0.0,56.93,100.0,Weekend,Sunday,Light_Load
47.23,30.24,0.0,84.22,100.0,Weekday,Thursday,Maximum_Load
2.99,3.35,0.0,66.59,100.0,Weekday,Wednesday,Light_Load
5.44,0.0,26.96,100.0,19.78,Weekend,Sunday,Medium_Load
83.41,36.22,0.0,91.73,100.0,Weekday,Tuesday,Maximum_Load
3.35,3.92,0.0,64.97,100.0,Weekday,Monday,Light_Load
63.94,19.37,0.0,95.7,100.0,Weekday,Friday,Maximum_Load
87.41,27.43,0.0,95.41,100.0,Weekday,Tuesday,Medium_Load
22.46,15.37,0.0,82.53,100.0,Weekday,Wednesday,Light_Load
2.74,4.93,0.0,48.58,100.0,Weekend,Sunday,Light_Load
37.91,8.6,0.04,97.52,100.0,Weekday,Friday,Medium_Load
3.17,1.26,3.17,92.93,70.71,Weekend,Sunday,Light_Load
80.21,22.86,0.0,96.17,100.0,Weekday,Thursday,Medium_Load
3.71,0.0,13.46,100.0,26.57,Weekend,Sunday,Light_Load
4.68,4.46,0.0,72.39,100.0,Weekday,Wednesday,Light_Load
4.93,0.0,24.84,100.0,19.47,Weekday,Tuesday,Medium_Load
2.88,5.08,0.0,49.32,100.0,Weekend,Sunday,Light_Load
5.94,0.0,16.31,100.0,34.22,Weekday,Friday,Medium_Load
49.97,26.39,0.0,88.43,100.0,Weekday,Tuesday,Medium_Load
76.64,33.62,0.0,91.58,100.0,Weekday,Tuesday,Medium_Load
6.55,0.0,16.52,100.0,36.86,Weekday,Thursday,Medium_Load
3.17,4.0,0.0,62.11,100.0,Weekday,Tuesday,Light_Load
98.93,37.22,0.0,93.6,100.0,Weekday,Wednesday,Maximum_Load
2.7,3.67,0.0,59.26,100.0,Weekday,Monday,Light_Load
47.3,50.87,0.0,68.09,100.0,Weekday,Thursday,Light_Load
4.86,4.86,0.0,70.71,100.0,Weekday,Monday,Light_Load
24.88,15.66,0.0,84.63,100.0,Weekday,Tuesday,Maximum_Load
5.8,4.93,0.0,76.19,100.0,Weekday,Tuesday,Light_Load
3.78,0.0,13.03,100.0,27.86,Weekday,Friday,Medium_Load
3.31,0.0,11.09,100.0,28.6,Weekend,Saturday,Medium_Load
43.6,5.76,0.72,99.14,99.99,Weekday,Thursday,Maximum_Load
55.08,43.24,0.0,78.66,100.0,Weekday,Tuesday,Maximum_Load
22.97,0.0,13.54,100.0,86.15,Weekend,Saturday,Maximum_Load
3.02,3.2,0.0,68.64,100.0,Weekend,Sunday,Light_Load
56.99,27.9,0.0,89.81,100.0,Weekday,Wednesday,Maximum_Load
93.31,26.42,0.0,96.22,100.0,Weekend,Sunday,Maximum_Load
4.0,3.85,0.04,72.05,100.0,Weekday,Thursday,Light_Load
3.31,6.23,0.07,46.92,99.98,Weekday,Tuesday,Medium_Load
3.17,3.02,0.0,72.4,100.0,Weekend,Sunday,Light_Load
5.76,2.77,0.04,90.12,100.0,Weekday,Thursday,Light_Load
3.64,6.08,0.0,51.37,100.0,Weekday,Wednesday,Light_Load
3.6,6.91,0.0,46.2,100.0,Weekday,Friday,Light_Load
61.7,57.17,0.0,73.35,100.0,Weekday,Friday,Maximum_Load
34.81,7.38,0.29,97.83,100.0,Weekday,Thursday,Medium_Load
2.92,5.51,0.0,46.83,100.0,Weekend,Saturday,Light_Load
2.99,4.32,0.0,56.91,100.0,Weekday,Tuesday,Light_Load
2.95,0.0,12.78,100.0,22.49,Weekend,Saturday,Light_Load
3.42,0.0,9.07,100.0,35.28,Weekend,Sunday,Light_Load
123.84,52.06,0.0,92.19,100.0,Weekday,Friday,Maximum_Load
3.06,0.0,16.24,100.0,18.52,Weekend,Sunday,Light_Load
48.56,29.88,0.0,85.17,100.0,Weekday,Friday,Light_Load
108.47,52.56,0.0,89.99,100.0,Weekend,Sunday,Maximum_Load
86.18,36.94,0.0,91.91,100.0,Weekday,Tuesday,Medium_Load
2.77,4.79,0.0,50.06,100.0,Weekend,Saturday,Light_Load
58.03,63.86,0.0,67.25,100.0,Weekday,Friday,Light_Load
32.08,11.81,0.0,93.84,100.0,Weekday,Friday,Maximum_Load
22.82,0.0,11.3,100.0,89.61,Weekend,Saturday,Maximum_Load
2.59,3.17,0.0,63.27,100.0,Weekend,Saturday,Light_Load
3.35,4.18,0.0,62.54,100.0,Weekend,Sunday,Light_Load
3.64,0.0,13.68,100.0,25.71,Weekend,Sunday,Light_Load
56.95,21.31,0.0,93.66,100.0,Weekday,Friday,Maximum_Load
2.81,6.23,0.0,41.12,100.0,Weekend,Saturday,Light_Load
42.08,3.24,2.16,99.7,99.87,Weekend,Saturday,Medium_Load
3.6,4.79,0.0,60.08,100.0,Weekday,Wednesday,Light_Load
2.95,0.0,12.53,100.0,22.92,Weekend,Sunday,Light_Load
41.72,14.15,0.0,94.7,100.0,Weekend,Saturday,Maximum_Load
3.56,6.91,0.0,45.8,100.0,Weekend,Saturday,Light_Load
65.48,31.43,0.0,90.15,100.0,Weekday,Friday,Medium_Load
29.48,8.42,0.0,96.15,100.0,Weekend,Sunday,Maximum_Load
5.4,6.12,0.0,66.16,100.0,Weekday,Wednesday,Maximum_Load
3.74,4.64,0.0,62.76,100.0,Weekday,Thursday,Light_Load
3.02,5.62,0.0,47.34,100.0,Weekday,Friday,Light_Load
3.13,4.5,0.0,57.1,100.0,Weekday,Thursday,Light_Load
3.71,4.28,0.0,65.5,100.0,Weekend,Saturday,Light_Load
2.99,5.76,0.0,46.07,100.0,Weekday,Thursday,Light_Load
4.46,6.05,0.0,59.34,100.0,Weekday,Monday,Light_Load
3.64,0.0,16.02,100.0,22.16,Weekday,Thursday,Medium_Load
57.74,36.9,0.0,84.26,100.0,Weekday,Friday,Light_Load
5.44,0.0,26.57,100.0,20.06,Weekday,Wednesday,Medium_Load
3.6,3.46,0.0,72.1,100.0,Weekday,Thursday,Light_Load
2.63,4.54,0.0,50.13,100.0,Weekend,Sunday,Light_Load
3.13,4.93,0.0,53.6,100.0,Weekday,Thursday,Light_Load
2.84,5.04,0.0,49.09,100.0,Weekday,Monday,Light_Load
4.03,0.0,7.81,100.0,45.86,Weekend,Saturday,Maximum_Load
48.31,30.2,0.0,84.79,100.0,Weekday,Monday,Light_Load
54.61,29.2,0.0,88.19,100.0,Weekday,Friday,Maximum_Load
4.75,3.71,0.0,78.81,100.0,Weekend,Saturday,Maximum_Load
56.38,44.57,0.0,78.45,100.0,Weekday,Friday,Maximum_Load
3.13,0.0,16.52,100.0,18.62,Weekend,Sunday,Light_Load
45.47,8.21,0.07,98.41,100.0,Weekday,Wednesday,Maximum_Load
66.6,40.39,0.0,85.5,100.0,Weekday,Monday,Light_Load
45.83,12.28,0.0,96.59,100.0,Weekday,Thursday,Maximum_Load
3.64,3.46,0.0,72.48,100.0,Weekday,Thursday,Light_Load
4.64,4.61,0.0,70.94,100.0,Weekday,Wednesday,Light_Load
32.72,14.22,0.0,91.71,100.0,Weekend,Saturday,Maximum_Load
3.24,2.92,0.0,74.28,100.0,Weekday,Monday,Light_Load
49.18,9.9,0.0,98.03,100.0,Weekend,Saturday,Medium_Load
4.07,6.37,0.0,53.84,100.0,Weekday,Friday,Light_Load
50.29,19.58,0.0,93.19,100.0,Weekday,Tuesday,Medium_Load
3.13,4.54,0.0,56.76,100.0,Weekday,Wednesday,Light_Load
3.56,4.97,0.0,58.23,100.0,Weekday,Wednesday,Light_Load
3.2,1.73,0.72,87.97,97.56,Weekend,Sunday,Light_Load
3.24,5.33,0.0,51.94,100.0,Weekday,Thursday,Light_Load
57.56,25.09,0.0,91.67,100.0,Weekday,Thursday,Medium_Load
3.46,4.36,0.0,62.16,100.0,Weekday,Friday,Light_Load
33.16,24.98,0.0,79.87,100.0,Weekday,Thursday,Light_Load
33.12,0.47,4.28,99.99,99.18,Weekday,Friday,Medium_Load
60.98,37.87,0.0,84.95,100.0,Weekday,Friday,Maximum_Load
88.63,48.24,0.0,87.83,100.0,Weekday,Monday,Medium_Load
2.92,0.0,13.57,100.0,21.04,Weekday,Wednesday,Medium_Load
3.67,6.34,0.0,50.1,100.0,Weekday,Tuesday,Light_Load
4.1,3.46,0.07,76.42,99.99,Weekday,Friday,Light_Load
5.83,0.0,20.2,100.0,27.73,Weekday,Friday,Medium_Load
2.74,4.79,0.0,49.65,100.0,Weekday,Monday,Light_Load
4.86,2.81,0.0,86.57,100.0,Weekday,Friday,Light_Load
66.17,49.86,0.0,79.87,100.0,Weekday,Wednesday,Maximum_Load
3.02,0.0,10.91,100.0,26.68,Weekend,Sunday,Light_Load
54.0,35.5,0.0,83.56,100.0,Weekday,Thursday,Maximum_Load
2.95,3.53,0.0,64.13,100.0,Weekend,Saturday,Light_Load
3.2,5.44,0.0,50.7,100.0,Weekend,Saturday,Light_Load
3.1,2.48,0.0,78.09,100.0,Weekend,Sunday,Light_Load
3.96,0.0,16.92,100.0,22.79,Weekday,Tuesday,Medium_Load
41.8,31.82,0.0,79.57,100.0,Weekday,Friday,Light_Load
2.84,3.71,0.0,60.78,100.0,Weekend,Sunday,Light_Load
5.58,2.74,0.25,89.76,99.9,Weekday,Monday,Light_Load
3.06,1.91,0.32,84.83,99.46,Weekday,Friday,Light_Load
46.8,9.11,0.0,98.16,100.0,Weekday,Monday,Maximum_Load
65.84,25.13,0.0,93.43,100.0,Weekday,Tuesday,Medium_Load
49.54,15.16,0.0,95.62,100.0,Weekday,Monday,Maximum_Load
4.39,7.85,0.0,48.81,100.0,Weekday,Wednesday,Light_Load
3.6,7.49,0.0,43.32,100.0,Weekday,Thursday,Light_Load
66.46,31.07,0.0,90.59,100.0,Weekday,Friday,Maximum_Load
2.92,2.81,0.0,72.05,100.0,Weekend,Sunday,Light_Load
56.74,40.61,0.0,81.32,100.0,Weekday,Tuesday,Maximum_Load
3.56,5.22,0.0,56.34,100.0,Weekday,Wednesday,Light_Load
4.61,4.79,0.0,69.34,100.0,Weekday,Friday,Light_Load
49.54,13.43,0.0,96.52,100.0,Weekend,Saturday,Medium_Load
3.82,4.82,0.0,62.11,100.0,Weekend,Sunday,Light_Load
2.99,0.0,17.28,100.0,17.05,Weekend,Sunday,Light_Load
53.96,50.26,0.0,73.17,100.0,Weekday,Wednesday,Light_Load
4.14,3.42,0.11,77.1,99.96,Weekday,Wednesday,Light_Load
6.62,0.0,21.35,100.0,29.62,Weekday,Thursday,Medium_Load
3.17,2.59,0.0,77.44,100.0,Weekend,Sunday,Light_Load
105.37,40.5,0.0,93.34,100.0,Weekday,Friday,Medium_Load
2.74,5.22,0.0,46.48,100.0,Weekday,Thursday,Light_Load
2.95,5.72,0.0,45.84,100.0,Weekday,Monday,Light_Load
31.79,0.0,4.79,100.0,98.88,Weekend,Saturday,Medium_Load
3.71,4.0,0.0,68.0,100.0,Weekday,Monday,Medium_Load
2.81,5.47,0.0,45.69,100.0,Weekend,Saturday,Light_Load
3.53,0.0,7.78,100.0,41.32,Weekend,Sunday,Medium_Load
110.09,43.99,0.0,92.86,100.0,Weekday,Thursday,Maximum_Load
2.74,4.79,0.0,49.65,100.0,Weekday,Monday,Light_Load
71.14,26.39,0.0,93.76,100.0,Weekday,Monday,Maximum_Load
8.24,0.0,26.06,100.0,30.15,Weekday,Tuesday,Medium_Load
3.13,0.0,16.24,100.0,18.93,Weekend,Saturday,Light_Load
2.99,1.12,3.74,93.65,62.44,Weekend,Sunday,Light_Load
8.21,9.54,0.0,65.23,100.0,Weekday,Thursday,Light_Load
9.22,0.0,25.31,100.0,34.23,Weekday,Thursday,Medium_Load
8.28,0.0,23.36,100.0,33.41,Weekday,Tuesday,Medium_Load
5.36,0.0,20.02,100.0,25.86,Weekend,Saturday,Medium_Load
3.31,0.0,17.53,100.0,18.55,Weekend,Saturday,Medium_Load
3.28,5.0,0.0,54.85,100.0,Weekend,Saturday,Light_Load
55.91,30.53,0.0,87.77,100.0,Weekend,Saturday,Maximum_Load
67.86,59.08,0.0,75.42,100.0,Weekday,Tuesday,Light_Load
3.67,0.0,22.57,100.0,16.05,Weekday,Wednesday,Light_Load
53.82,35.68,0.04,83.35,100.0,Weekday,Monday,Medium_Load
59.76,28.98,0.0,89.98,100.0,Weekday,Tuesday,Maximum_Load
4.32,3.28,0.18,79.64,99.91,Weekday,Wednesday,Light_Load
3.17,6.08,0.0,46.23,100.0,Weekend,Sunday,Light_Load
4.0,4.25,0.0,68.54,100.0,Weekday,Wednesday,Maximum_Load
2.95,0.0,5.11,100.0,50.0,Weekend,Sunday,Light_Load
5.15,5.29,0.0,69.76,100.0,Weekday,Wednesday,Light_Load
43.49,9.04,0.11,97.91,100.0,Weekday,Wednesday,Medium_Load
3.31,4.07,0.0,63.1,100.0,Weekday,Monday,Light_Load
4.07,3.92,0.0,72.03,100.0,Weekend,Saturday,Light_Load
34.88,25.24,0.0,81.01,100.0,Weekday,Thursday,Light_Load
2.99,0.0,4.68,100.0,53.84,Weekend,Saturday,Light_Load
3.06,5.72,0.0,47.17,100.0,Weekday,Tuesday,Light_Load
2.63,4.43,0.0,51.05,100.0,Weekday,Friday,Medium_Load
56.02,20.88,0.0,93.7,100.0,Weekday,Monday,Maximum_Load
61.24,20.16,0.0,94.99,100.0,Weekday,Wednesday,Medium_Load
36.72,9.86,0.0,96.58,100.0,Weekday,Friday,Maximum_Load
4.21,3.13,0.22,80.25,99.86,Weekday,Thursday,Light_Load
56.66,28.26,0.0,89.49,100.0,Weekday,Friday,Medium_Load
3.35,4.93,0.0,56.2,100.0,Weekday,Wednesday,Light_Load
11.3,1.55,9.65,99.07,76.04,Weekday,Tuesday,Medium_Load
4.0,0.0,21.82,100.0,18.03,Weekday,Wednesday,Light_Load
4.25,0.0,17.53,100.0,23.56,Weekday,Friday,Medium_Load
57.96,20.7,0.0,94.17,100.0,Weekday,Friday,Medium_Load
52.06,23.94,0.0,90.85,100.0,Weekday,Wednesday,Medium_Load
35.96,3.35,0.04,99.57,100.0,Weekday,Monday,Medium_Load
69.41,43.56,0.0,84.7,100.0,Weekday,Wednesday,Medium_Load
4.18,0.0,17.5,100.0,23.23,Weekday,Friday,Medium_Load
2.99,4.0,0.0,59.87,100.0,Weekday,Wednesday,Light_Load
33.08,0.36,6.01,99.99,98.39,Weekday,Wednesday,Medium_Load
2.77,4.03,0.0,56.64,100.0,Weekday,Monday,Light_Load
2.74,4.97,0.0,48.28,100.0,Weekend,Saturday,Medium_Load
3.67,2.34,0.47,84.32,99.19,Weekday,Friday,Light_Load
81.04,41.51,0.0,89.0,100.0,Weekday,Thursday,Maximum_Load
2.92,4.1,0.0,58.01,100.0,Weekday,Monday,Light_Load
3.46,2.84,0.0,77.3,100.0,Weekend,Sunday,Light_Load
78.52,28.58,0.0,93.97,100.0,Weekday,Thursday,Maximum_Load
2.7,5.22,0.0,45.94,100.0,Weekday,Friday,Light_Load
2.92,2.05,0.11,81.84,99.93,Weekend,Saturday,Light_Load
3.49,3.28,0.0,72.87,100.0,Weekday,Thursday,Light_Load
53.82,37.33,0.0,82.17,100.0,Weekday,Monday,Medium_Load
3.35,2.38,0.07,81.52,99.98,Weekday,Monday,Light_Load
6.01,6.52,0.0,67.78,100.0,Weekday,Thursday,Light_Load
3.35,3.2,0.0,72.31,100.0,Weekday,Friday,Medium_Load
2.95,0.0,17.17,100.0,16.93,Weekend,Sunday,Light_Load
13.43,0.0,11.12,100.0,77.02,Weekend,Sunday,Maximum_Load
124.42,39.92,0.0,95.22,100.0,Weekday,Monday,Medium_Load
60.73,36.68,0.0,85.6,100.0,Weekday,Thursday,Maximum_Load
108.65,38.3,0.0,94.31,100.0,Weekday,Thursday,Medium_Load
3.64,3.92,0.0,68.05,100.0,Weekday,Thursday,Light_Load
3.35,0.0,5.36,100.0,53.0,Weekend,Sunday,Light_Load
2.74,4.82,0.0,49.42,100.0,Weekday,Tuesday,Light_Load
4.79,5.0,0.0,69.18,100.0,Weekday,Friday,Maximum_Load
54.14,21.82,0.0,92.75,100.0,Weekday,Monday,Maximum_Load
112.64,72.36,0.0,84.14,100.0,Weekday,Tuesday,Light_Load
3.02,5.08,0.0,51.1,100.0,Weekday,Wednesday,Light_Load
4.1,5.18,0.0,62.06,100.0,Weekday,Friday,Light_Load
2.7,5.11,0.0,46.72,100.0,Weekday,Thursday,Light_Load
4.54,5.18,0.0,65.91,100.0,Weekday,Tuesday,Light_Load
98.82,17.71,0.0,98.43,100.0,Weekday,Wednesday,Medium_Load
3.82,4.79,0.0,62.35,100.0,Weekday,Wednesday,Light_Load
3.13,0.0,6.01,100.0,46.19,Weekend,Sunday,Light_Load
34.27,2.16,2.38,99.8,99.76,Weekend,Saturday,Maximum_Load
3.17,5.9,0.0,47.33,100.0,Weekend,Saturday,Light_Load
50.18,25.38,0.0,89.24,100.0,Weekday,Tuesday,Maximum_Load
3.02,0.0,14.76,100.0,20.05,Weekend,Sunday,Light_Load
3.2,1.33,9.79,92.34,31.07,Weekend,Saturday,Medium_Load
32.58,3.31,1.01,99.49,99.95,Weekday,Friday,Maximum_Load
3.82,3.46,0.0,74.12,100.0,Weekend,Sunday,Light_Load
138.06,57.13,0.0,92.4,100.0,Weekday,Friday,Medium_Load
36.9,27.29,0.0,80.4,100.0,Weekday,Wednesday,Light_Load
2.81,5.04,0.0,48.7,100.0,Weekend,Saturday,Light_Load
57.67,32.18,0.0,87.32,100.0,Weekday,Thursday,Maximum_Load
3.13,6.16,0.0,45.3,100.0,Weekend,Saturday,Light_Load
3.1,3.35,0.0,67.92,100.0,Weekday,Wednesday,Light_Load
69.41,31.72,0.0,90.95,100.0,Weekday,Tuesday,Light_Load
2.77,5.4,0.0,45.64,100.0,Weekend,Saturday,Light_Load
4.79,0.0,15.84,100.0,28.95,Weekday,Thursday,Medium_Load
3.85,6.23,0.0,52.57,100.0,Weekday,Wednesday,Light_Load
3.71,1.08,5.11,96.01,58.75,Weekday,Wednesday,Medium_Load
2.66,5.65,0.0,42.6,100.0,Weekday,Tuesday,Light_Load
3.78,7.63,0.0,44.39,100.0,Weekend,Saturday,Light_Load
3.6,7.27,0.0,44.38,100.0,Weekday,Monday,Medium_Load
2.84,5.44,0.0,46.28,100.0,Weekday,Monday,Light_Load
3.06,3.6,0.0,64.76,100.0,Weekday,Monday,Light_Load
4.9,0.0,25.24,100.0,19.06,Weekend,Saturday,Medium_Load
84.24,45.54,0.0,87.97,100.0,Weekday,Tuesday,Maximum_Load
4.75,4.72,0.0,70.93,100.0,Weekday,Thursday,Light_Load
4.14,5.33,0.0,61.34,100.0,Weekday,Friday,Light_Load
3.38,2.63,0.0,78.92,100.0,Weekday,Thursday,Light_Load
3.1,0.0,16.92,100.0,18.02,Weekend,Sunday,Light_Load
2.74,4.86,0.0,49.11,100.0,Weekday,Wednesday,Light_Load
3.13,4.43,0.0,57.7,100.0,Weekday,Wednesday,Light_Load
38.02,8.78,0.0,97.44,100.0,Weekday,Wednesday,Maximum_Load
36.5,5.0,0.18,99.07,100.0,Weekday,Tuesday,Medium_Load
2.92,4.07,0.0,58.29,100.0,Weekday,Friday,Light_Load
32.54,3.6,0.0,99.39,100.0,Weekend,Sunday,Maximum_Load
3.53,0.0,16.67,100.0,20.72,Weekend,Sunday,Light_Load
3.24,2.63,0.04,77.64,99.99,Weekday,Friday,Light_Load
3.49,0.0,16.81,100.0,20.33,Weekday,Wednesday,Light_Load
4.57,0.0,13.79,100.0,31.46,Weekend,Saturday,Medium_Load
5.94,4.07,0.0,82.49,100.0,Weekday,Tuesday,Light_Load
3.1,0.0,13.75,100.0,21.99,Weekend,Sunday,Light_Load
40.39,22.79,0.0,87.09,100.0,Weekday,Wednesday,Medium_Load
5.22,0.0,26.53,100.0,19.31,Weekday,Thursday,Maximum_Load
2.74,4.86,0.0,49.11,100.0,Weekend,Sunday,Light_Load
81.07,35.75,0.0,91.5,100.0,Weekday,Thursday,Medium_Load
3.71,0.0,14.69,100.0,24.49,Weekend,Sunday,Light_Load
3.56,4.36,0.0,63.25,100.0,Weekday,Thursday,Light_Load
3.06,0.0,17.39,100.0,17.33,Weekend,Sunday,Light_Load
3.2,5.04,0.0,53.6,100.0,Weekend,Sunday,Light_Load
49.9,25.6,0.0,88.97,100.0,Weekday,Thursday,Medium_Load
3.1,0.0,16.88,100.0,18.06,Weekend,Sunday,Medium_Load
5.65,5.51,0.0,71.59,100.0,Weekday,Thursday,Light_Load
90.14,38.74,0.0,91.87,100.0,Weekday,Tuesday,Maximum_Load
30.92,5.98,0.76,98.18,99.97,Weekday,Monday,Medium_Load
2.77,5.62,0.0,44.21,100.0,Weekday,Thursday,Light_Load
3.35,0.0,17.39,100.0,18.92,Weekend,Sunday,Light_Load
121.46,56.2,0.0,90.76,100.0,Weekday,Wednesday,Medium_Load
26.78,1.33,2.02,99.88,99.72,Weekday,Thursday,Medium_Load
105.59,40.86,0.0,93.26,100.0,Weekend,Saturday,Maximum_Load
5.0,0.0,16.85,100.0,28.45,Weekend,Saturday,Maximum_Load
81.83,21.42,0.07,96.74,100.0,Weekday,Friday,Medium_Load
2.81,5.9,0.0,43.0,100.0,Weekend,Sunday,Light_Load
35.89,27.43,0.0,79.45,100.0,Weekday,Thursday,Maximum_Load
46.26,8.82,0.5,98.23,99.99,Weekday,Wednesday,Medium_Load
59.08,35.82,0.29,85.51,100.0,Weekday,Monday,Maximum_Load
3.1,0.0,10.69,100.0,27.85,Weekend,Sunday,Light_Load
4.03,4.86,0.0,63.83,100.0,Weekday,Friday,Light_Load
3.74,1.26,5.29,94.77,57.73,Weekday,Monday,Light_Load
60.66,21.82,0.0,94.1,100.0,Weekday,Friday,Maximum_Load
7.38,0.0,26.57,100.0,26.76,Weekday,Friday,Medium_Load
2.95,2.81,0.0,72.41,100.0,Weekday,Monday,Light_Load
4.64,4.54,0.0,71.48,100.0,Weekday,Wednesday,Light_Load
3.06,4.5,0.0,56.23,100.0,Weekday,Friday,Light_Load
3.17,0.0,15.98,100.0,19.46,Weekend,Sunday,Light_Load
70.96,39.96,0.0,87.13,100.0,Weekday,Tuesday,Medium_Load
69.26,39.67,0.0,86.77,100.0,Weekday,Thursday,Light_Load
99.04,55.98,0.07,87.06,100.0,Weekday,Tuesday,Maximum_Load
2.66,0.0,11.59,100.0,22.37,Weekday,Tuesday,Light_Load
3.64,5.0,0.0,58.86,100.0,Weekday,Thursday,Light_Load
64.62,29.48,0.0,90.98,100.0,Weekday,Thursday,Medium_Load
3.38,0.0,17.42,100.0,19.05,Weekend,Saturday,Medium_Load
64.62,13.25,0.0,97.96,100.0,Weekday,Monday,Medium_Load
25.7,8.93,0.18,94.46,100.0,Weekend,Saturday,Maximum_Load
4.18,4.03,0.0,71.99,100.0,Weekday,Wednesday,Light_Load
4.1,3.31,0.07,77.81,99.99,Weekday,Wednesday,Light_Load
33.16,2.74,0.22,99.66,100.0,Weekday,Thursday,Medium_Load
3.6,3.56,0.0,71.1,100.0,Weekday,Tuesday,Light_Load
2.7,4.14,0.0,54.63,100.0,Weekend,Sunday,Light_Load
3.31,6.34,0.0,46.28,100.0,Weekday,Monday,Light_Load
3.28,4.68,0.0,57.39,100.0,Weekday,Thursday,Light_Load
17.71,0.43,6.66,99.97,93.6,Weekend,Sunday,Maximum_Load
54.83,18.4,0.0,94.8,100.0,Weekday,Thursday,Maximum_Load
70.13,43.49,0.0,84.99,100.0,Weekday,Tuesday,Light_Load
52.49,23.62,0.0,91.19,100.0,Weekday,Monday,Medium_Load
3.1,3.96,0.0,61.64,100.0,Weekday,Monday,Light_Load
2.95,4.5,0.0,54.83,100.0,Weekday,Friday,Light_Load
49.03,13.28,0.0,96.52,100.0,Weekday,Wednesday,Maximum_Load
6.01,6.41,0.0,68.4,100.0,Weekday,Thursday,Light_Load
67.07,9.22,0.04,99.07,100.0,Weekend,Saturday,Maximum_Load
58.39,38.16,0.0,83.71,100.0,Weekday,Friday,Maximum_Load
43.67,15.55,0.0,94.21,100.0,Weekday,Monday,Maximum_Load
37.37,25.09,0.0,83.02,100.0,Weekday,Tuesday,Light_Load
3.78,0.0,8.46,100.0,40.79,Weekend,Saturday,Medium_Load
2.74,0.0,11.66,100.0,22.88,Weekday,Wednesday,Light_Load
52.09,26.75,0.0,88.96,100.0,Weekday,Monday,Maximum_Load
7.92,0.4,13.86,99.87,49.61,Weekday,Thursday,Medium_Load
27.76,10.08,5.29,94.0,98.23,Weekday,Thursday,Maximum_Load
121.07,44.35,0.0,93.9,100.0,Weekday,Thursday,Medium_Load
4.25,3.46,0.4,77.55,99.56,Weekday,Tuesday,Maximum_Load
3.64,2.34,0.0,84.12,100.0,Weekday,Monday,Light_Load
41.83,2.2,1.73,99.86,99.91,Weekday,Monday,Maximum_Load
56.88,18.22,0.04,95.23,100.0,Weekday,Wednesday,Maximum_Load
33.73,31.57,0.0,73.01,100.0,Weekday,Wednesday,Light_Load
2.92,0.0,4.57,100.0,53.84,Weekday,Monday,Light_Load
98.06,58.28,0.0,85.96,100.0,Weekday,Wednesday,Light_Load
49.18,15.41,0.0,95.43,100.0,Weekday,Monday,Medium_Load
3.53,5.8,0.0,51.99,100.0,Weekday,Friday,Light_Load
4.28,0.0,20.52,100.0,20.42,Weekend,Saturday,Light_Load
2.88,3.92,0.0,59.21,100.0,Weekend,Sunday,Light_Load
3.53,5.08,0.0,57.06,100.0,Weekday,Tuesday,Light_Load
6.98,7.31,0.25,69.06,99.94,Weekend,Sunday,Light_Load
3.17,5.11,0.0,52.72,100.0,Weekend,Saturday,Light_Load
87.16,41.8,0.0,90.17,100.0,Weekday,Thursday,Maximum_Load
3.1,6.23,0.0,44.55,100.0,Weekend,Saturday,Light_Load
2.84,6.08,0.0,42.32,100.0,Weekday,Friday,Light_Load
3.42,0.0,7.42,100.0,41.86,Weekend,Sunday,Medium_Load
3.17,3.82,0.0,63.86,100.0,Weekend,Saturday,Light_Load
3.6,0.0,24.7,100.0,14.42,Weekend,Saturday,Medium_Load
3.35,4.57,0.0,59.12,100.0,Weekday,Monday,Light_Load
51.52,25.06,0.0,89.93,100.0,Weekday,Wednesday,Maximum_Load
2.88,5.76,0.0,44.72,100.0,Weekday,Tuesday,Medium_Load
3.38,5.54,0.0,52.08,100.0,Weekday,Friday,Light_Load
2.7,5.11,0.0,46.72,100.0,Weekday,Tuesday,Light_Load
61.52,25.74,0.0,92.25,100.0,Weekday,Tuesday,Medium_Load
4.75,0.0,26.21,100.0,17.83,Weekday,Friday,Medium_Load
50.26,21.67,1.94,91.83,99.93,Weekday,Friday,Maximum_Load
4.1,0.0,22.46,100.0,17.96,Weekend,Sunday,Light_Load
3.89,0.0,18.25,100.0,20.85,Weekend,Saturday,Maximum_Load
2.88,5.4,0.0,47.06,100.0,Weekday,Thursday,Light_Load
3.28,5.11,0.0,54.02,100.0,Weekday,Thursday,Light_Load
4.1,0.0,16.78,100.0,23.74,Weekend,Sunday,Light_Load
45.43,20.09,0.0,91.46,100.0,Weekday,Wednesday,Medium_Load
6.62,0.0,21.31,100.0,29.67,Weekend,Saturday,Light_Load
65.45,39.28,0.0,85.74,100.0,Weekday,Tuesday,Maximum_Load
3.6,4.0,0.0,66.9,100.0,Weekday,Wednesday,Light_Load
3.56,0.0,15.91,100.0,21.84,Weekend,Sunday,Medium_Load
3.82,1.04,5.11,96.49,59.87,Weekday,Tuesday,Medium_Load
7.2,4.57,0.0,84.43,100.0,Weekend,Saturday,Light_Load
3.02,3.02,0.0,70.71,100.0,Weekday,Tuesday,Light_Load
42.59,31.39,0.0,80.5,100.0,Weekday,Wednesday,Light_Load
4.1,0.0,26.1,100.0,15.52,Weekend,Saturday,Medium_Load
4.39,4.03,0.0,73.67,100.0,Weekend,Sunday,Light_Load
85.97,54.86,0.0,84.3,100.0,Weekday,Monday,Maximum_Load
46.01,36.25,0.0,78.55,100.0,Weekday,Thursday,Maximum_Load
63.18,23.98,3.2,93.49,99.87,Weekday,Monday,Medium_Load
46.51,16.99,0.0,93.93,100.0,Weekday,Tuesday,Medium_Load
47.99,27.29,0.0,86.93,100.0,Weekday,Friday,Maximum_Load
4.14,0.0,16.88,100.0,23.82,Weekend,Saturday,Maximum_Load
2.74,5.36,0.0,45.52,100.0,Weekday,Friday,Light_Load
3.1,4.36,0.0,57.95,100.0,Weekend,Sunday,Light_Load
2.84,3.78,0.0,60.07,100.0,Weekday,Tuesday,Light_Load
3.74,6.7,0.0,48.74,100.0,Weekday,Monday,Light_Load
3.46,0.0,16.96,100.0,19.99,Weekday,Friday,Light_Load
130.18,54.54,0.0,92.23,100.0,Weekday,Friday,Medium_Load
55.01,30.28,0.0,87.61,100.0,Weekday,Wednesday,Medium_Load
5.33,6.01,0.0,66.35,100.0,Weekday,Thursday,Light_Load
3.17,0.0,11.88,100.0,25.78,Weekend,Sunday,Maximum_Load
3.1,4.43,0.0,57.33,100.0,Weekday,Thursday,Light_Load
3.28,4.79,0.0,56.5,100.0,Weekend,Sunday,Light_Load
32.29,14.9,4.18,90.8,99.17,Weekday,Tuesday,Maximum_Load
35.68,30.56,0.0,75.95,100.0,Weekend,Saturday,Maximum_Load
3.96,4.07,0.0,69.74,100.0,Weekday,Thursday,Light_Load
104.51,48.64,0.0,90.66,100.0,Weekend,Saturday,Maximum_Load
37.3,9.54,0.0,96.88,100.0,Weekday,Wednesday,Light_Load
3.13,4.36,0.0,58.32,100.0,Weekday,Thursday,Light_Load
3.02,3.74,0.0,62.82,100.0,Weekday,Friday,Light_Load
3.02,5.58,0.0,47.6,100.0,Weekend,Saturday,Light_Load
64.04,29.95,0.0,90.58,100.0,Weekday,Tuesday,Maximum_Load
6.8,4.25,0.0,84.8,100.0,Weekend,Saturday,Light_Load
2.74,4.64,0.0,50.85,100.0,Weekend,Sunday,Light_Load
2.99,5.9,0.0,45.2,100.0,Weekend,Sunday,Light_Load
44.57,23.33,0.0,88.6,100.0,Weekday,Tuesday,Maximum_Load
4.54,4.9,0.0,67.96,100.0,Weekday,Thursday,Light_Load
58.21,26.42,0.0,91.06,100.0,Weekend,Saturday,Maximum_Load
2.95,0.0,11.3,100.0,25.26,Weekend,Saturday,Medium_Load
2.81,5.26,0.0,47.12,100.0,Weekend,Sunday,Light_Load
4.14,1.87,13.72,91.13,28.89,Weekday,Tuesday,Medium_Load
2.92,5.0,0.0,50.43,100.0,Weekday,Thursday,Light_Load
3.56,3.82,0.0,68.18,100.0,Weekday,Thursday,Light_Load
51.01,30.24,0.0,86.02,100.0,Weekday,Thursday,Maximum_Load
50.8,53.46,0.0,68.88,100.0,Weekday,Thursday,Light_Load
5.26,2.59,0.07,89.71,99.99,Weekday,Thursday,Light_Load
3.1,3.85,0.0,62.72,100.0,Weekday,Monday,Light_Load
2.81,5.8,0.0,43.6,100.0,Weekday,Monday,Light_Load
77.04,13.86,1.12,98.42,99.99,Weekday,Tuesday,Medium_Load
50.65,5.0,5.18,99.52,99.48,Weekend,Saturday,Maximum_Load
2.95,0.0,16.34,100.0,17.77,Weekday,Thursday,Light_Load
3.28,4.36,0.0,60.12,100.0,Weekend,Sunday,Light_Load
2.81,4.5,0.0,52.97,100.0,Weekend,Sunday,Light_Load
79.27,34.16,0.0,91.84,100.0,Weekday,Wednesday,Medium_Load
4.68,5.83,0.0,62.6,100.0,Weekday,Tuesday,Light_Load
4.68,4.39,0.0,72.93,100.0,Weekday,Monday,Light_Load
3.46,0.0,17.53,100.0,19.36,Weekend,Sunday,Light_Load
3.46,7.31,0.07,42.78,99.98,Weekday,Tuesday,Medium_Load
5.54,0.0,21.56,100.0,24.89,Weekday,Monday,Medium_Load
79.52,32.08,0.0,92.74,100.0,Weekday,Wednesday,Medium_Load
3.78,6.7,0.0,49.14,100.0,Weekday,Friday,Medium_Load
32.72,2.02,6.98,99.81,97.8,Weekday,Wednesday,Medium_Load
4.75,4.07,0.0,75.94,100.0,Weekend,Saturday,Light_Load
2.81,4.28,0.0,54.88,100.0,Weekend,Saturday,Light_Load
3.38,0.0,13.64,100.0,24.05,Weekend,Saturday,Light_Load
3.2,4.07,0.0,61.81,100.0,Weekday,Friday,Light_Load
2.88,5.83,0.0,44.29,100.0,Weekday,Friday,Light_Load
3.02,0.0,4.57,100.0,55.13,Weekend,Saturday,Light_Load
2.52,3.6,0.0,57.35,100.0,Weekend,Sunday,Light_Load
110.77,52.06,0.0,90.5,100.0,Weekday,Tuesday,Maximum_Load
45.04,24.59,0.0,87.77,100.0,Weekday,Thursday,Medium_Load
3.1,3.96,0.0,61.64,100.0,Weekday,Monday,Light_Load
3.17,0.0,16.2,100.0,19.2,Weekend,Sunday,Light_Load
2.63,0.0,11.99,100.0,21.43,Weekend,Sunday,Light_Load
39.13,17.24,0.0,91.51,100.0,Weekday,Monday,Medium_Load
3.17,4.03,0.0,61.83,100.0,Weekday,Thursday,Light_Load
2.59,4.86,0.0,47.03,100.0,Weekday,Tuesday,Light_Load
5.76,0.0,27.22,100.0,20.7,Weekend,Saturday,Light_Load
3.53,0.0,18.68,100.0,18.57,Weekend,Saturday,Medium_Load
3.6,4.57,0.0,61.88,100.0,Weekday,Tuesday,Medium_Load
56.34,32.4,0.0,86.69,100.0,Weekday,Friday,Medium_Load
3.06,2.2,0.07,81.19,99.97,Weekday,Monday,Light_Load
3.02,0.0,11.48,100.0,25.44,Weekend,Sunday,Light_Load
52.2,4.64,2.09,99.61,99.92,Weekday,Tuesday,Maximum_Load
10.62,7.81,0.0,80.56,100.0,Weekday,Tuesday,Light_Load
2.92,5.36,0.0,47.84,100.0,Weekday,Thursday,Light_Load
3.82,0.0,16.78,100.0,22.2,Weekend,Sunday,Medium_Load
4.93,3.92,0.0,78.27,100.0,Weekday,Friday,Maximum_Load
2.84,5.22,0.0,47.79,100.0,Weekday,Tuesday,Light_Load
6.01,0.0,26.96,100.0,21.76,Weekday,Wednesday,Medium_Load
59.22,21.53,0.0,93.98,100.0,Weekday,Tuesday,Maximum_Load
3.89,0.0,12.89,100.0,28.89,Weekend,Sunday,Light_Load
3.02,3.85,0.0,61.72,100.0,Weekday,Thursday,Light_Load
3.74,0.0,18.47,100.0,19.85,Weekend,Saturday,Maximum_Load
54.54,25.06,0.0,90.87,100.0,Weekday,Wednesday,Medium_Load
5.33,0.0,21.53,100.0,24.03,Weekday,Monday,Maximum_Load
54.61,27.36,0.0,89.41,100.0,Weekday,Thursday,Medium_Load
3.53,4.86,0.0,58.77,100.0,Weekday,Wednesday,Light_Load
3.24,5.51,0.0,50.69,100.0,Weekend,Sunday,Light_Load
2.92,5.04,0.0,50.13,100.0,Weekend,Saturday,Light_Load
6.01,7.6,0.0,62.03,100.0,Weekend,Saturday,Light_Load
3.46,5.65,0.0,52.22,100.0,Weekday,Thursday,Light_Load
2.81,4.1,0.0,56.53,100.0,Weekday,Monday,Light_Load
53.32,28.15,0.0,88.43,100.0,Weekday,Tuesday,Maximum_Load
75.74,31.5,6.66,92.33,99.62,Weekday,Monday,Medium_Load
3.06,5.22,0.0,50.57,100.0,Weekday,Tuesday,Medium_Load
73.8,44.17,0.0,85.81,100.0,Weekday,Monday,Maximum_Load
64.94,21.82,0.0,94.79,100.0,Weekday,Monday,Medium_Load
34.09,3.53,5.54,99.47,98.71,Weekday,Thursday,Medium_Load
5.9,5.54,0.0,72.9,100.0,Weekday,Friday,Light_Load
3.42,5.83,0.0,50.6,100.0,Weekday,Thursday,Light_Load
41.22,26.71,0.0,83.92,100.0,Weekday,Thursday,Medium_Load
5.94,5.47,0.0,73.56,100.0,Weekday,Tuesday,Light_Load
12.06,8.42,0.22,81.99,99.98,Weekend,Sunday,Light_Load
3.06,0.0,14.47,100.0,20.69,Weekend,Sunday,Light_Load
44.75,27.14,0.0,85.5,100.0,Weekday,Wednesday,Maximum_Load
3.82,3.24,0.04,76.26,99.99,Weekend,Saturday,Light_Load
48.89,13.93,0.0,96.17,100.0,Weekday,Thursday,Medium_Load
6.05,0.0,20.95,100.0,27.74,Weekday,Monday,Medium_Load
91.66,43.81,0.0,90.22,100.0,Weekend,Saturday,Light_Load
3.67,3.38,0.0,73.56,100.0,Weekday,Monday,Light_Load
4.1,0.0,21.1,100.0,19.07,Weekday,Thursday,Medium_Load
3.42,4.57,0.0,59.92,100.0,Weekday,Thursday,Light_Load
37.58,1.84,0.43,99.88,99.99,Weekday,Thursday,Medium_Load
36.94,25.99,0.0,81.79,100.0,Weekday,Wednesday,Maximum_Load
3.42,0.0,13.39,100.0,24.75,Weekday,Monday,Light_Load
3.2,0.0,14.08,100.0,22.16,Weekend,Sunday,Light_Load
44.78,2.2,1.76,99.88,99.92,Weekday,Monday,Maximum_Load
81.61,28.26,0.0,94.49,100.0,Weekday,Tuesday,Medium_Load
3.2,0.0,17.24,100.0,18.25,Weekend,Saturday,Light_Load
73.08,33.23,0.0,91.03,100.0,Weekday,Wednesday,Medium_Load
87.91,63.5,0.0,81.06,100.0,Weekday,Wednesday,Light_Load
51.08,21.89,0.0,91.92,100.0,Weekday,Monday,Maximum_Load
60.05,14.22,0.0,97.31,100.0,Weekend,Sunday,Maximum_Load
120.17,64.76,0.0,88.03,100.0,Weekday,Thursday,Medium_Load
100.12,38.38,0.0,93.37,100.0,Weekday,Thursday,Medium_Load
3.06,0.0,13.97,100.0,21.4,Weekend,Saturday,Light_Load
56.66,12.28,0.0,97.73,100.0,Weekday,Friday,Medium_Load
38.52,17.39,0.0,91.14,100.0,Weekday,Friday,Maximum_Load
2.63,6.16,0.0,39.27,100.0,Weekday,Tuesday,Light_Load
3.13,0.0,16.96,100.0,18.15,Weekend,Sunday,Light_Load
5.36,3.17,0.0,86.07,100.0,Weekday,Thursday,Maximum_Load
3.02,5.47,0.0,48.33,100.0,Weekend,Saturday,Light_Load
5.26,0.0,26.53,100.0,19.45,Weekday,Tuesday,Medium_Load
55.4,31.36,0.0,87.02,100.0,Weekday,Tuesday,Maximum_Load
4.97,0.0,26.82,100.0,18.22,Weekend,Saturday,Maximum_Load
5.36,0.0,10.15,100.0,46.7,Weekday,Monday,Medium_Load
54.54,19.55,0.0,94.14,100.0,Weekday,Thursday,Maximum_Load
65.66,36.61,0.0,87.34,100.0,Weekday,Friday,Light_Load
4.68,4.32,0.0,73.48,100.0,Weekday,Tuesday,Light_Load
3.02,5.18,0.0,50.37,100.0,Weekday,Monday,Light_Load
40.93,3.46,0.54,99.64,99.99,Weekday,Thursday,Medium_Load
4.97,0.0,19.04,100.0,25.26,Weekday,Wednesday,Medium_Load
50.87,40.39,0.0,78.32,100.0,Weekday,Friday,Light_Load
54.9,29.02,0.0,88.41,100.0,Weekday,Friday,Maximum_Load
2.92,5.22,0.0,48.82,100.0,Weekday,Monday,Light_Load
40.46,8.93,0.0,97.65,100.0,Weekday,Thursday,Maximum_Load
2.95,0.0,16.99,100.0,17.11,Weekend,Sunday,Light_Load
46.04,19.98,0.0,91.73,100.0,Weekday,Friday,Maximum_Load
45.47,9.07,0.0,98.07,100.0,Weekday,Tuesday,Medium_Load
63.32,32.11,0.0,89.19,100.0,Weekday,Tuesday,Maximum_Load
43.67,9.0,0.0,97.94,100.0,Weekend,Saturday,Medium_Load
2.95,0.0,14.54,100.0,19.88,Weekend,Sunday,Light_Load
3.02,3.67,0.0,63.54,100.0,Weekday,Thursday,Light_Load
98.71,31.07,0.0,95.39,100.0,Weekend,Saturday,Maximum_Load
118.69,45.83,0.0,93.29,100.0,Weekday,Friday,Maximum_Load
2.84,3.78,0.0,60.07,100.0,Weekday,Wednesday,Light_Load
4.72,4.25,0.0,74.31,100.0,Weekend,Saturday,Light_Load
59.72,35.64,0.0,85.87,100.0,Weekday,Friday,Medium_Load
4.07,0.0,7.85,100.0,46.03,Weekend,Saturday,Light_Load
2.77,4.64,0.0,51.26,100.0,Weekday,Monday,Light_Load
3.24,3.96,0.0,63.32,100.0,Weekday,Thursday,Light_Load
42.12,12.02,0.0,96.16,100.0,Weekday,Tuesday,Maximum_Load
2.95,0.0,17.28,100.0,16.83,Weekend,Sunday,Light_Load
3.42,7.49,0.0,41.54,100.0,Weekday,Wednesday,Light_Load
4.72,5.58,0.0,64.58,100.0,Weekday,Tuesday,Light_Load
3.92,2.59,0.07,83.43,99.98,Weekday,Thursday,Light_Load
6.48,5.4,0.0,76.82,100.0,Weekend,Saturday,Light_Load
2.95,4.64,0.0,53.65,100.0,Weekday,Wednesday,Light_Load
55.15,51.3,0.0,73.22,100.0,Weekday,Tuesday,Light_Load
119.34,50.4,0.0,92.12,100.0,Weekday,Monday,Maximum_Load
110.56,58.25,0.0,88.47,100.0,Weekday,Tuesday,Medium_Load
34.27,7.34,0.29,97.78,100.0,Weekday,Friday,Medium_Load
2.77,4.97,0.0,48.68,100.0,Weekend,Sunday,Light_Load
67.72,11.66,1.55,98.55,99.97,Weekend,Sunday,Maximum_Load
6.01,0.0,24.88,100.0,23.48,Weekday,Monday,Medium_Load
31.9,6.73,0.83,97.85,99.97,Weekend,Saturday,Maximum_Load
3.06,3.56,0.0,65.18,100.0,Weekday,Tuesday,Light_Load
80.5,44.96,0.0,87.31,100.0,Weekday,Wednesday,Maximum_Load
2.74,0.0,17.21,100.0,15.72,Weekday,Wednesday,Light_Load
77.4,21.31,0.0,96.41,100.0,Weekday,Thursday,Maximum_Load
5.08,1.55,15.37,95.65,31.38,Weekday,Wednesday,Medium_Load
10.62,0.0,21.6,100.0,44.12,Weekend,Saturday,Maximum_Load
3.78,0.0,20.48,100.0,18.15,Weekday,Wednesday,Medium_Load
3.28,5.44,0.0,51.63,100.0,Weekday,Friday,Light_Load
3.85,3.38,0.04,75.15,99.99,Weekday,Tuesday,Light_Load
3.89,5.51,0.0,57.67,100.0,Weekday,Thursday,Light_Load
3.42,3.67,0.0,68.17,100.0,Weekday,Friday,Light_Load
62.89,37.22,0.0,86.06,100.0,Weekday,Thursday,Medium_Load
6.91,2.34,13.93,94.72,44.44,Weekday,Thursday,Medium_Load
66.71,33.01,0.0,89.63,100.0,Weekday,Monday,Medium_Load
2.99,4.64,0.0,54.17,100.0,Weekday,Monday,Light_Load
57.6,28.48,0.0,89.64,100.0,Weekday,Monday,Maximum_Load
3.56,0.0,17.78,100.0,19.63,Weekend,Saturday,Medium_Load
74.27,32.62,0.0,91.56,100.0,Weekday,Monday,Maximum_Load
3.53,0.0,17.82,100.0,19.43,Weekday,Monday,Medium_Load
4.21,0.0,18.83,100.0,21.82,Weekend,Sunday,Light_Load
3.24,5.36,0.0,51.73,100.0,Weekend,Saturday,Light_Load
54.4,14.94,0.0,96.43,100.0,Weekday,Friday,Maximum_Load
2.74,5.29,0.0,45.99,100.0,Weekend,Saturday,Light_Load
3.28,4.93,0.0,55.39,100.0,Weekday,Wednesday,Light_Load
4.07,3.78,0.0,73.27,100.0,Weekday,Tuesday,Light_Load
2.95,4.9,0.0,51.58,100.0,Weekday,Tuesday,Light_Load
3.53,4.43,0.0,62.32,100.0,Weekday,Friday,Light_Load
5.44,0.0,20.27,100.0,25.92,Weekend,Sunday,Medium_Load
37.51,3.92,0.25,99.46,100.0,Weekday,Tuesday,Medium_Load
3.31,0.0,13.39,100.0,24.0,Weekend,Saturday,Medium_Load
4.79,0.0,16.16,100.0,28.42,Weekend,Saturday,Medium_Load
60.08,26.57,0.0,91.46,100.0,Weekday,Thursday,Medium_Load
3.42,6.12,0.0,48.78,100.0,Weekday,Friday,Light_Load
3.1,0.0,13.97,100.0,21.66,Weekend,Saturday,Light_Load
84.46,50.65,0.0,85.76,100.0,Weekday,Wednesday,Medium_Load
3.24,5.22,0.0,52.74,100.0,Weekend,Saturday,Light_Load
3.67,5.26,0.0,57.22,100.0,Weekday,Thursday,Light_Load
3.13,5.22,0.0,51.43,100.0,Weekday,Friday,Light_Load
3.2,3.1,0.0,71.82,100.0,Weekday,Thursday,Light_Load
4.57,4.36,0.0,72.35,100.0,Weekday,Wednesday,Light_Load
3.31,3.17,1.69,72.22,89.06,Weekend,Saturday,Light_Load
77.87,21.82,0.0,96.29,100.0,Weekday,Wednesday,Medium_Load
3.1,3.28,0.0,68.69,100.0,Weekday,Friday,Light_Load
5.0,0.0,23.22,100.0,21.05,Weekday,Monday,Medium_Load
3.06,3.53,0.0,65.5,100.0,Weekend,Sunday,Light_Load
2.74,0.0,11.7,100.0,22.8,Weekday,Wednesday,Light_Load
3.28,0.0,13.07,100.0,24.34,Weekend,Sunday,Light_Load
2.99,4.25,0.0,57.54,100.0,Weekday,Thursday,Light_Load
3.1,4.68,0.0,55.22,100.0,Weekend,Sunday,Light_Load
69.08,31.39,0.0,91.04,100.0,Weekday,Wednesday,Maximum_Load
3.96,0.0,25.85,100.0,15.14,Weekend,Saturday,Medium_Load
24.62,15.01,0.0,85.38,100.0,Weekday,Wednesday,Light_Load
62.78,30.2,0.0,90.12,100.0,Weekday,Thursday,Maximum_Load
40.1,5.87,0.68,98.95,99.99,Weekday,Monday,Medium_Load
90.25,44.78,0.0,89.58,100.0,Weekday,Monday,Maximum_Load
3.82,1.84,14.8,90.09,24.99,Weekday,Thursday,Medium_Load
48.38,20.09,0.0,92.35,100.0,Weekday,Tuesday,Maximum_Load
52.38,25.99,0.0,89.58,100.0,Weekday,Monday,Maximum_Load
3.74,4.54,0.0,63.58,100.0,Weekday,Friday,Medium_Load
2.92,0.0,17.42,100.0,16.53,Weekend,Sunday,Light_Load
59.36,19.94,2.88,94.79,99.88,Weekday,Thursday,Maximum_Load
4.21,2.84,0.4,82.9,99.55,Weekday,Wednesday,Light_Load
68.72,32.33,0.0,90.49,100.0,Weekday,Thursday,Maximum_Load
3.17,2.77,0.0,75.3,100.0,Weekend,Saturday,Light_Load
44.89,28.3,0.0,84.59,100.0,Weekday,Wednesday,Maximum_Load
60.34,25.74,0.0,91.98,100.0,Weekday,Friday,Maximum_Load
3.6,0.0,21.17,100.0,16.76,Weekend,Sunday,Light_Load
81.07,39.06,0.0,90.09,100.0,Weekday,Monday,Maximum_Load
46.37,35.5,0.0,79.4,100.0,Weekday,Tuesday,Maximum_Load
2.77,0.0,5.22,100.0,46.87,Weekend,Saturday,Light_Load
3.2,4.21,0.0,60.51,100.0,Weekend,Saturday,Light_Load
3.31,3.42,0.0,69.55,100.0,Weekday,Friday,Light_Load
80.46,31.1,0.0,93.27,100.0,Weekday,Thursday,Maximum_Load
2.95,4.64,0.0,53.65,100.0,Weekday,Thursday,Light_Load
43.74,13.61,0.0,95.48,100.0,Weekday,Monday,Medium_Load
5.54,0.0,21.1,100.0,25.4,Weekday,Friday,Maximum_Load
97.85,31.68,0.0,95.14,100.0,Weekend,Sunday,Maximum_Load
37.33,23.44,0.0,84.69,100.0,Weekday,Wednesday,Light_Load
36.4,26.06,0.0,81.31,100.0,Weekday,Tuesday,Light_Load
3.64,6.3,0.0,50.03,100.0,Weekday,Thursday,Medium_Load
2.59,3.02,0.0,65.1,100.0,Weekday,Monday,Light_Load
90.79,46.73,0.0,88.91,100.0,Weekday,Tuesday,Maximum_Load
3.2,2.3,0.07,81.2,99.98,Weekday,Tuesday,Light_Load
6.62,0.0,25.06,100.0,25.54,Weekday,Tuesday,Medium_Load
26.86,0.07,7.31,100.0,96.49,Weekend,Saturday,Medium_Load
3.24,6.8,0.0,43.01,100.0,Weekday,Friday,Light_Load
3.38,0.0,18.0,100.0,18.46,Weekend,Saturday,Light_Load
5.26,0.0,16.78,100.0,29.91,Weekday,Wednesday,Medium_Load
3.89,0.0,10.76,100.0,34.0,Weekend,Sunday,Light_Load
48.64,27.83,0.0,86.8,100.0,Weekday,Monday,Maximum_Load
2.66,4.14,0.0,54.06,100.0,Weekday,Monday,Light_Load
10.87,9.9,0.0,73.93,100.0,Weekend,Saturday,Maximum_Load
3.71,3.49,0.0,72.84,100.0,Weekday,Tuesday,Light_Load
3.02,5.22,0.0,50.08,100.0,Weekday,Thursday,Light_Load
2.52,4.1,0.0,52.36,100.0,Weekday,Friday,Light_Load
53.64,29.84,0.0,87.39,100.0,Weekday,Wednesday,Medium_Load
47.84,20.66,0.0,91.8,100.0,Weekday,Thursday,Maximum_Load
3.64,3.42,0.0,72.88,100.0,Weekday,Tuesday,Light_Load
3.1,0.0,16.34,100.0,18.64,Weekend,Sunday,Light_Load
3.31,0.0,14.15,100.0,22.78,Weekend,Sunday,Light_Load
2.59,4.86,0.0,47.03,100.0,Weekday,Tuesday,Light_Load
58.39,36.61,0.0,84.72,100.0,Weekday,Thursday,Light_Load
2.56,4.64,0.0,48.31,100.0,Weekday,Tuesday,Light_Load
5.98,2.84,0.04,90.33,100.0,Weekday,Monday,Light_Load
2.7,3.64,0.0,59.58,100.0,Weekend,Sunday,Light_Load
113.15,54.97,0.0,89.95,100.0,Weekday,Thursday,Medium_Load
4.54,6.8,0.0,55.53,100.0,Weekday,Tuesday,Light_Load
121.93,43.56,0.0,94.17,100.0,Weekday,Thursday,Medium_Load
2.92,0.0,10.76,100.0,26.19,Weekday,Thursday,Light_Load
48.1,14.62,0.0,95.68,100.0,Weekday,Monday,Medium_Load
20.74,0.04,14.9,100.0,81.21,Weekday,Wednesday,Medium_Load
5.54,0.0,26.39,100.0,20.54,Weekend,Saturday,Medium_Load
96.23,53.03,0.0,87.58,100.0,Weekday,Tuesday,Maximum_Load
38.84,8.75,0.0,97.56,100.0,Weekday,Thursday,Medium_Load
3.74,0.0,18.5,100.0,19.82,Weekend,Saturday,Medium_Load
58.5,42.8,0.47,80.71,100.0,Weekday,Thursday,Medium_Load
2.52,4.28,0.0,50.74,100.0,Weekday,Tuesday,Light_Load
75.2,51.84,0.0,82.33,100.0,Weekday,Thursday,Maximum_Load
2.99,0.0,10.84,100.0,26.59,Weekend,Sunday,Light_Load
5.44,0.0,23.69,100.0,22.38,Weekday,Wednesday,Medium_Load
3.6,2.77,0.0,79.25,100.0,Weekday,Monday,Light_Load
2.74,3.6,0.0,60.56,100.0,Weekend,Saturday,Light_Load
3.56,5.15,0.0,56.86,100.0,Weekday,Thursday,Light_Load
2.99,0.0,11.52,100.0,25.12,Weekend,Saturday,Medium_Load
4.57,0.0,17.24,100.0,25.62,Weekday,Monday,Medium_Load
2.77,3.64,0.0,60.56,100.0,Weekend,Sunday,Light_Load
69.66,31.03,0.0,91.35,100.0,Weekday,Wednesday,Maximum_Load
61.92,24.23,0.0,93.12,100.0,Weekday,Tuesday,Maximum_Load
48.35,38.02,0.0,78.61,100.0,Weekday,Monday,Light_Load
47.3,19.62,0.0,92.37,100.0,Weekday,Monday,Maximum_Load
2.63,2.81,0.0,68.33,100.0,Weekend,Sunday,Light_Load
71.5,17.64,0.04,97.09,100.0,Weekday,Wednesday,Medium_Load
3.38,2.74,0.0,77.68,100.0,Weekend,Sunday,Light_Load
62.75,49.18,0.0,78.71,100.0,Weekday,Wednesday,Light_Load
4.46,5.22,0.0,64.96,100.0,Weekend,Sunday,Light_Load
3.64,1.66,13.0,90.99,26.96,Weekday,Friday,Medium_Load
2.84,4.68,0.0,51.88,100.0,Weekend,Saturday,Light_Load
2.92,3.35,0.0,65.71,100.0,Weekend,Sunday,Light_Load
3.1,3.78,0.0,63.41,100.0,Weekday,Monday,Light_Load
3.6,0.0,25.16,100.0,14.16,Weekday,Friday,Medium_Load
3.28,3.67,0.0,66.64,100.0,Weekday,Tuesday,Light_Load
35.39,4.32,0.43,99.26,99.99,Weekend,Sunday,Light_Load
2.92,5.47,0.0,47.09,100.0,Weekend,Saturday,Light_Load
3.02,6.01,0.0,44.9,100.0,Weekday,Monday,Light_Load
3.46,5.58,0.0,52.7,100.0,Weekday,Thursday,Light_Load
69.34,27.04,0.0,93.17,100.0,Weekday,Wednesday,Maximum_Load
3.71,4.39,0.0,64.55,100.0,Weekday,Thursday,Light_Load
2.66,0.0,11.77,100.0,22.04,Weekday,Tuesday,Light_Load
105.37,48.1,0.0,90.97,100.0,Weekday,Thursday,Medium_Load
75.13,23.47,1.55,95.45,99.98,Weekday,Monday,Maximum_Load
67.21,32.62,0.0,89.96,100.0,Weekday,Wednesday,Maximum_Load
54.86,20.41,0.0,93.72,100.0,Weekend,Sunday,Maximum_Load
3.67,0.94,13.32,96.87,26.56,Weekday,Wednesday,Medium_Load
2.66,4.72,0.0,49.1,100.0,Weekday,Monday,Light_Load
5.62,0.0,21.85,100.0,24.91,Weekday,Monday,Maximum_Load
3.38,4.21,0.0,62.6,100.0,Weekday,Tuesday,Light_Load
97.02,40.25,0.0,92.37,100.0,Weekday,Thursday,Maximum_Load
3.46,4.93,0.0,57.45,100.0,Weekday,Friday,Medium_Load
3.1,3.46,0.0,66.73,100.0,Weekday,Friday,Light_Load
56.16,40.64,0.0,81.01,100.0,Weekday,Wednesday,Medium_Load
5.87,5.44,0.0,73.35,100.0,Weekday,Wednesday,Light_Load
42.44,2.63,3.35,99.81,99.69,Weekday,Tuesday,Medium_Load
44.96,15.19,0.0,94.74,100.0,Weekday,Friday,Maximum_Load
3.67,0.0,13.64,100.0,25.98,Weekend,Sunday,Light_Load
3.53,0.0,13.21,100.0,25.82,Weekend,Sunday,Light_Load
5.8,0.0,25.88,100.0,21.87,Weekday,Wednesday,Medium_Load
3.31,4.1,0.0,62.82,100.0,Weekday,Thursday,Light_Load
66.85,24.34,0.0,93.97,100.0,Weekday,Friday,Medium_Load
5.04,2.63,0.0,88.66,100.0,Weekday,Thursday,Maximum_Load
33.95,16.7,0.0,89.73,100.0,Weekend,Saturday,Maximum_Load
3.24,4.9,0.0,55.16,100.0,Weekday,Wednesday,Light_Load
63.86,21.6,0.0,94.73,100.0,Weekday,Tuesday,Maximum_Load
2.88,0.0,4.5,100.0,53.91,Weekend,Sunday,Light_Load
8.6,0.0,15.08,100.0,49.54,Weekday,Friday,Maximum_Load
97.99,47.77,0.0,89.89,100.0,Weekday,Tuesday,Light_Load
2.92,5.29,0.0,48.33,100.0,Weekday,Thursday,Light_Load
3.53,3.2,0.0,74.09,100.0,Weekend,Saturday,Light_Load
3.92,0.04,15.98,99.99,23.82,Weekday,Thursday,Medium_Load
2.74,3.6,0.0,60.56,100.0,Weekend,Saturday,Light_Load
57.28,13.28,0.0,97.42,100.0,Weekday,Friday,Maximum_Load
3.85,3.49,0.0,74.09,100.0,Weekday,Monday,Light_Load
56.52,25.31,7.2,91.27,99.2,Weekday,Monday,Medium_Load
123.3,49.03,0.0,92.92,100.0,Weekday,Tuesday,Medium_Load
2.99,0.0,5.15,100.0,50.21,Weekend,Saturday,Medium_Load
45.9,21.96,0.0,90.21,100.0,Weekday,Wednesday,Medium_Load
2.77,5.29,0.0,46.39,100.0,Weekend,Saturday,Light_Load
2.63,5.76,0.0,41.53,100.0,Weekend,Sunday,Light_Load
54.9,25.49,0.0,90.7,100.0,Weekend,Saturday,Medium_Load
83.74,34.63,0.0,92.41,100.0,Weekday,Wednesday,Maximum_Load
3.28,5.22,0.0,53.2,100.0,Weekend,Saturday,Light_Load
3.31,0.0,4.75,100.0,57.17,Weekday,Friday,Light_Load
58.28,30.28,0.04,88.74,100.0,Weekday,Monday,Maximum_Load
2.74,4.36,0.0,53.21,100.0,Weekend,Sunday,Light_Load
2.99,0.0,11.45,100.0,25.27,Weekend,Sunday,Light_Load
69.3,4.28,0.9,99.81,99.99,Weekend,Saturday,Medium_Load
2.99,4.93,0.0,51.86,100.0,Weekday,Tuesday,Light_Load
3.96,2.7,0.36,82.62,99.59,Weekday,Thursday,Light_Load
22.46,15.7,0.0,81.96,100.0,Weekday,Wednesday,Light_Load
4.25,0.0,21.96,100.0,19.0,Weekday,Wednesday,Medium_Load
2.92,4.18,0.0,57.27,100.0,Weekend,Sunday,Light_Load
3.13,0.0,13.9,100.0,21.97,Weekend,Sunday,Medium_Load
3.06,3.49,0.0,65.93,100.0,Weekday,Friday,Light_Load
2.92,4.36,0.0,55.65,100.0,Weekday,Monday,Light_Load
5.44,0.0,21.35,100.0,24.69,Weekday,Friday,Medium_Load
37.48,5.0,0.0,99.12,100.0,Weekday,Tuesday,Medium_Load
88.78,13.0,0.0,98.94,100.0,Weekend,Saturday,Medium_Load
4.75,5.15,0.0,67.8,100.0,Weekday,Tuesday,Light_Load
2.88,5.29,0.0,47.82,100.0,Weekend,Saturday,Light_Load
26.17,0.58,1.94,99.98,99.73,Weekend,Saturday,Maximum_Load
42.88,14.54,6.12,94.7,99.0,Weekday,Wednesday,Maximum_Load
3.13,3.85,0.0,63.08,100.0,Weekend,Saturday,Light_Load
3.1,3.24,0.0,69.13,100.0,Weekday,Monday,Light_Load
2.99,3.82,0.0,61.64,100.0,Weekend,Saturday,Light_Load
3.35,3.31,0.0,71.13,100.0,Weekday,Friday,Light_Load
3.85,0.0,25.99,100.0,14.65,Weekday,Friday,Medium_Load
4.61,5.15,0.0,66.7,100.0,Weekday,Friday,Light_Load
2.81,5.58,0.0,44.98,100.0,Weekend,Sunday,Light_Load
5.65,0.0,20.02,100.0,27.16,Weekday,Thursday,Medium_Load
13.57,0.14,20.3,99.99,55.57,Weekday,Monday,Medium_Load
27.0,0.0,8.24,100.0,95.65,Weekend,Sunday,Maximum_Load
66.06,33.23,0.0,89.33,100.0,Weekday,Thursday,Maximum_Load
39.78,8.57,0.0,97.76,100.0,Weekday,Thursday,Maximum_Load
2.99,3.71,0.0,62.75,100.0,Weekday,Monday,Light_Load
4.68,5.36,0.0,65.77,100.0,Weekday,Friday,Light_Load
4.61,0.0,20.77,100.0,21.67,Weekday,Thursday,Medium_Load
3.02,3.96,0.0,60.64,100.0,Weekday,Thursday,Light_Load
109.01,54.58,0.0,89.42,100.0,Weekday,Thursday,Maximum_Load
57.06,28.08,0.0,89.72,100.0,Weekday,Thursday,Medium_Load
3.82,1.01,12.71,96.68,28.78,Weekday,Thursday,Medium_Load
14.98,0.61,15.7,99.92,69.03,Weekday,Tuesday,Medium_Load
2.59,4.97,0.04,46.21,99.99,Weekend,Sunday,Light_Load
3.53,0.0,16.78,100.0,20.59,Weekend,Sunday,Light_Load
111.24,44.28,0.0,92.91,100.0,Weekday,Friday,Maximum_Load
59.62,26.93,0.0,91.13,100.0,Weekday,Wednesday,Maximum_Load
4.68,0.32,4.25,99.77,74.03,Weekend,Saturday,Maximum_Load
26.42,0.0,12.67,100.0,90.17,Weekday,Friday,Maximum_Load
3.49,0.0,17.71,100.0,19.33,Weekday,Monday,Medium_Load
3.89,0.0,14.72,100.0,25.55,Weekday,Tuesday,Medium_Load
57.1,36.79,0.0,84.06,100.0,Weekday,Wednesday,Medium_Load
2.74,5.54,0.0,44.33,100.0,Weekday,Monday,Light_Load
72.65,22.82,2.05,95.4,99.96,Weekday,Monday,Maximum_Load
2.88,4.32,0.0,55.47,100.0,Weekday,Wednesday,Light_Load
4.68,2.59,0.0,87.49,100.0,Weekday,Friday,Light_Load
2.77,0.0,11.66,100.0,23.11,Weekend,Sunday,Light_Load
2.99,2.27,0.0,79.65,100.0,Weekend,Saturday,Light_Load
5.9,4.68,0.0,78.35,100.0,Weekend,Saturday,Light_Load
3.53,5.08,0.0,57.06,100.0,Weekday,Friday,Light_Load
4.03,5.26,0.0,60.82,100.0,Weekday,Thursday,Maximum_Load
3.46,3.46,0.0,70.71,100.0,Weekday,Friday,Light_Load
38.41,3.13,0.61,99.67,99.99,Weekday,Tuesday,Maximum_Load
3.02,0.0,11.99,100.0,24.42,Weekend,Sunday,Light_Load
3.2,0.0,16.99,100.0,18.51,Weekend,Sunday,Light_Load
3.49,6.3,0.0,48.46,100.0,Weekday,Wednesday,Light_Load
2.81,0.0,4.86,100.0,50.05,Weekday,Wednesday,Light_Load
3.67,6.48,0.0,49.28,100.0,Weekday,Tuesday,Light_Load
2.59,4.14,0.0,53.04,100.0,Weekend,Saturday,Light_Load
40.46,27.97,0.0,82.26,100.0,Weekday,Tuesday,Light_Load
6.7,5.26,0.0,78.66,100.0,Weekend,Saturday,Light_Load
88.02,47.84,0.0,87.86,100.0,Weekday,Monday,Maximum_Load
4.1,4.07,0.0,70.97,100.0,Weekend,Sunday,Light_Load
3.06,0.0,13.72,100.0,21.77,Weekend,Sunday,Medium_Load
51.41,48.96,0.0,72.42,100.0,Weekday,Wednesday,Light_Load
3.13,2.74,0.0,75.24,100.0,Weekend,Saturday,Light_Load
2.95,4.07,0.0,58.69,100.0,Weekday,Monday,Light_Load
4.0,0.0,6.7,100.0,51.26,Weekday,Monday,Light_Load
86.72,38.7,0.0,91.32,100.0,Weekday,Thursday,Maximum_Load
4.1,2.7,0.22,83.52,99.86,Weekday,Friday,Light_Load
53.75,36.4,0.0,82.8,100.0,Weekday,Tuesday,Maximum_Load
60.37,50.51,0.0,76.7,100.0,Weekday,Tuesday,Light_Load
4.54,5.98,0.0,60.47,100.0,Weekday,Monday,Light_Load
3.2,0.0,16.92,100.0,18.58,Weekend,Sunday,Light_Load
37.26,5.18,0.97,99.05,99.97,Weekday,Tuesday,Maximum_Load
56.84,17.93,0.0,95.37,100.0,Weekday,Thursday,Medium_Load
7.06,5.8,0.0,77.27,100.0,Weekend,Saturday,Light_Load
3.1,5.29,0.0,50.56,100.0,Weekday,Friday,Light_Load
116.06,47.88,0.0,92.44,100.0,Weekday,Thursday,Maximum_Load
52.49,29.38,0.0,87.26,100.0,Weekday,Wednesday,Maximum_Load
2.95,3.24,0.0,67.32,100.0,Weekday,Wednesday,Light_Load
2.92,0.0,4.61,100.0,53.51,Weekend,Saturday,Light_Load
80.64,46.76,0.0,86.51,100.0,Weekday,Tuesday,Medium_Load
88.99,39.53,0.0,91.39,100.0,Weekday,Wednesday,Medium_Load
3.06,5.11,0.0,51.38,100.0,Weekday,Tuesday,Light_Load
56.88,34.42,0.0,85.55,100.0,Weekday,Wednesday,Maximum_Load
4.79,5.22,0.0,67.61,100.0,Weekday,Friday,Light_Load
3.38,3.78,0.0,66.66,100.0,Weekday,Wednesday,Light_Load
44.75,11.63,0.0,96.78,100.0,Weekday,Friday,Medium_Load
115.13,61.56,0.0,88.19,100.0,Weekday,Tuesday,Medium_Load
4.64,0.0,14.15,100.0,31.16,Weekday,Thursday,Medium_Load
60.77,42.48,0.0,81.96,100.0,Weekday,Tuesday,Maximum_Load
3.38,0.0,16.96,100.0,19.54,Weekday,Friday,Light_Load
7.92,4.68,0.0,86.09,100.0,Weekday,Wednesday,Light_Load
30.78,0.47,5.94,99.99,98.19,Weekend,Sunday,Medium_Load
56.81,23.22,0.0,92.57,100.0,Weekday,Thursday,Maximum_Load
69.8,47.27,0.0,82.8,100.0,Weekday,Friday,Maximum_Load
2.99,0.0,11.3,100.0,25.58,Weekend,Sunday,Light_Load
3.31,4.82,0.0,56.61,100.0,Weekday,Wednesday,Light_Load
3.02,4.28,0.0,57.65,100.0,Weekday,Friday,Light_Load
2.88,4.25,0.0,56.1,100.0,Weekday,Friday,Light_Load
2.95,4.07,0.0,58.69,100.0,Weekday,Tuesday,Light_Load
2.99,0.0,11.66,100.0,24.84,Weekend,Sunday,Medium_Load
2.74,5.18,0.0,46.76,100.0,Weekday,Monday,Light_Load
50.33,29.41,0.0,86.34,100.0,Weekday,Thursday,Medium_Load
49.97,27.86,0.0,87.34,100.0,Weekday,Tuesday,Maximum_Load
30.31,0.0,9.18,100.0,95.71,Weekday,Tuesday,Medium_Load
84.56,33.62,0.0,92.92,100.0,Weekend,Saturday,Maximum_Load
4.46,0.0,26.24,100.0,16.76,Weekend,Saturday,Medium_Load
38.12,27.43,0.0,81.17,100.0,Weekday,Tuesday,Light_Load
3.64,5.98,0.0,51.99,100.0,Weekend,Saturday,Light_Load
47.59,45.61,0.0,72.2,100.0,Weekday,Wednesday,Maximum_Load
67.39,48.17,0.0,81.35,100.0,Weekday,Wednesday,Maximum_Load
74.48,58.32,0.0,78.73,100.0,Weekday,Monday,Light_Load
4.14,7.52,0.0,48.23,100.0,Weekday,Wednesday,Medium_Load
3.42,6.48,0.0,46.68,100.0,Weekday,Friday,Light_Load
2.99,5.58,0.0,47.23,100.0,Weekday,Thursday,Light_Load
2.7,4.43,0.0,52.04,100.0,Weekend,Saturday,Light_Load
4.64,1.76,15.34,93.5,28.95,Weekend,Saturday,Light_Load
69.08,37.44,0.0,87.92,100.0,Weekday,Friday,Medium_Load
47.27,8.32,0.0,98.49,100.0,Weekday,Tuesday,Maximum_Load
5.51,0.0,20.84,100.0,25.56,Weekend,Saturday,Light_Load
4.07,0.0,21.24,100.0,18.82,Weekend,Sunday,Medium_Load
2.74,5.18,0.11,46.76,99.92,Weekday,Wednesday,Medium_Load
63.4,52.63,0.0,76.94,100.0,Weekday,Friday,Maximum_Load
3.1,3.92,0.0,62.03,100.0,Weekday,Thursday,Light_Load
24.88,15.66,0.0,84.63,100.0,Weekday,Tuesday,Maximum_Load
50.9,18.14,0.43,94.2,100.0,Weekday,Monday,Medium_Load
11.09,4.54,3.06,92.55,96.4,Weekend,Sunday,Maximum_Load
45.36,18.4,0.0,92.67,100.0,Weekday,Monday,Medium_Load
37.84,12.56,2.45,94.91,99.79,Weekday,Wednesday,Maximum_Load
31.82,10.37,0.54,95.08,99.99,Weekday,Friday,Medium_Load
76.14,37.66,0.0,89.63,100.0,Weekday,Monday,Medium_Load
3.89,0.0,17.24,100.0,22.01,Weekend,Saturday,Medium_Load
4.07,4.07,0.0,70.71,100.0,Weekday,Friday,Maximum_Load
3.24,3.35,0.0,69.52,100.0,Weekday,Monday,Light_Load
3.74,6.52,0.0,49.76,100.0,Weekday,Tuesday,Light_Load
3.06,1.84,0.4,85.7,99.16,Weekday,Friday,Light_Load
66.46,40.1,0.0,85.62,100.0,Weekday,Friday,Maximum_Load
32.54,2.12,1.22,99.79,99.93,Weekend,Sunday,Maximum_Load
3.24,6.91,0.0,42.45,100.0,Weekday,Monday,Medium_Load
80.78,31.82,0.0,93.04,100.0,Weekday,Thursday,Maximum_Load
52.6,20.09,0.11,93.42,100.0,Weekday,Thursday,Medium_Load
3.24,4.86,0.0,55.47,100.0,Weekday,Wednesday,Light_Load
2.77,0.0,11.92,100.0,22.64,Weekday,Friday,Medium_Load
2.99,5.15,0.0,50.21,100.0,Weekday,Wednesday,Light_Load
3.71,4.79,0.0,61.23,100.0,Weekday,Friday,Light_Load
68.98,27.9,0.0,92.7,100.0,Weekday,Thursday,Medium_Load
3.31,3.6,0.0,67.68,100.0,Weekday,Wednesday,Light_Load
88.6,49.14,0.0,87.45,100.0,Weekend,Saturday,Light_Load
90.86,14.9,0.11,98.68,100.0,Weekday,Tuesday,Maximum_Load
58.07,30.78,0.0,88.36,100.0,Weekday,Thursday,Medium_Load
35.46,31.82,0.0,74.43,100.0,Weekend,Saturday,Light_Load
5.33,0.0,22.36,100.0,23.19,Weekday,Wednesday,Maximum_Load
54.22,23.98,0.0,91.45,100.0,Weekday,Monday,Maximum_Load
4.32,0.0,16.92,100.0,24.74,Weekend,Sunday,Light_Load
3.92,6.26,0.0,53.07,100.0,Weekday,Thursday,Light_Load
60.44,32.65,0.0,87.98,100.0,Weekday,Monday,Medium_Load
3.74,0.0,17.96,100.0,20.39,Weekend,Sunday,Light_Load
29.05,4.21,6.08,98.97,97.88,Weekend,Saturday,Maximum_Load
2.84,0.0,17.24,100.0,16.25,Weekend,Saturday,Medium_Load
3.02,4.5,0.0,55.73,100.0,Weekend,Saturday,Light_Load
53.46,29.38,0.0,87.64,100.0,Weekday,Tuesday,Medium_Load
54.94,45.83,0.0,76.79,100.0,Weekday,Wednesday,Light_Load
3.82,5.08,0.0,60.1,100.0,Weekday,Monday,Light_Load
3.35,2.74,0.0,77.41,100.0,Weekend,Sunday,Light_Load
39.49,29.02,0.0,80.58,100.0,Weekday,Tuesday,Light_Load
51.16,14.94,0.0,95.99,100.0,Weekday,Thursday,Maximum_Load
81.14,46.33,0.0,86.84,100.0,Weekday,Friday,Maximum_Load
70.02,21.92,0.0,95.43,100.0,Weekday,Wednesday,Medium_Load
3.74,0.0,22.32,100.0,16.53,Weekend,Sunday,Light_Load
47.66,20.41,0.0,91.93,100.0,Weekday,Thursday,Maximum_Load
53.64,17.71,0.0,94.96,100.0,Weekday,Thursday,Maximum_Load
3.82,3.38,0.0,74.89,100.0,Weekend,Saturday,Light_Load
82.3,40.1,0.0,89.9,100.0,Weekend,Saturday,Light_Load
81.04,27.61,0.0,94.66,100.0,Weekday,Thursday,Maximum_Load
84.74,35.42,0.0,92.26,100.0,Weekday,Friday,Medium_Load
5.69,2.7,0.5,90.34,99.62,Weekday,Thursday,Light_Load
51.34,23.29,0.0,91.07,100.0,Weekday,Wednesday,Medium_Load
6.48,0.0,26.1,100.0,24.1,Weekday,Wednesday,Medium_Load
2.52,5.29,0.0,43.01,100.0,Weekday,Thursday,Light_Load
4.43,5.18,0.0,64.99,100.0,Weekday,Thursday,Light_Load
3.1,0.0,14.58,100.0,20.8,Weekend,Saturday,Medium_Load
2.88,4.18,0.0,56.74,100.0,Weekend,Sunday,Light_Load
2.74,4.9,0.0,48.81,100.0,Weekday,Thursday,Light_Load
17.39,14.65,0.0,76.48,100.0,Weekend,Saturday,Light_Load
3.06,4.1,0.0,59.81,100.0,Weekday,Tuesday,Light_Load
36.68,3.1,3.85,99.64,99.45,Weekday,Wednesday,Medium_Load
114.98,56.09,0.0,89.88,100.0,Weekday,Thursday,Medium_Load
2.84,4.18,0.0,56.2,100.0,Weekend,Sunday,Light_Load
99.68,40.43,0.0,92.67,100.0,Weekday,Wednesday,Maximum_Load
2.81,2.84,0.0,70.33,100.0,Weekend,Sunday,Light_Load
38.12,1.04,2.09,99.96,99.85,Weekend,Saturday,Maximum_Load
70.13,8.96,0.5,99.19,100.0,Weekday,Tuesday,Medium_Load
54.86,17.17,0.0,95.43,100.0,Weekday,Thursday,Maximum_Load
3.35,4.5,0.0,59.71,100.0,Weekday,Wednesday,Light_Load
61.56,31.54,0.0,89.0,100.0,Weekday,Monday,Maximum_Load
2.7,0.0,17.46,100.0,15.28,Weekday,Thursday,Light_Load
60.34,28.58,0.0,90.38,100.0,Weekday,Thursday,Maximum_Load
3.49,7.2,0.0,43.62,100.0,Weekend,Saturday,Light_Load
4.82,0.0,26.39,100.0,17.97,Weekday,Wednesday,Medium_Load
3.49,4.64,0.0,60.11,100.0,Weekday,Thursday,Light_Load
3.13,0.0,13.18,100.0,23.11,Weekend,Sunday,Light_Load
4.03,4.68,0.0,65.25,100.0,Weekday,Thursday,Light_Load
89.57,41.62,0.0,90.69,100.0,Weekday,Friday,Light_Load
49.25,20.52,0.04,92.31,100.0,Weekday,Tuesday,Medium_Load
56.27,32.51,0.0,86.59,100.0,Weekday,Tuesday,Medium_Load
3.64,3.6,0.0,71.1,100.0,Weekend,Sunday,Light_Load
4.39,0.0,17.21,100.0,24.72,Weekday,Thursday,Medium_Load
8.42,1.15,15.84,99.08,46.94,Weekday,Thursday,Medium_Load
108.11,58.32,0.0,88.01,100.0,Weekday,Thursday,Maximum_Load
72.0,38.09,0.0,88.39,100.0,Weekday,Thursday,Maximum_Load
36.94,26.35,0.0,81.41,100.0,Weekday,Thursday,Light_Load
3.49,2.59,0.0,80.3,100.0,Weekday,Monday,Light_Load
4.64,4.5,0.0,71.79,100.0,Weekday,Wednesday,Light_Load
32.98,0.47,3.78,99.99,99.35,Weekday,Friday,Medium_Load
2.7,4.82,0.0,48.87,100.0,Weekday,Thursday,Light_Load
2.81,5.15,0.0,47.9,100.0,Weekday,Friday,Light_Load
3.82,5.22,0.0,59.06,100.0,Weekend,Saturday,Light_Load
39.49,26.78,0.11,82.76,100.0,Weekday,Thursday,Light_Load
42.62,7.27,0.04,98.58,100.0,Weekday,Friday,Medium_Load
55.4,27.11,0.0,89.82,100.0,Weekday,Monday,Maximum_Load
22.79,0.0,14.15,100.0,84.96,Weekend,Saturday,Maximum_Load
2.81,5.36,0.0,46.43,100.0,Weekday,Monday,Light_Load
3.85,7.52,0.0,45.57,100.0,Weekday,Thursday,Maximum_Load
32.54,1.12,0.97,99.94,99.96,Weekday,Wednesday,Medium_Load
47.41,18.86,0.0,92.92,100.0,Weekday,Monday,Medium_Load
2.99,0.0,4.82,100.0,52.71,Weekend,Saturday,Light_Load
48.24,10.84,0.0,97.57,100.0,Weekday,Friday,Maximum_Load
4.21,3.24,0.18,79.25,99.91,Weekday,Thursday,Light_Load
50.94,23.26,0.0,90.97,100.0,Weekday,Thursday,Maximum_Load
3.42,6.37,0.0,47.3,100.0,Weekend,Saturday,Light_Load
81.5,32.08,0.0,93.05,100.0,Weekend,Saturday,Medium_Load
3.46,2.7,0.0,78.84,100.0,Weekend,Sunday,Light_Load
3.71,4.86,0.0,60.68,100.0,Weekday,Friday,Light_Load
60.19,31.61,0.0,88.53,100.0,Weekday,Friday,Light_Load
3.56,0.0,22.07,100.0,15.92,Weekend,Sunday,Light_Load
3.35,0.0,13.97,100.0,23.32,Weekend,Saturday,Light_Load
71.46,35.5,0.0,89.56,100.0,Weekday,Thursday,Maximum_Load
2.84,0.0,5.15,100.0,48.29,Weekend,Sunday,Medium_Load
3.92,1.76,10.37,91.23,35.36,Weekday,Wednesday,Medium_Load
53.46,23.26,0.0,91.7,100.0,Weekday,Tuesday,Medium_Load
121.93,48.31,0.0,92.97,100.0,Weekday,Tuesday,Maximum_Load
120.89,47.38,0.0,93.1,100.0,Weekday,Tuesday,Light_Load
77.83,55.4,0.0,81.47,100.0,Weekday,Monday,Maximum_Load
113.94,51.34,0.0,91.17,100.0,Weekday,Thursday,Medium_Load
102.28,43.78,0.0,91.93,100.0,Weekday,Wednesday,Maximum_Load
3.2,1.98,0.32,85.04,99.5,Weekend,Saturday,Light_Load
32.54,0.83,6.16,99.97,98.25,Weekday,Friday,Medium_Load
5.62,4.03,0.0,81.27,100.0,Weekday,Tuesday,Light_Load
4.07,0.0,14.58,100.0,26.89,Weekday,Tuesday,Medium_Load
83.52,52.56,0.0,84.64,100.0,Weekday,Tuesday,Medium_Load
82.26,42.59,0.0,88.8,100.0,Weekday,Friday,Light_Load
3.31,0.0,14.83,100.0,21.78,Weekend,Saturday,Light_Load
2.99,0.0,11.48,100.0,25.2,Weekend,Sunday,Light_Load
4.32,3.13,0.18,80.98,99.91,Weekday,Wednesday,Light_Load
4.25,5.98,0.0,57.93,100.0,Weekday,Wednesday,Light_Load
2.88,4.9,0.0,50.67,100.0,Weekday,Thursday,Light_Load
6.52,2.34,0.22,94.12,99.94,Weekday,Monday,Light_Load
56.02,26.96,0.0,90.11,100.0,Weekday,Wednesday,Maximum_Load
3.2,5.44,0.0,50.7,100.0,Weekday,Monday,Light_Load
3.6,0.0,13.93,100.0,25.02,Weekend,Sunday,Light_Load
28.51,0.04,8.71,100.0,95.64,Weekend,Sunday,Medium_Load
32.15,9.29,0.0,96.07,100.0,Weekday,Tuesday,Medium_Load
3.31,0.0,17.53,100.0,18.55,Weekday,Wednesday,Light_Load
38.77,22.97,0.54,86.03,99.99,Weekday,Thursday,Medium_Load
2.77,3.96,0.0,57.32,100.0,Weekend,Saturday,Light_Load
2.7,4.79,0.0,49.1,100.0,Weekday,Monday,Light_Load
3.67,4.28,0.0,65.09,100.0,Weekend,Saturday,Light_Load
22.93,15.16,0.0,83.42,100.0,Weekday,Wednesday,Light_Load
21.1,6.12,17.53,96.04,76.92,Weekday,Tuesday,Medium_Load
47.02,24.48,0.18,88.7,100.0,Weekday,Friday,Medium_Load
3.28,4.86,0.0,55.94,100.0,Weekday,Monday,Light_Load
2.77,5.0,0.0,48.46,100.0,Weekday,Monday,Light_Load
94.36,28.51,0.0,95.73,100.0,Weekday,Monday,Maximum_Load
3.17,6.05,0.0,46.41,100.0,Weekend,Saturday,Light_Load
3.49,4.75,0.0,59.21,100.0,Weekday,Thursday,Light_Load
10.15,0.22,8.68,99.98,76.0,Weekday,Thursday,Medium_Load
3.56,0.0,14.08,100.0,24.51,Weekend,Saturday,Light_Load
57.02,20.52,0.0,94.09,100.0,Weekday,Wednesday,Medium_Load
4.72,4.57,0.0,71.84,100.0,Weekday,Tuesday,Light_Load
4.36,3.85,0.0,74.96,100.0,Weekend,Sunday,Light_Load
47.66,13.28,0.29,96.33,100.0,Weekend,Saturday,Maximum_Load
3.82,4.79,0.0,62.35,100.0,Weekday,Tuesday,Light_Load
3.02,2.56,0.0,76.28,100.0,Weekend,Saturday,Light_Load
57.46,23.98,0.0,92.29,100.0,Weekday,Thursday,Maximum_Load
2.99,3.6,0.0,63.89,100.0,Weekday,Thursday,Light_Load
2.52,5.18,0.0,43.75,100.0,Weekday,Tuesday,Light_Load
5.69,3.64,4.0,84.24,81.81,Weekday,Monday,Medium_Load
3.28,3.82,0.0,65.14,100.0,Weekday,Friday,Light_Load
3.92,0.0,17.78,100.0,21.53,Weekday,Monday,Medium_Load
2.95,0.0,14.44,100.0,20.02,Weekend,Saturday,Medium_Load
66.24,33.73,0.0,89.11,100.0,Weekday,Thursday,Medium_Load
4.28,0.0,23.33,100.0,18.04,Weekday,Thursday,Light_Load
3.42,2.38,0.04,82.08,99.99,Weekday,Wednesday,Light_Load
79.16,11.3,0.22,99.0,100.0,Weekend,Saturday,Maximum_Load
3.82,4.5,0.0,64.72,100.0,Weekday,Monday,Light_Load
30.38,0.0,7.27,100.0,97.25,Weekday,Tuesday,Medium_Load
2.88,3.71,0.0,61.32,100.0,Weekend,Saturday,Light_Load
54.83,15.34,0.0,96.3,100.0,Weekday,Friday,Maximum_Load
60.01,34.7,0.0,86.57,100.0,Weekday,Wednesday,Light_Load
3.64,3.2,0.0,75.1,100.0,Weekday,Thursday,Medium_Load
4.03,0.0,21.17,100.0,18.7,Weekend,Saturday,Light_Load
3.56,0.0,26.21,100.0,13.46,Weekend,Sunday,Medium_Load
26.32,4.64,0.32,98.48,99.99,Weekday,Thursday,Medium_Load
69.77,53.24,0.0,79.5,100.0,Weekday,Monday,Light_Load
2.95,0.0,11.34,100.0,25.18,Weekend,Sunday,Light_Load
3.02,4.9,0.0,52.47,100.0,Weekday,Wednesday,Light_Load
3.82,3.38,0.0,74.89,100.0,Weekend,Sunday,Light_Load
3.89,4.0,0.0,69.72,100.0,Weekend,Sunday,Light_Load
106.49,55.62,0.0,88.64,100.0,Weekday,Tuesday,Maximum_Load
138.64,58.79,0.0,92.06,100.0,Weekday,Friday,Medium_Load
46.22,5.04,0.04,99.41,100.0,Weekday,Friday,Maximum_Load
3.28,5.18,0.0,53.5,100.0,Weekday,Thursday,Light_Load
3.49,3.92,0.0,66.5,100.0,Weekday,Thursday,Light_Load
3.92,0.0,24.73,100.0,15.66,Weekend,Sunday,Medium_Load
5.15,0.0,17.78,100.0,27.82,Weekday,Wednesday,Medium_Load
4.64,3.38,0.0,80.83,100.0,Weekday,Friday,Light_Load
2.92,0.0,5.04,100.0,50.13,Weekend,Sunday,Light_Load
48.85,27.86,0.0,86.87,100.0,Weekday,Thursday,Maximum_Load
2.81,3.82,0.0,59.26,100.0,Weekday,Wednesday,Light_Load
60.19,45.65,0.0,79.68,100.0,Weekday,Friday,Medium_Load
2.59,4.36,0.0,51.07,100.0,Weekend,Sunday,Light_Load
3.49,0.0,20.16,100.0,17.06,Weekend,Sunday,Light_Load
4.97,3.92,0.0,78.52,100.0,Weekday,Friday,Maximum_Load
92.66,63.29,0.0,82.58,100.0,Weekday,Tuesday,Maximum_Load
22.46,14.98,0.0,83.19,100.0,Weekday,Wednesday,Light_Load
2.77,4.79,0.0,50.06,100.0,Weekday,Friday,Light_Load
3.46,3.6,0.0,69.29,100.0,Weekday,Friday,Light_Load
3.82,4.82,0.0,62.11,100.0,Weekday,Friday,Light_Load
3.89,2.74,0.32,81.75,99.66,Weekday,Thursday,Light_Load
4.07,0.0,22.14,100.0,18.08,Weekday,Thursday,Maximum_Load
116.1,66.49,0.0,86.78,100.0,Weekday,Tuesday,Maximum_Load
2.92,0.0,5.4,100.0,47.57,Weekend,Saturday,Light_Load
2.7,5.22,0.0,45.94,100.0,Weekday,Tuesday,Light_Load
3.64,0.0,16.13,100.0,22.01,Weekend,Sunday,Light_Load
114.73,48.13,0.0,92.21,100.0,Weekday,Friday,Medium_Load
47.34,24.26,0.0,88.99,100.0,Weekday,Friday,Medium_Load
4.5,6.26,0.0,58.37,100.0,Weekday,Thursday,Light_Load
60.34,27.07,0.0,91.24,100.0,Weekday,Friday,Maximum_Load
2.81,0.0,10.73,100.0,25.33,Weekend,Saturday,Light_Load
3.17,5.29,0.0,51.4,100.0,Weekend,Saturday,Light_Load
2.99,0.0,16.96,100.0,17.36,Weekend,Sunday,Light_Load
86.8,56.34,0.0,83.88,100.0,Weekday,Tuesday,Maximum_Load
3.38,4.72,0.0,58.22,100.0,Weekday,Wednesday,Light_Load
4.21,2.92,0.04,82.17,100.0,Weekday,Thursday,Light_Load
3.02,0.0,17.35,100.0,17.15,Weekend,Saturday,Light_Load
47.45,13.61,0.29,96.12,100.0,Weekend,Sunday,Medium_Load
2.92,3.67,0.0,62.26,100.0,Weekend,Sunday,Light_Load
2.74,0.0,11.45,100.0,23.27,Weekend,Sunday,Light_Load
64.91,40.28,0.0,84.97,100.0,Weekday,Friday,Light_Load
2.74,4.75,0.0,49.97,100.0,Weekend,Sunday,Light_Load
92.3,54.43,0.0,86.14,100.0,Weekday,Friday,Maximum_Load
5.04,0.0,26.28,100.0,18.83,Weekend,Sunday,Light_Load
4.0,5.51,0.0,58.75,100.0,Weekday,Tuesday,Medium_Load
3.82,6.73,0.0,49.36,100.0,Weekend,Saturday,Light_Load
108.79,42.95,0.0,93.01,100.0,Weekday,Tuesday,Maximum_Load
3.56,0.0,16.67,100.0,20.88,Weekend,Sunday,Light_Load
66.17,32.44,0.0,89.79,100.0,Weekday,Tuesday,Maximum_Load
3.2,0.0,18.47,100.0,17.07,Weekend,Sunday,Light_Load
42.08,25.38,2.34,85.63,99.85,Weekday,Tuesday,Maximum_Load
64.44,60.41,0.0,72.96,100.0,Weekday,Friday,Light_Load
2.95,0.0,14.4,100.0,20.07,Weekend,Sunday,Light_Load
2.74,6.01,0.0,41.48,100.0,Weekday,Friday,Light_Load
3.2,0.0,16.92,100.0,18.58,Weekend,Saturday,Light_Load
16.31,4.46,3.74,96.46,97.47,Weekday,Thursday,Maximum_Load
3.02,0.0,14.9,100.0,19.86,Weekend,Sunday,Light_Load
3.64,3.49,0.0,72.18,100.0,Weekday,Wednesday,Light_Load
2.88,0.0,10.76,100.0,25.86,Weekend,Saturday,Medium_Load
4.14,3.46,0.07,76.73,99.99,Weekday,Friday,Light_Load
2.77,0.0,11.99,100.0,22.51,Weekend,Sunday,Light_Load
3.74,2.23,0.5,85.89,99.12,Weekday,Friday,Light_Load
53.86,42.08,0.0,78.8,100.0,Weekday,Wednesday,Maximum_Load
96.12,68.65,0.0,81.38,100.0,Weekday,Tuesday,Light_Load
84.71,14.15,1.01,98.63,99.99,Weekday,Friday,Maximum_Load
75.82,35.42,0.0,90.6,100.0,Weekday,Friday,Maximum_Load
3.02,5.4,0.0,48.81,100.0,Weekday,Wednesday,Light_Load
2.84,5.51,0.0,45.81,100.0,Weekday,Monday,Light_Load
2.92,4.28,0.0,56.36,100.0,Weekday,Monday,Light_Load
3.56,3.31,0.0,73.24,100.0,Weekday,Wednesday,Light_Load
86.62,49.75,0.0,86.72,100.0,Weekday,Wednesday,Maximum_Load
29.77,1.01,1.4,99.94,99.89,Weekday,Wednesday,Medium_Load
3.17,0.0,16.88,100.0,18.46,Weekend,Sunday,Light_Load
59.51,34.7,0.0,86.39,100.0,Weekday,Friday,Medium_Load
38.38,7.52,0.04,98.13,100.0,Weekday,Tuesday,Maximum_Load
5.54,0.0,10.48,100.0,46.73,Weekday,Wednesday,Medium_Load
3.06,4.21,0.0,58.79,100.0,Weekday,Tuesday,Light_Load
105.05,34.49,0.0,95.01,100.0,Weekday,Wednesday,Maximum_Load
2.74,4.03,0.0,56.23,100.0,Weekday,Tuesday,Light_Load
3.31,5.04,0.0,54.89,100.0,Weekday,Monday,Light_Load
79.38,30.46,0.0,93.36,100.0,Weekday,Thursday,Maximum_Load
5.69,0.0,21.31,100.0,25.8,Weekend,Sunday,Maximum_Load
3.17,4.72,0.0,55.75,100.0,Weekend,Sunday,Light_Load
3.82,4.32,0.0,66.24,100.0,Weekday,Wednesday,Light_Load
3.6,0.0,13.03,100.0,26.63,Weekday,Thursday,Medium_Load
2.74,5.26,0.0,46.2,100.0,Weekday,Wednesday,Light_Load
3.78,4.32,0.0,65.85,100.0,Weekday,Monday,Light_Load
3.56,4.28,0.0,63.95,100.0,Weekday,Thursday,Medium_Load
89.75,38.81,0.0,91.79,100.0,Weekday,Monday,Maximum_Load
81.22,61.52,0.0,79.71,100.0,Weekday,Thursday,Medium_Load
65.74,30.2,0.0,90.87,100.0,Weekday,Thursday,Maximum_Load
3.24,4.82,0.0,55.79,100.0,Weekday,Friday,Light_Load
3.28,2.12,0.18,83.98,99.85,Weekday,Tuesday,Light_Load
2.92,5.83,0.0,44.78,100.0,Weekday,Thursday,Light_Load
5.18,0.0,24.98,100.0,20.3,Weekend,Saturday,Medium_Load
3.28,4.68,0.0,57.39,100.0,Weekday,Wednesday,Light_Load
60.16,33.26,0.0,87.52,100.0,Weekday,Tuesday,Medium_Load
2.84,6.05,0.0,42.49,100.0,Weekend,Saturday,Light_Load
114.05,36.43,0.0,95.26,100.0,Weekday,Friday,Medium_Load
29.41,1.26,1.08,99.91,99.93,Weekend,Sunday,Maximum_Load
5.76,0.0,21.6,100.0,25.77,Weekday,Wednesday,Medium_Load
76.57,30.6,0.0,92.86,100.0,Weekday,Wednesday,Medium_Load
124.88,57.28,0.0,90.89,100.0,Weekday,Wednesday,Maximum_Load
87.19,27.07,0.0,95.5,100.0,Weekday,Monday,Maximum_Load
3.82,0.0,16.6,100.0,22.43,Weekday,Wednesday,Medium_Load
5.4,5.87,0.0,67.7,100.0,Weekday,Tuesday,Light_Load
3.42,4.32,0.0,62.07,100.0,Weekday,Friday,Light_Load
3.1,3.53,0.0,65.99,100.0,Weekday,Monday,Light_Load
2.7,3.64,0.0,59.58,100.0,Weekend,Sunday,Light_Load
106.92,43.09,0.0,92.75,100.0,Weekday,Thursday,Medium_Load
2.59,4.54,0.0,49.55,100.0,Weekday,Tuesday,Light_Load
2.88,0.0,10.87,100.0,25.61,Weekday,Monday,Light_Load
51.8,29.3,0.0,87.04,100.0,Weekday,Thursday,Maximum_Load
2.81,4.82,0.0,50.36,100.0,Weekday,Wednesday,Light_Load
83.09,43.96,0.0,88.39,100.0,Weekday,Wednesday,Maximum_Load
3.89,0.0,17.75,100.0,21.41,Weekday,Wednesday,Medium_Load
2.66,5.11,0.0,46.17,100.0,Weekday,Tuesday,Light_Load
72.11,51.62,0.0,81.31,100.0,Weekday,Tuesday,Medium_Load
2.81,4.86,0.0,50.05,100.0,Weekday,Wednesday,Light_Load
3.17,3.6,0.0,66.09,100.0,Weekday,Thursday,Light_Load
55.69,17.64,0.5,95.33,100.0,Weekday,Tuesday,Maximum_Load
53.35,16.96,0.04,95.3,100.0,Weekday,Wednesday,Medium_Load
3.92,3.78,0.0,71.98,100.0,Weekday,Wednesday,Light_Load
55.76,34.13,0.0,85.29,100.0,Weekday,Friday,Medium_Load
5.11,5.15,0.0,70.43,100.0,Weekday,Friday,Light_Load
5.94,5.47,0.0,73.56,100.0,Weekday,Wednesday,Light_Load
4.25,5.29,0.0,62.63,100.0,Weekend,Sunday,Light_Load
88.88,39.67,0.0,91.32,100.0,Weekday,Tuesday,Medium_Load
2.92,4.57,0.0,53.84,100.0,Weekday,Monday,Light_Load
5.62,0.0,19.12,100.0,28.2,Weekend,Sunday,Maximum_Load
5.54,0.0,22.21,100.0,24.2,Weekday,Monday,Maximum_Load
2.88,0.0,4.9,100.0,50.67,Weekend,Sunday,Light_Load
3.31,0.0,20.48,100.0,15.96,Weekday,Wednesday,Light_Load
6.08,0.0,21.92,100.0,26.73,Weekday,Monday,Medium_Load
15.66,6.88,18.14,91.55,65.35,Weekday,Tuesday,Medium_Load
3.64,0.0,26.39,100.0,13.66,Weekday,Friday,Medium_Load
3.13,4.28,0.0,59.03,100.0,Weekday,Tuesday,Light_Load
3.35,5.83,0.0,49.82,100.0,Weekday,Friday,Light_Load
2.66,5.0,0.0,46.97,100.0,Weekend,Sunday,Light_Load
92.09,14.94,0.0,98.71,100.0,Weekday,Tuesday,Maximum_Load
57.28,27.76,0.0,89.99,100.0,Weekday,Thursday,Medium_Load
2.88,4.93,0.0,50.44,100.0,Weekday,Wednesday,Light_Load
109.55,33.44,0.0,95.64,100.0,Weekday,Wednesday,Medium_Load
53.68,31.86,0.0,85.99,100.0,Weekday,Friday,Maximum_Load
48.02,21.24,0.0,91.45,100.0,Weekend,Saturday,Maximum_Load
3.56,7.31,0.0,43.78,100.0,Weekday,Wednesday,Light_Load
3.74,3.38,0.0,74.19,100.0,Weekend,Sunday,Light_Load
50.08,17.75,0.0,94.25,100.0,Weekday,Wednesday,Medium_Load
58.86,34.27,0.0,86.42,100.0,Weekday,Tuesday,Maximum_Load
4.64,7.88,0.0,50.74,100.0,Weekday,Friday,Medium_Load
3.28,6.59,0.0,44.56,100.0,Weekday,Thursday,Light_Load
26.39,11.05,1.8,92.24,99.77,Weekday,Tuesday,Medium_Load
3.92,2.84,0.0,80.98,100.0,Weekday,Tuesday,Light_Load
3.96,0.0,23.08,100.0,16.91,Weekend,Saturday,Medium_Load
37.37,24.55,0.0,83.58,100.0,Weekend,Saturday,Light_Load
40.82,14.22,0.0,94.43,100.0,Weekday,Tuesday,Maximum_Load
63.11,18.04,0.0,96.15,100.0,Weekday,Monday,Medium_Load
32.83,0.94,2.52,99.96,99.71,Weekend,Sunday,Maximum_Load
3.24,5.22,0.0,52.74,100.0,Weekday,Tuesday,Light_Load
3.71,4.79,0.0,61.23,100.0,Weekday,Tuesday,Light_Load
71.6,31.75,0.0,91.42,100.0,Weekday,Friday,Maximum_Load
4.68,0.0,9.9,100.0,42.74,Weekday,Friday,Medium_Load
41.72,0.04,4.14,100.0,99.51,Weekday,Tuesday,Maximum_Load
2.74,0.0,17.35,100.0,15.6,Weekday,Thursday,Light_Load
4.21,5.29,0.0,62.27,100.0,Weekend,Saturday,Light_Load
110.81,35.28,0.0,95.29,100.0,Weekday,Tuesday,Maximum_Load
36.68,2.12,0.68,99.83,99.98,Weekday,Friday,Medium_Load
2.66,4.61,0.0,49.98,100.0,Weekend,Saturday,Light_Load
49.68,25.78,0.0,88.76,100.0,Weekday,Wednesday,Maximum_Load
4.1,0.0,24.59,100.0,16.45,Weekday,Wednesday,Medium_Load
84.85,32.15,0.0,93.51,100.0,Weekday,Tuesday,Maximum_Load
77.04,27.79,0.0,94.07,100.0,Weekday,Wednesday,Medium_Load
2.56,4.14,0.0,52.59,100.0,Weekend,Saturday,Light_Load
51.19,21.89,0.0,91.95,100.0,Weekday,Wednesday,Maximum_Load
3.67,3.02,0.11,77.22,99.96,Weekday,Thursday,Light_Load
3.82,0.0,5.15,100.0,59.57,Weekday,Thursday,Medium_Load
3.74,3.85,0.0,69.68,100.0,Weekday,Thursday,Light_Load
3.89,1.76,11.23,91.11,32.73,Weekday,Thursday,Medium_Load
85.14,24.19,0.97,96.19,99.99,Weekday,Wednesday,Medium_Load
4.14,4.54,0.0,67.38,100.0,Weekday,Wednesday,Light_Load
2.88,3.89,0.0,59.5,100.0,Weekday,Friday,Light_Load
15.8,0.68,15.8,99.91,70.71,Weekday,Friday,Medium_Load
58.9,22.97,0.0,93.17,100.0,Weekday,Monday,Maximum_Load
54.5,22.61,0.0,92.37,100.0,Weekday,Monday,Maximum_Load
3.96,2.81,0.32,81.55,99.68,Weekday,Monday,Light_Load
3.67,0.0,26.35,100.0,13.79,Weekend,Saturday,Maximum_Load
31.36,10.76,2.99,94.59,99.55,Weekday,Thursday,Maximum_Load
3.2,5.04,0.0,53.6,100.0,Weekday,Tuesday,Light_Load
3.02,4.18,0.0,58.56,100.0,Weekend,Sunday,Light_Load
3.82,7.52,0.0,45.29,100.0,Weekend,Saturday,Light_Load
89.82,39.17,0.0,91.66,100.0,Weekday,Monday,Maximum_Load
79.09,31.0,0.0,93.1,100.0,Weekday,Wednesday,Maximum_Load
4.1,0.0,22.07,100.0,18.26,Weekday,Thursday,Maximum_Load
4.25,0.0,16.88,100.0,24.42,Weekend,Sunday,Light_Load
5.72,7.06,0.0,62.95,100.0,Weekend,Saturday,Light_Load
3.13,0.0,16.45,100.0,18.69,Weekend,Saturday,Light_Load
57.67,24.12,0.0,92.26,100.0,Weekday,Wednesday,Medium_Load
3.74,0.0,16.2,100.0,22.49,Weekend,Saturday,Medium_Load
131.65,67.75,0.0,88.92,100.0,Weekday,Tuesday,Maximum_Load
7.06,0.0,27.04,100.0,25.26,Weekday,Friday,Medium_Load
3.38,0.0,18.11,100.0,18.35,Weekday,Thursday,Light_Load
5.04,8.53,0.0,50.87,100.0,Weekday,Monday,Maximum_Load
3.67,4.07,0.0,66.97,100.0,Weekday,Friday,Light_Load
30.53,0.4,2.84,99.99,99.57,Weekday,Tuesday,Medium_Load
5.33,0.0,27.58,100.0,18.97,Weekday,Thursday,Medium_Load
3.85,0.0,17.35,100.0,21.66,Weekend,Saturday,Medium_Load
3.24,3.24,0.0,70.71,100.0,Weekend,Sunday,Light_Load
72.97,20.09,0.0,96.41,100.0,Weekday,Tuesday,Maximum_Load
2.88,5.0,0.0,49.91,100.0,Weekend,Sunday,Light_Load
6.55,0.0,23.76,100.0,26.58,Weekday,Wednesday,Medium_Load
59.33,29.34,0.0,89.64,100.0,Weekday,Monday,Maximum_Load
3.49,0.0,13.21,100.0,25.54,Weekend,Sunday,Light_Load
53.89,25.42,0.0,90.44,100.0,Weekend,Saturday,Maximum_Load
4.39,4.9,0.0,66.73,100.0,Weekday,Thursday,Light_Load
4.93,0.0,23.04,100.0,20.92,Weekend,Sunday,Light_Load
3.6,3.13,0.0,75.47,100.0,Weekday,Tuesday,Light_Load
3.74,2.84,0.61,79.64,98.7,Weekday,Thursday,Maximum_Load
47.2,26.32,0.0,87.34,100.0,Weekday,Friday,Maximum_Load
65.84,46.48,0.0,81.69,100.0,Weekday,Tuesday,Maximum_Load
2.74,5.04,0.0,47.76,100.0,Weekend,Sunday,Light_Load
31.28,6.41,0.47,97.96,99.99,Weekday,Tuesday,Medium_Load
71.14,28.08,0.0,93.02,100.0,Weekday,Thursday,Maximum_Load
3.67,4.46,0.0,63.54,100.0,Weekday,Tuesday,Light_Load
5.08,5.51,0.0,67.78,100.0,Weekday,Thursday,Light_Load
46.91,21.13,0.0,91.18,100.0,Weekday,Thursday,Maximum_Load
3.49,5.08,0.0,56.63,100.0,Weekday,Tuesday,Light_Load
86.36,59.11,0.0,82.52,100.0,Weekday,Monday,Medium_Load
83.05,37.44,0.0,91.16,100.0,Weekday,Tuesday,Maximum_Load
58.07,22.07,0.0,93.48,100.0,Weekday,Wednesday,Maximum_Load
4.0,4.61,0.0,65.54,100.0,Weekday,Friday,Light_Load
3.71,4.54,0.0,63.28,100.0,Weekday,Friday,Light_Load
40.79,31.21,0.0,79.42,100.0,Weekend,Sunday,Light_Load
2.92,0.0,4.28,100.0,56.36,Weekend,Saturday,Light_Load
99.29,18.61,0.0,98.29,100.0,Weekday,Wednesday,Maximum_Load
80.03,40.1,0.0,89.4,100.0,Weekday,Thursday,Medium_Load
51.8,26.93,0.0,88.73,100.0,Weekday,Thursday,Maximum_Load
54.5,36.83,0.0,82.85,100.0,Weekday,Wednesday,Maximum_Load
58.14,34.02,0.0,86.31,100.0,Weekend,Saturday,Light_Load
39.92,1.08,2.45,99.96,99.81,Weekday,Wednesday,Maximum_Load
2.66,4.97,0.0,47.19,100.0,Weekend,Saturday,Light_Load
69.26,45.68,0.0,83.48,100.0,Weekday,Monday,Medium_Load
32.08,0.29,4.36,100.0,99.09,Weekend,Sunday,Maximum_Load
4.57,4.46,0.0,71.57,100.0,Weekday,Thursday,Light_Load
5.44,0.0,25.6,100.0,20.79,Weekday,Friday,Medium_Load
4.97,0.0,18.14,100.0,26.42,Weekend,Saturday,Maximum_Load
2.88,1.94,0.25,82.94,99.63,Weekday,Wednesday,Light_Load
4.97,7.45,0.0,55.5,100.0,Weekday,Friday,Maximum_Load
110.45,53.28,0.0,90.07,100.0,Weekday,Thursday,Maximum_Load
69.77,67.07,0.0,72.09,100.0,Weekday,Tuesday,Light_Load
55.91,33.48,0.0,85.79,100.0,Weekday,Wednesday,Medium_Load
4.72,5.0,0.0,68.65,100.0,Weekday,Monday,Maximum_Load
3.2,1.73,0.58,87.97,98.4,Weekend,Sunday,Light_Load
61.52,28.33,0.0,90.83,100.0,Weekday,Tuesday,Maximum_Load
3.85,5.54,0.0,57.07,100.0,Weekday,Friday,Light_Load
26.64,0.0,8.86,100.0,94.89,Weekday,Friday,Maximum_Load
132.16,45.47,0.0,94.56,100.0,Weekday,Friday,Medium_Load
3.78,3.82,0.0,70.34,100.0,Weekday,Friday,Light_Load
3.35,4.79,0.0,57.31,100.0,Weekday,Friday,Light_Load
80.57,44.42,0.0,87.57,100.0,Weekday,Thursday,Medium_Load
2.74,3.96,0.0,56.9,100.0,Weekday,Wednesday,Light_Load
3.13,0.0,16.67,100.0,18.45,Weekend,Sunday,Light_Load
87.19,43.92,0.0,89.31,100.0,Weekday,Wednesday,Light_Load
60.48,34.92,0.0,86.6,100.0,Weekday,Tuesday,Maximum_Load
19.8,16.63,0.0,76.57,100.0,Weekend,Sunday,Light_Load
3.02,5.62,0.0,47.34,100.0,Weekday,Monday,Light_Load
3.56,6.23,0.0,49.61,100.0,Weekday,Wednesday,Light_Load
3.82,5.11,0.0,59.87,100.0,Weekend,Saturday,Light_Load
56.88,25.13,0.0,91.47,100.0,Weekday,Thursday,Medium_Load
48.78,17.71,0.0,94.0,100.0,Weekday,Thursday,Medium_Load
4.21,0.0,25.74,100.0,16.14,Weekend,Sunday,Medium_Load
50.4,28.37,0.0,87.14,100.0,Weekday,Friday,Maximum_Load
2.59,4.32,0.0,51.42,100.0,Weekday,Friday,Light_Load
44.75,13.57,0.0,95.7,100.0,Weekday,Thursday,Medium_Load
3.2,0.0,14.58,100.0,21.44,Weekend,Sunday,Light_Load
2.99,5.36,0.0,48.72,100.0,Weekday,Friday,Light_Load
3.82,0.0,11.84,100.0,30.7,Weekend,Sunday,Medium_Load
43.42,20.81,0.0,90.18,100.0,Weekday,Friday,Medium_Load
2.63,3.31,0.0,62.21,100.0,Weekend,Sunday,Light_Load
102.67,33.16,0.0,95.16,100.0,Weekday,Monday,Medium_Load
61.7,22.14,0.0,94.12,100.0,Weekday,Friday,Medium_Load
3.46,6.91,0.0,44.77,100.0,Weekday,Wednesday,Light_Load
66.85,36.58,0.0,87.73,100.0,Weekend,Saturday,Light_Load
8.17,0.0,12.92,100.0,53.45,Weekday,Tuesday,Maximum_Load
4.75,4.75,0.0,70.71,100.0,Weekday,Monday,Light_Load
2.88,5.51,0.0,46.32,100.0,Weekend,Sunday,Light_Load
57.64,45.07,0.0,78.78,100.0,Weekday,Tuesday,Maximum_Load
5.11,0.0,26.78,100.0,18.74,Weekday,Wednesday,Medium_Load
3.89,6.05,0.0,54.08,100.0,Weekday,Monday,Light_Load
2.84,4.82,0.0,50.76,100.0,Weekend,Sunday,Light_Load
101.95,46.62,0.0,90.94,100.0,Weekday,Wednesday,Medium_Load
44.96,19.76,0.0,91.55,100.0,Weekday,Monday,Medium_Load
7.06,0.0,25.52,100.0,26.66,Weekday,Monday,Medium_Load
3.92,3.6,0.0,73.65,100.0,Weekday,Wednesday,Light_Load
3.64,4.57,0.0,62.3,100.0,Weekday,Thursday,Light_Load
2.66,4.93,0.0,47.48,100.0,Weekday,Thursday,Light_Load
3.38,0.0,17.46,100.0,19.01,Weekend,Saturday,Light_Load
3.64,3.56,0.0,71.49,100.0,Weekday,Friday,Light_Load
56.77,15.19,0.0,96.6,100.0,Weekday,Monday,Medium_Load
2.81,4.72,0.0,51.15,100.0,Weekend,Sunday,Light_Load
3.64,3.53,0.0,71.79,100.0,Weekday,Wednesday,Light_Load
3.28,4.93,0.0,55.39,100.0,Weekend,Saturday,Light_Load
2.74,3.78,0.0,58.69,100.0,Weekday,Wednesday,Light_Load
3.96,0.0,21.74,100.0,17.92,Weekday,Wednesday,Medium_Load
2.99,3.31,0.0,67.03,100.0,Weekend,Sunday,Light_Load
3.64,4.36,0.0,64.09,100.0,Weekday,Monday,Light_Load
2.84,5.0,0.0,49.39,100.0,Weekday,Wednesday,Light_Load
5.15,4.72,0.0,73.72,100.0,Weekday,Tuesday,Light_Load
2.84,5.11,0.0,48.58,100.0,Weekday,Friday,Light_Load
3.2,0.0,16.99,100.0,18.51,Weekday,Tuesday,Light_Load
3.74,5.29,0.0,57.73,100.0,Weekend,Saturday,Light_Load
28.73,1.3,1.76,99.9,99.81,Weekend,Saturday,Maximum_Load
52.42,27.76,0.0,88.37,100.0,Weekday,Monday,Maximum_Load
57.85,31.86,0.0,87.59,100.0,Weekday,Thursday,Medium_Load
3.71,0.0,17.35,100.0,20.91,Weekend,Saturday,Medium_Load
58.75,28.62,0.0,89.9,100.0,Weekday,Tuesday,Maximum_Load
3.1,0.0,13.97,100.0,21.66,Weekend,Sunday,Medium_Load
41.54,1.8,0.18,99.91,100.0,Weekend,Saturday,Medium_Load
4.61,0.0,19.91,100.0,22.56,Weekend,Sunday,Light_Load
3.24,0.0,14.54,100.0,21.75,Weekday,Monday,Light_Load
46.12,33.91,0.04,80.57,100.0,Weekday,Friday,Maximum_Load
11.23,0.0,17.5,100.0,54.01,Weekend,Saturday,Medium_Load
3.35,6.41,0.0,46.32,100.0,Weekend,Saturday,Light_Load
5.69,5.58,0.25,71.4,99.9,Weekend,Saturday,Light_Load
24.88,24.95,0.0,70.61,100.0,Weekday,Monday,Light_Load
24.44,25.42,0.0,69.31,100.0,Weekday,Monday,Maximum_Load
3.38,3.85,0.0,65.97,100.0,Weekday,Wednesday,Light_Load
2.81,0.0,11.02,100.0,24.71,Weekend,Sunday,Light_Load
6.77,5.4,0.0,78.18,100.0,Weekend,Saturday,Light_Load
4.1,0.0,20.84,100.0,19.3,Weekend,Saturday,Light_Load
54.68,22.18,0.0,92.67,100.0,Weekday,Wednesday,Medium_Load
2.81,0.0,4.1,100.0,56.53,Weekday,Wednesday,Medium_Load
4.43,4.36,0.0,71.27,100.0,Weekday,Thursday,Light_Load
2.95,0.0,17.03,100.0,17.07,Weekend,Sunday,Light_Load
4.43,0.0,26.6,100.0,16.43,Weekend,Saturday,Medium_Load
3.13,0.0,16.88,100.0,18.23,Weekend,Sunday,Light_Load
3.53,5.29,0.0,55.51,100.0,Weekday,Monday,Medium_Load
38.34,27.68,0.0,81.08,100.0,Weekday,Thursday,Light_Load
3.13,3.49,0.0,66.77,100.0,Weekend,Sunday,Light_Load
2.81,0.0,5.36,100.0,46.43,Weekend,Saturday,Light_Load
66.96,47.16,0.0,81.76,100.0,Weekday,Thursday,Light_Load
2.88,5.26,0.04,48.03,99.99,Weekend,Sunday,Light_Load
3.67,4.39,0.0,64.14,100.0,Weekday,Thursday,Light_Load
2.81,4.28,0.0,54.88,100.0,Weekday,Friday,Light_Load
31.86,1.48,6.88,99.89,97.75,Weekday,Thursday,Medium_Load
95.62,52.02,0.0,87.84,100.0,Weekend,Saturday,Maximum_Load
65.56,24.88,0.18,93.49,100.0,Weekday,Tuesday,Maximum_Load
54.76,23.62,0.0,91.82,100.0,Weekday,Thursday,Maximum_Load
4.57,4.36,0.0,72.35,100.0,Weekday,Thursday,Light_Load
2.59,0.0,12.13,100.0,20.88,Weekday,Wednesday,Light_Load
3.6,6.66,0.0,47.55,100.0,Weekday,Monday,Light_Load
2.77,5.04,0.0,48.17,100.0,Weekday,Friday,Light_Load
3.49,0.0,14.15,100.0,23.95,Weekend,Saturday,Light_Load
4.61,4.72,0.0,69.87,100.0,Weekday,Thursday,Light_Load
60.77,34.06,0.0,87.23,100.0,Weekday,Wednesday,Light_Load
56.12,49.5,0.0,75.0,100.0,Weekday,Thursday,Medium_Load
2.66,4.5,0.0,50.89,100.0,Weekday,Wednesday,Light_Load
3.78,3.49,0.0,73.47,100.0,Weekend,Sunday,Light_Load
63.25,38.63,0.0,85.34,100.0,Weekday,Wednesday,Maximum_Load
52.45,27.18,0.0,88.79,100.0,Weekday,Friday,Maximum_Load
3.82,2.52,0.4,83.47,99.46,Weekday,Thursday,Maximum_Load
5.8,4.75,0.0,77.37,100.0,Weekday,Tuesday,Light_Load
4.28,4.21,0.0,71.29,100.0,Weekday,Monday,Light_Load
93.71,81.18,0.0,75.58,100.0,Weekday,Thursday,Light_Load
2.99,4.75,0.0,53.27,100.0,Weekend,Sunday,Light_Load
5.08,5.65,0.0,66.86,100.0,Weekday,Wednesday,Light_Load
3.1,5.29,0.0,50.56,100.0,Weekday,Friday,Light_Load
86.98,66.53,0.0,79.43,100.0,Weekday,Tuesday,Light_Load
2.77,0.0,13.75,100.0,19.75,Weekend,Sunday,Light_Load
39.96,4.1,0.4,99.48,99.99,Weekday,Friday,Maximum_Load
81.29,24.62,0.0,95.71,100.0,Weekend,Saturday,Medium_Load
5.98,5.98,0.0,70.71,100.0,Weekday,Wednesday,Light_Load
2.74,5.18,0.0,46.76,100.0,Weekday,Thursday,Light_Load
2.81,0.0,4.57,100.0,52.38,Weekday,Friday,Light_Load
4.0,3.89,0.0,71.69,100.0,Weekend,Saturday,Light_Load
4.1,0.0,16.49,100.0,24.13,Weekday,Friday,Medium_Load
75.1,38.66,0.0,88.91,100.0,Weekday,Wednesday,Medium_Load
3.71,4.57,0.0,63.03,100.0,Weekday,Tuesday,Light_Load
60.88,42.7,0.0,81.87,100.0,Weekday,Monday,Maximum_Load
3.74,2.95,0.25,78.52,99.78,Weekend,Sunday,Light_Load
2.84,5.36,0.0,46.82,100.0,Weekday,Tuesday,Light_Load
3.89,1.48,13.25,93.46,28.17,Weekday,Thursday,Medium_Load
58.03,39.28,0.0,82.81,100.0,Weekday,Thursday,Maximum_Load
3.64,4.03,0.0,67.03,100.0,Weekday,Monday,Medium_Load
64.22,20.05,0.0,95.46,100.0,Weekday,Tuesday,Maximum_Load
50.08,30.6,0.04,85.33,100.0,Weekday,Thursday,Medium_Load
3.31,4.64,0.0,58.07,100.0,Weekday,Friday,Medium_Load
40.25,2.92,0.04,99.74,100.0,Weekday,Wednesday,Medium_Load
4.03,6.55,0.0,52.4,100.0,Weekend,Saturday,Light_Load
3.2,5.29,0.0,51.76,100.0,Weekday,Friday,Light_Load
131.26,42.19,0.0,95.2,100.0,Weekday,Friday,Maximum_Load
5.62,0.0,19.87,100.0,27.22,Weekday,Monday,Medium_Load
2.74,3.82,0.0,58.28,100.0,Weekend,Sunday,Light_Load
4.72,4.9,0.0,69.38,100.0,Weekday,Friday,Light_Load
3.02,0.0,17.1,100.0,17.39,Weekend,Saturday,Medium_Load
28.08,0.14,3.1,100.0,99.4,Weekday,Thursday,Medium_Load
3.31,6.19,0.0,47.15,100.0,Weekday,Friday,Light_Load
104.69,33.16,0.0,95.33,100.0,Weekend,Sunday,Medium_Load
34.56,0.07,5.87,100.0,98.59,Weekend,Saturday,Maximum_Load
104.29,62.78,0.0,85.67,100.0,Weekday,Friday,Medium_Load
114.88,70.16,0.0,85.34,100.0,Weekday,Tuesday,Maximum_Load
58.14,28.3,0.0,89.91,100.0,Weekday,Tuesday,Medium_Load
43.27,14.11,0.0,95.07,100.0,Weekday,Wednesday,Maximum_Load
2.63,5.65,0.0,42.2,100.0,Weekday,Tuesday,Light_Load
7.2,0.0,25.16,100.0,27.51,Weekend,Saturday,Maximum_Load
3.28,2.59,0.0,78.48,100.0,Weekday,Friday,Light_Load
2.81,4.1,0.0,56.53,100.0,Weekday,Wednesday,Light_Load
7.7,0.0,20.63,100.0,34.97,Weekday,Tuesday,Medium_Load
2.88,5.83,0.0,44.29,100.0,Weekday,Friday,Light_Load
2.7,0.0,5.08,100.0,46.93,Weekday,Friday,Light_Load
3.24,3.31,0.0,69.95,100.0,Weekday,Wednesday,Light_Load
3.89,0.0,17.06,100.0,22.23,Weekday,Thursday,Medium_Load
4.61,0.0,17.68,100.0,25.23,Weekend,Saturday,Medium_Load
39.64,1.48,0.68,99.93,99.99,Weekday,Tuesday,Medium_Load
3.67,4.61,0.0,62.28,100.0,Weekday,Wednesday,Light_Load
5.15,0.0,21.71,100.0,23.08,Weekday,Friday,Maximum_Load
51.48,27.29,0.0,88.35,100.0,Weekday,Friday,Medium_Load
2.74,4.68,0.0,50.52,100.0,Weekday,Thursday,Light_Load
54.94,29.77,0.0,87.92,100.0,Weekday,Friday,Maximum_Load
2.99,5.62,0.0,46.97,100.0,Weekday,Monday,Light_Load
30.89,25.06,0.0,77.66,100.0,Weekend,Saturday,Light_Load
2.99,0.0,16.92,100.0,17.4,Weekend,Sunday,Light_Load
3.42,2.12,0.25,84.99,99.73,Weekday,Thursday,Light_Load
31.93,0.36,2.77,99.99,99.63,Weekday,Friday,Medium_Load
3.17,0.0,4.82,100.0,54.95,Weekend,Sunday,Light_Load
3.53,5.08,0.0,57.06,100.0,Weekday,Wednesday,Light_Load
3.42,0.0,16.85,100.0,19.89,Weekend,Sunday,Medium_Load
3.2,5.54,0.0,50.02,100.0,Weekend,Sunday,Light_Load
2.92,4.86,0.0,51.5,100.0,Weekend,Saturday,Light_Load
50.36,21.82,0.0,91.76,100.0,Weekday,Thursday,Medium_Load
29.77,0.29,6.77,100.0,97.51,Weekday,Tuesday,Medium_Load
39.53,15.62,0.0,93.0,100.0,Weekday,Friday,Maximum_Load
64.76,34.24,0.0,88.4,100.0,Weekday,Friday,Medium_Load
2.7,0.0,11.92,100.0,22.09,Weekday,Tuesday,Light_Load
62.14,31.18,0.0,89.38,100.0,Weekday,Monday,Maximum_Load
40.57,29.59,0.0,80.79,100.0,Weekday,Monday,Maximum_Load
3.96,2.52,0.47,84.37,99.3,Weekday,Friday,Light_Load
3.13,2.27,0.07,80.95,99.98,Weekend,Sunday,Light_Load
3.06,2.59,0.0,76.33,100.0,Weekend,Saturday,Light_Load
50.65,40.07,0.0,78.43,100.0,Weekday,Thursday,Medium_Load
2.77,5.47,0.0,45.18,100.0,Weekday,Tuesday,Light_Load
3.38,5.54,0.0,52.08,100.0,Weekday,Wednesday,Light_Load
62.39,39.42,0.0,84.54,100.0,Weekday,Thursday,Maximum_Load
2.88,0.0,8.17,100.0,33.25,Weekend,Sunday,Light_Load
51.95,40.39,0.0,78.95,100.0,Weekday,Tuesday,Medium_Load
3.46,2.84,0.0,77.3,100.0,Weekend,Sunday,Light_Load
4.68,4.86,0.0,69.36,100.0,Weekday,Wednesday,Light_Load
40.54,1.15,2.63,99.96,99.79,Weekday,Wednesday,Medium_Load
2.95,4.64,0.0,53.65,100.0,Weekday,Monday,Light_Load
3.74,6.55,0.0,49.59,100.0,Weekday,Monday,Medium_Load
110.99,53.93,0.0,89.94,100.0,Weekday,Monday,Medium_Load
3.28,4.86,0.0,55.94,100.0,Weekend,Saturday,Light_Load
17.39,15.84,0.0,73.93,100.0,Weekday,Monday,Light_Load
5.08,0.0,25.74,100.0,19.36,Weekday,Friday,Medium_Load
2.59,0.0,5.58,100.0,42.1,Weekday,Thursday,Light_Load
30.46,32.44,0.0,68.45,100.0,Weekday,Monday,Light_Load
108.97,44.75,0.04,92.5,100.0,Weekday,Monday,Maximum_Load
91.3,35.28,0.0,93.28,100.0,Weekday,Friday,Maximum_Load
3.46,2.74,0.0,78.4,100.0,Weekend,Sunday,Light_Load
29.63,0.68,6.66,99.97,97.57,Weekday,Friday,Medium_Load
129.2,56.81,0.0,91.54,100.0,Weekday,Tuesday,Maximum_Load
3.82,3.24,0.0,76.26,100.0,Weekday,Monday,Light_Load
5.65,5.36,0.0,72.55,100.0,Weekday,Tuesday,Light_Load
3.56,3.64,0.0,69.92,100.0,Weekday,Monday,Maximum_Load
69.95,35.64,0.0,89.1,100.0,Weekend,Sunday,Maximum_Load
2.59,4.64,0.0,48.74,100.0,Weekday,Monday,Light_Load
5.15,5.29,0.0,69.76,100.0,Weekday,Wednesday,Light_Load
3.42,5.72,0.0,51.32,100.0,Weekday,Wednesday,Light_Load
103.46,39.6,0.0,93.39,100.0,Weekday,Friday,Maximum_Load
2.7,0.0,5.36,100.0,44.99,Weekday,Wednesday,Light_Load
3.78,2.84,0.0,79.95,100.0,Weekday,Monday,Light_Load
2.81,4.93,0.0,49.52,100.0,Weekend,Sunday,Light_Load
3.6,5.0,0.0,58.43,100.0,Weekday,Monday,Light_Load
4.14,0.0,20.23,100.0,20.05,Weekday,Monday,Light_Load
69.48,33.98,0.0,89.83,100.0,Weekday,Friday,Maximum_Load
4.54,4.36,0.0,72.13,100.0,Weekend,Sunday,Light_Load
56.48,27.97,0.0,89.61,100.0,Weekday,Thursday,Medium_Load
58.82,21.42,0.0,93.96,100.0,Weekday,Monday,Medium_Load
5.47,0.0,10.66,100.0,45.65,Weekday,Monday,Maximum_Load
36.72,2.16,0.83,99.83,99.97,Weekday,Friday,Medium_Load
118.76,46.62,0.0,93.08,100.0,Weekday,Wednesday,Maximum_Load
3.85,0.0,20.95,100.0,18.07,Weekday,Tuesday,Medium_Load
2.59,3.53,0.0,59.16,100.0,Weekend,Sunday,Light_Load
35.42,6.91,0.58,98.15,99.99,Weekday,Friday,Maximum_Load
2.99,0.0,4.79,100.0,52.95,Weekday,Tuesday,Light_Load
2.84,4.61,0.0,52.45,100.0,Weekday,Monday,Light_Load
3.35,3.6,0.0,68.12,100.0,Weekday,Tuesday,Light_Load
113.98,61.92,0.0,87.87,100.0,Weekday,Tuesday,Medium_Load
60.84,42.55,0.0,81.95,100.0,Weekday,Thursday,Light_Load
125.57,44.89,0.0,94.16,100.0,Weekday,Tuesday,Medium_Load
53.32,15.12,0.0,96.21,100.0,Weekday,Friday,Maximum_Load
85.75,36.14,0.0,92.15,100.0,Weekday,Monday,Maximum_Load
2.84,1.98,0.25,82.03,99.61,Weekday,Tuesday,Light_Load
3.06,5.4,0.0,49.3,100.0,Weekend,Saturday,Light_Load
4.03,1.69,14.18,92.22,27.34,Weekday,Thursday,Medium_Load
52.27,31.64,0.0,85.55,100.0,Weekday,Friday,Medium_Load
3.06,3.78,0.0,62.92,100.0,Weekend,Sunday,Light_Load
2.66,3.53,0.0,60.18,100.0,Weekday,Tuesday,Light_Load
3.67,3.82,0.0,69.28,100.0,Weekday,Wednesday,Medium_Load
77.65,9.54,1.08,99.25,99.99,Weekday,Wednesday,Medium_Load
3.28,4.32,0.0,60.47,100.0,Weekday,Wednesday,Light_Load
3.02,4.79,0.0,53.33,100.0,Weekday,Wednesday,Light_Load
4.07,2.77,0.0,82.67,100.0,Weekday,Wednesday,Light_Load
9.61,5.54,0.0,86.64,100.0,Weekday,Friday,Light_Load
38.92,4.32,2.2,99.39,99.84,Weekday,Wednesday,Maximum_Load
3.6,5.11,0.0,57.59,100.0,Weekday,Friday,Light_Load
4.72,5.54,0.0,64.85,100.0,Weekday,Friday,Light_Load
46.8,26.42,0.0,87.08,100.0,Weekday,Tuesday,Maximum_Load
53.35,11.81,1.12,97.64,99.98,Weekday,Wednesday,Maximum_Load
61.74,26.82,0.0,91.72,100.0,Weekday,Tuesday,Maximum_Load
56.3,15.23,0.0,96.53,100.0,Weekday,Friday,Maximum_Load
3.02,0.0,14.69,100.0,20.14,Weekend,Sunday,Light_Load
3.42,2.41,0.04,81.74,99.99,Weekend,Saturday,Light_Load
4.1,0.0,25.99,100.0,15.58,Weekend,Sunday,Medium_Load
3.89,0.0,18.25,100.0,20.85,Weekday,Thursday,Maximum_Load
90.36,50.33,0.0,87.36,100.0,Weekday,Friday,Medium_Load
3.82,0.0,17.86,100.0,20.92,Weekend,Sunday,Medium_Load
29.02,18.83,0.07,83.89,100.0,Weekday,Tuesday,Light_Load
76.14,28.69,0.0,93.58,100.0,Weekday,Monday,Medium_Load
39.17,6.37,0.0,98.7,100.0,Weekend,Saturday,Maximum_Load
2.81,0.0,16.99,100.0,16.32,Weekday,Thursday,Light_Load
3.53,8.06,0.0,40.12,100.0,Weekday,Tuesday,Medium_Load
84.92,26.75,0.0,95.38,100.0,Weekday,Tuesday,Medium_Load
3.02,3.53,0.0,65.01,100.0,Weekday,Tuesday,Light_Load
30.38,0.58,1.94,99.98,99.8,Weekend,Sunday,Maximum_Load
70.85,37.62,0.0,88.32,100.0,Weekday,Monday,Maximum_Load
5.22,0.0,25.6,100.0,19.98,Weekday,Monday,Medium_Load
3.46,0.0,14.0,100.0,23.99,Weekday,Tuesday,Light_Load
44.21,31.14,0.0,81.76,100.0,Weekday,Tuesday,Light_Load
103.36,39.53,0.0,93.4,100.0,Weekday,Monday,Medium_Load
2.77,5.62,0.0,44.21,100.0,Weekday,Tuesday,Light_Load
54.79,26.21,0.0,90.21,100.0,Weekday,Monday,Maximum_Load
3.1,3.6,0.0,65.25,100.0,Weekend,Sunday,Light_Load
57.71,22.54,0.0,93.15,100.0,Weekday,Wednesday,Maximum_Load
3.89,5.47,0.0,57.95,100.0,Weekday,Monday,Light_Load
40.9,31.72,0.0,79.02,100.0,Weekday,Thursday,Light_Load
5.0,0.0,23.08,100.0,21.17,Weekend,Saturday,Maximum_Load
43.92,27.58,0.0,84.69,100.0,Weekday,Tuesday,Maximum_Load
4.64,2.74,0.11,86.11,99.97,Weekday,Wednesday,Light_Load
3.64,7.42,0.0,44.04,100.0,Weekday,Friday,Light_Load
2.84,4.9,0.0,50.15,100.0,Weekday,Thursday,Light_Load
3.1,4.03,0.0,60.97,100.0,Weekday,Tuesday,Light_Load
53.53,28.22,0.0,88.46,100.0,Weekday,Friday,Medium_Load
72.36,48.74,0.0,82.94,100.0,Weekday,Monday,Medium_Load
64.69,37.91,0.0,86.28,100.0,Weekday,Tuesday,Maximum_Load
42.98,15.44,0.0,94.11,100.0,Weekend,Saturday,Maximum_Load
3.13,6.16,0.0,45.3,100.0,Weekday,Wednesday,Light_Load
3.24,0.0,17.53,100.0,18.17,Weekend,Sunday,Light_Load
93.53,35.17,0.11,93.6,100.0,Weekday,Wednesday,Maximum_Load
4.07,5.0,0.0,63.13,100.0,Weekday,Friday,Light_Load
4.61,3.46,0.0,79.98,100.0,Weekend,Saturday,Light_Load
4.61,0.0,17.46,100.0,25.53,Weekday,Friday,Medium_Load
67.03,28.01,0.0,92.27,100.0,Weekday,Friday,Maximum_Load
28.66,0.0,9.5,100.0,94.92,Weekend,Saturday,Maximum_Load
63.76,26.03,0.0,92.58,100.0,Weekday,Friday,Medium_Load
98.93,39.92,0.0,92.73,100.0,Weekday,Monday,Maximum_Load
54.58,37.94,0.0,82.11,100.0,Weekday,Tuesday,Medium_Load
86.98,35.57,0.0,92.56,100.0,Weekday,Monday,Medium_Load
104.4,56.34,0.0,88.0,100.0,Weekday,Monday,Medium_Load
3.96,0.0,7.78,100.0,45.36,Weekend,Sunday,Light_Load
4.07,4.61,0.0,66.18,100.0,Weekday,Friday,Light_Load
5.98,5.0,0.0,76.72,100.0,Weekend,Saturday,Light_Load
36.14,10.44,0.0,96.07,100.0,Weekend,Saturday,Maximum_Load
3.06,3.13,0.0,69.91,100.0,Weekend,Sunday,Light_Load
43.88,20.66,0.0,90.47,100.0,Weekend,Saturday,Maximum_Load
3.06,0.0,16.7,100.0,18.02,Weekend,Sunday,Light_Load
3.6,0.0,7.2,100.0,44.72,Weekend,Sunday,Medium_Load
57.1,14.22,0.0,97.04,100.0,Weekday,Thursday,Medium_Load
4.72,4.28,0.0,74.08,100.0,Weekday,Tuesday,Light_Load
3.02,2.27,0.04,79.94,99.99,Weekend,Saturday,Light_Load
53.64,34.02,0.0,84.45,100.0,Weekday,Wednesday,Medium_Load
3.89,0.0,24.12,100.0,15.92,Weekend,Sunday,Maximum_Load
57.49,54.76,0.0,72.41,100.0,Weekday,Friday,Light_Load
3.35,5.69,0.0,50.74,100.0,Weekday,Friday,Light_Load
2.92,0.0,12.92,100.0,22.04,Weekend,Sunday,Light_Load
2.66,5.72,0.07,42.17,99.97,Weekday,Monday,Light_Load
3.96,5.8,0.0,56.39,100.0,Weekday,Thursday,Light_Load
51.88,27.61,0.0,88.28,100.0,Weekday,Thursday,Medium_Load
7.06,0.0,20.56,100.0,32.48,Weekday,Thursday,Medium_Load
3.28,6.66,0.0,44.18,100.0,Weekend,Saturday,Light_Load
2.77,0.0,6.95,100.0,37.02,Weekday,Monday,Light_Load
3.64,4.36,0.0,64.09,100.0,Weekend,Saturday,Light_Load
35.21,1.76,0.94,99.88,99.96,Weekday,Monday,Medium_Load
3.64,4.61,0.0,61.97,100.0,Weekday,Wednesday,Light_Load
125.03,40.5,0.0,95.13,100.0,Weekday,Tuesday,Medium_Load
123.8,57.89,0.0,90.59,100.0,Weekday,Tuesday,Maximum_Load
5.83,5.33,0.0,73.8,100.0,Weekday,Wednesday,Light_Load
33.05,22.75,3.6,82.37,99.41,Weekday,Wednesday,Maximum_Load
3.1,4.86,0.0,53.78,100.0,Weekday,Friday,Light_Load
7.7,0.0,25.74,100.0,28.66,Weekday,Wednesday,Medium_Load
3.24,0.0,13.86,100.0,22.76,Weekend,Saturday,Medium_Load
110.74,49.28,0.0,91.36,100.0,Weekday,Friday,Maximum_Load
103.64,72.76,0.0,81.84,100.0,Weekday,Tuesday,Maximum_Load
3.85,0.0,16.38,100.0,22.88,Weekend,Saturday,Medium_Load
2.92,0.0,4.5,100.0,54.43,Weekday,Tuesday,Light_Load
31.68,12.49,2.02,93.03,99.8,Weekday,Monday,Medium_Load
3.31,0.0,16.42,100.0,19.76,Weekday,Tuesday,Medium_Load
3.89,5.62,0.0,56.91,100.0,Weekend,Sunday,Medium_Load
4.75,5.26,0.0,67.02,100.0,Weekday,Monday,Light_Load
3.85,4.72,0.0,63.21,100.0,Weekday,Tuesday,Light_Load
4.75,0.0,25.67,100.0,18.2,Weekend,Sunday,Light_Load
31.5,28.73,0.0,73.88,100.0,Weekday,Wednesday,Light_Load
2.74,5.4,0.0,45.25,100.0,Weekday,Friday,Light_Load
34.74,1.48,1.33,99.91,99.93,Weekend,Saturday,Maximum_Load
2.95,1.91,0.25,83.94,99.64,Weekday,Monday,Light_Load
2.66,4.82,0.0,48.32,100.0,Weekday,Wednesday,Light_Load
111.46,61.38,0.0,87.6,100.0,Weekday,Monday,Maximum_Load
3.06,0.0,11.3,100.0,26.14,Weekend,Saturday,Medium_Load
2.66,3.56,0.0,59.86,100.0,Weekend,Sunday,Light_Load
3.71,3.28,0.0,74.92,100.0,Weekday,Wednesday,Light_Load
44.64,23.94,0.0,88.13,100.0,Weekend,Saturday,Maximum_Load
4.64,4.36,0.0,72.88,100.0,Weekday,Monday,Light_Load
44.42,17.93,0.0,92.73,100.0,Weekday,Monday,Maximum_Load
2.88,0.0,13.72,100.0,20.54,Weekend,Sunday,Light_Load
3.92,3.74,0.0,72.35,100.0,Weekend,Sunday,Light_Load
57.64,25.78,0.0,91.29,100.0,Weekday,Wednesday,Maximum_Load
3.89,3.49,0.0,74.43,100.0,Weekend,Sunday,Light_Load
3.67,4.07,0.0,66.97,100.0,Weekday,Tuesday,Light_Load
3.38,2.34,0.07,82.22,99.98,Weekday,Thursday,Light_Load
9.0,0.0,26.17,100.0,32.52,Weekday,Friday,Medium_Load
72.11,45.47,0.0,84.59,100.0,Weekday,Wednesday,Maximum_Load
65.02,37.62,0.0,86.56,100.0,Weekday,Thursday,Maximum_Load
2.77,5.08,0.0,47.87,100.0,Weekday,Tuesday,Light_Load
93.92,40.68,0.0,91.76,100.0,Weekday,Wednesday,Maximum_Load
2.81,4.64,0.0,51.8,100.0,Weekend,Sunday,Light_Load
100.66,39.71,0.0,93.02,100.0,Weekday,Monday,Medium_Load
7.13,0.0,16.99,100.0,38.7,Weekend,Saturday,Light_Load
4.14,3.96,0.0,72.26,100.0,Weekend,Saturday,Light_Load
3.02,0.0,13.64,100.0,21.62,Weekend,Sunday,Light_Load
59.76,20.02,0.0,94.82,100.0,Weekday,Monday,Medium_Load
105.95,50.22,0.0,90.36,100.0,Weekday,Tuesday,Maximum_Load
2.81,5.15,0.0,47.9,100.0,Weekday,Monday,Light_Load
2.56,5.4,0.0,42.84,100.0,Weekday,Tuesday,Light_Load
5.44,0.0,20.59,100.0,25.54,Weekday,Wednesday,Maximum_Load
113.9,71.5,0.0,84.7,100.0,Weekday,Wednesday,Light_Load
3.35,1.91,10.91,86.87,29.35,Weekday,Thursday,Medium_Load
3.13,5.87,0.0,47.05,100.0,Weekday,Friday,Light_Load
5.62,0.0,21.02,100.0,25.83,Weekday,Friday,Maximum_Load
38.63,7.27,0.0,98.27,100.0,Weekday,Thursday,Maximum_Load
115.24,51.12,0.0,91.41,100.0,Weekday,Monday,Maximum_Load
33.52,0.0,10.37,100.0,95.53,Weekend,Saturday,Maximum_Load
3.6,5.72,0.0,53.27,100.0,Weekday,Tuesday,Light_Load
2.77,4.0,0.0,56.93,100.0,Weekday,Wednesday,Light_Load
3.46,2.38,0.36,82.39,99.46,Weekday,Wednesday,Light_Load
51.41,14.54,0.07,96.23,100.0,Weekday,Wednesday,Medium_Load
22.5,15.01,0.0,83.19,100.0,Weekday,Wednesday,Light_Load
101.27,53.46,0.0,88.43,100.0,Weekday,Monday,Maximum_Load
4.75,0.0,21.71,100.0,21.37,Weekend,Sunday,Light_Load
4.18,0.0,16.31,100.0,24.83,Weekday,Wednesday,Medium_Load
8.86,0.0,23.58,100.0,35.17,Weekday,Wednesday,Medium_Load
4.28,0.0,16.6,100.0,24.97,Weekend,Saturday,Medium_Load
2.99,1.12,5.26,93.65,49.42,Weekend,Sunday,Medium_Load
3.2,4.79,0.0,55.55,100.0,Weekend,Saturday,Light_Load
110.81,39.46,0.0,94.21,100.0,Weekday,Friday,Maximum_Load
92.09,34.24,0.0,93.73,100.0,Weekday,Wednesday,Medium_Load
42.01,7.88,0.4,98.29,100.0,Weekend,Saturday,Medium_Load
4.32,0.0,12.13,100.0,33.55,Weekend,Saturday,Medium_Load
95.98,12.92,0.0,99.11,100.0,Weekday,Tuesday,Medium_Load
3.82,3.02,0.0,78.45,100.0,Weekday,Tuesday,Light_Load
116.24,46.4,0.0,92.87,100.0,Weekday,Friday,Medium_Load
87.73,41.51,0.0,90.39,100.0,Weekday,Thursday,Medium_Load
111.67,63.4,0.0,86.96,100.0,Weekday,Thursday,Maximum_Load
63.0,31.64,0.0,89.36,100.0,Weekday,Friday,Medium_Load
3.28,0.0,11.12,100.0,28.29,Weekend,Saturday,Medium_Load
4.21,0.0,11.88,100.0,33.4,Weekday,Friday,Medium_Load
3.35,0.0,21.53,100.0,15.37,Weekend,Saturday,Light_Load
60.91,23.87,0.0,93.11,100.0,Weekday,Wednesday,Maximum_Load
3.74,6.66,0.11,48.96,99.96,Weekend,Sunday,Medium_Load
2.7,5.69,0.0,42.87,100.0,Weekend,Sunday,Light_Load
20.3,1.98,15.59,99.53,79.31,Weekday,Tuesday,Medium_Load
37.44,27.9,0.0,80.18,100.0,Weekend,Sunday,Light_Load
28.37,1.04,1.51,99.93,99.86,Weekday,Thursday,Medium_Load
101.99,48.56,0.0,90.29,100.0,Weekday,Wednesday,Maximum_Load
3.24,0.0,12.92,100.0,24.32,Weekday,Friday,Medium_Load
103.1,38.56,0.0,93.66,100.0,Weekday,Thursday,Medium_Load
37.44,20.99,0.0,87.23,100.0,Weekday,Thursday,Medium_Load
3.64,3.56,0.0,71.49,100.0,Weekday,Tuesday,Light_Load
2.95,4.57,0.0,54.23,100.0,Weekday,Wednesday,Light_Load
3.2,5.4,0.0,50.98,100.0,Weekday,Friday,Light_Load
3.24,6.23,0.0,46.14,100.0,Weekday,Monday,Light_Load
3.49,2.09,0.54,85.79,98.82,Weekday,Tuesday,Light_Load
3.96,0.0,20.95,100.0,18.57,Weekend,Saturday,Light_Load
42.01,28.55,0.0,82.71,100.0,Weekday,Tuesday,Maximum_Load
2.99,4.25,0.0,57.54,100.0,Weekday,Wednesday,Light_Load
3.1,6.59,0.0,42.57,100.0,Weekend,Saturday,Light_Load
99.86,36.94,0.0,93.79,100.0,Weekend,Sunday,Maximum_Load
5.51,0.0,8.86,100.0,52.81,Weekday,Tuesday,Medium_Load
4.79,4.57,0.0,72.35,100.0,Weekday,Tuesday,Light_Load
2.63,5.36,0.0,44.05,100.0,Weekday,Wednesday,Light_Load
3.35,4.72,0.0,57.88,100.0,Weekday,Thursday,Light_Load
2.84,5.08,0.0,48.8,100.0,Weekday,Tuesday,Light_Load
5.36,2.84,0.04,88.36,100.0,Weekday,Monday,Light_Load
33.16,23.69,0.0,81.37,100.0,Weekday,Monday,Maximum_Load
2.99,5.04,0.0,51.02,100.0,Weekend,Sunday,Light_Load
61.2,40.18,0.0,83.59,100.0,Weekday,Tuesday,Medium_Load
95.15,43.34,0.0,91.0,100.0,Weekday,Thursday,Medium_Load
3.2,6.3,0.0,45.29,100.0,Weekend,Sunday,Light_Load
95.04,48.82,0.0,88.95,100.0,Weekday,Monday,Light_Load
38.45,38.12,0.0,71.01,100.0,Weekday,Wednesday,Light_Load
121.57,49.75,0.0,92.55,100.0,Weekday,Thursday,Medium_Load
3.38,4.64,0.0,58.88,100.0,Weekday,Monday,Light_Load
17.17,0.07,15.26,100.0,74.75,Weekday,Monday,Medium_Load
96.8,42.62,0.0,91.52,100.0,Weekday,Friday,Medium_Load
46.73,11.52,0.04,97.09,100.0,Weekday,Thursday,Medium_Load
2.81,0.0,17.32,100.0,16.01,Weekday,Wednesday,Light_Load
60.8,52.85,0.0,75.47,100.0,Weekday,Tuesday,Maximum_Load
2.66,2.95,0.0,66.97,100.0,Weekend,Sunday,Light_Load
2.74,5.04,0.0,47.76,100.0,Weekday,Friday,Medium_Load
108.14,45.68,0.0,92.12,100.0,Weekday,Monday,Medium_Load
2.74,0.0,11.66,100.0,22.88,Weekend,Sunday,Light_Load
51.44,36.25,0.0,81.74,100.0,Weekday,Friday,Light_Load
6.66,0.0,26.75,100.0,24.16,Weekday,Monday,Medium_Load
56.88,24.98,0.0,91.56,100.0,Weekday,Thursday,Medium_Load
38.66,27.94,0.0,81.05,100.0,Weekday,Tuesday,Maximum_Load
3.31,4.97,0.0,55.43,100.0,Weekday,Monday,Light_Load
3.74,4.39,0.0,64.85,100.0,Weekday,Monday,Light_Load
3.24,4.03,0.0,62.66,100.0,Weekday,Friday,Light_Load
33.7,0.0,9.36,100.0,96.35,Weekday,Thursday,Maximum_Load
3.67,1.12,12.31,95.65,28.57,Weekday,Monday,Medium_Load
50.69,7.63,0.0,98.89,100.0,Weekday,Tuesday,Medium_Load
3.38,4.03,0.0,64.26,100.0,Weekday,Friday,Light_Load
37.55,5.08,1.84,99.1,99.88,Weekend,Saturday,Maximum_Load
100.58,45.61,0.0,91.07,100.0,Weekday,Thursday,Medium_Load
3.2,2.3,0.32,81.2,99.5,Weekday,Tuesday,Light_Load
6.23,0.0,24.16,100.0,24.97,Weekend,Saturday,Medium_Load
2.63,4.93,0.0,47.07,100.0,Weekday,Monday,Light_Load
78.12,33.34,0.0,91.97,100.0,Weekday,Thursday,Medium_Load
4.39,3.35,0.0,79.5,100.0,Weekday,Tuesday,Light_Load
34.74,0.47,4.86,99.99,99.04,Weekend,Saturday,Medium_Load
98.57,29.45,0.0,95.81,100.0,Weekday,Tuesday,Maximum_Load
3.85,0.0,16.27,100.0,23.03,Weekday,Tuesday,Medium_Load
2.99,0.0,10.73,100.0,26.84,Weekend,Saturday,Light_Load
4.82,1.37,15.62,96.19,29.49,Weekend,Sunday,Maximum_Load
57.06,18.83,0.0,94.96,100.0,Weekday,Wednesday,Maximum_Load
86.98,42.37,3.67,89.9,99.91,Weekday,Friday,Medium_Load
24.8,2.84,4.79,99.35,98.19,Weekday,Thursday,Maximum_Load
4.0,3.53,0.07,74.98,99.98,Weekday,Friday,Light_Load
54.65,28.55,0.0,88.63,100.0,Weekday,Wednesday,Maximum_Load
37.33,27.79,0.0,80.21,100.0,Weekday,Tuesday,Maximum_Load
69.98,38.59,0.0,87.57,100.0,Weekday,Monday,Maximum_Load
59.9,23.87,0.0,92.9,100.0,Weekday,Friday,Medium_Load
49.21,16.7,0.0,94.7,100.0,Weekday,Friday,Maximum_Load
3.1,6.19,0.0,44.78,100.0,Weekday,Friday,Light_Load
93.24,41.87,0.0,91.22,100.0,Weekday,Friday,Maximum_Load
3.56,4.9,0.0,58.78,100.0,Weekday,Wednesday,Light_Load
62.21,32.94,0.0,88.38,100.0,Weekday,Monday,Medium_Load
52.6,25.38,0.0,90.06,100.0,Weekday,Tuesday,Medium_Load
5.76,5.29,0.0,73.65,100.0,Weekday,Tuesday,Light_Load
40.39,31.21,0.0,79.13,100.0,Weekday,Thursday,Light_Load
3.06,5.87,0.0,46.23,100.0,Weekday,Friday,Light_Load
4.86,0.0,20.27,100.0,23.32,Weekend,Sunday,Light_Load
4.82,2.81,0.0,86.39,100.0,Weekday,Friday,Light_Load
3.82,0.0,17.6,100.0,21.21,Weekday,Monday,Medium_Load
3.46,3.24,0.0,72.99,100.0,Weekend,Saturday,Light_Load
2.56,5.33,0.0,43.3,100.0,Weekday,Wednesday,Light_Load
71.35,39.02,0.0,87.74,100.0,Weekday,Monday,Medium_Load
31.79,15.77,0.11,89.58,100.0,Weekend,Sunday,Maximum_Load
4.21,0.0,21.24,100.0,19.44,Weekend,Saturday,Light_Load
4.39,4.1,0.0,73.08,100.0,Weekend,Sunday,Light_Load
65.95,24.55,0.0,93.72,100.0,Weekday,Thursday,Maximum_Load
79.88,34.92,0.0,91.63,100.0,Weekday,Monday,Maximum_Load
42.98,5.47,0.18,99.2,100.0,Weekday,Wednesday,Maximum_Load
54.5,18.25,0.0,94.82,100.0,Weekday,Friday,Medium_Load
2.74,5.58,0.0,44.08,100.0,Weekend,Sunday,Light_Load
51.41,15.73,0.0,95.62,100.0,Weekday,Tuesday,Medium_Load
68.98,35.64,0.0,88.84,100.0,Weekday,Tuesday,Maximum_Load
3.31,0.0,17.28,100.0,18.81,Weekend,Saturday,Medium_Load
49.0,27.72,0.0,87.04,100.0,Weekday,Monday,Maximum_Load
39.49,16.02,0.0,92.67,100.0,Weekend,Saturday,Maximum_Load
109.87,41.15,0.0,93.65,100.0,Weekday,Thursday,Medium_Load
4.14,3.67,0.0,74.83,100.0,Weekend,Sunday,Light_Load
3.6,3.78,0.0,68.97,100.0,Weekday,Friday,Light_Load
69.05,34.31,0.0,89.55,100.0,Weekday,Monday,Medium_Load
64.19,45.94,0.0,81.32,100.0,Weekday,Thursday,Maximum_Load
3.67,5.04,0.0,58.86,100.0,Weekend,Saturday,Light_Load
2.77,0.0,10.55,100.0,25.4,Weekday,Monday,Light_Load
2.84,3.96,0.0,58.28,100.0,Weekday,Wednesday,Light_Load
4.18,0.0,18.0,100.0,22.62,Weekend,Saturday,Medium_Load
2.88,0.0,17.39,100.0,16.34,Weekend,Saturday,Medium_Load
49.46,30.38,0.0,85.21,100.0,Weekday,Friday,Medium_Load
2.99,4.72,0.0,53.51,100.0,Weekday,Wednesday,Light_Load
3.17,0.0,5.62,100.0,49.13,Weekend,Sunday,Light_Load
3.46,0.0,13.93,100.0,24.11,Weekday,Tuesday,Light_Load
4.14,3.53,0.0,76.09,100.0,Weekend,Saturday,Light_Load
70.31,33.34,0.0,90.36,100.0,Weekday,Monday,Maximum_Load
3.67,0.0,17.06,100.0,21.03,Weekday,Wednesday,Medium_Load
3.31,4.5,0.0,59.25,100.0,Weekday,Monday,Medium_Load
85.43,42.95,0.0,89.34,100.0,Weekday,Monday,Medium_Load
3.02,0.0,15.91,100.0,18.65,Weekend,Sunday,Light_Load
60.55,47.48,0.0,78.69,100.0,Weekday,Friday,Maximum_Load
63.5,26.78,0.0,92.14,100.0,Weekday,Thursday,Maximum_Load
3.85,0.0,14.15,100.0,26.25,Weekday,Wednesday,Medium_Load
70.34,22.1,4.54,95.4,99.79,Weekday,Friday,Maximum_Load
3.96,0.0,8.96,100.0,40.42,Weekday,Thursday,Light_Load
3.53,4.79,0.0,59.33,100.0,Weekday,Tuesday,Medium_Load
2.99,0.0,4.68,100.0,53.84,Weekend,Sunday,Light_Load
4.46,0.0,16.13,100.0,26.65,Weekday,Thursday,Medium_Load
6.88,0.0,26.64,100.0,25.01,Weekday,Monday,Medium_Load
2.92,6.05,0.0,43.47,100.0,Weekday,Wednesday,Light_Load
121.9,47.52,0.0,93.17,100.0,Weekday,Thursday,Medium_Load
91.69,33.91,0.0,93.79,100.0,Weekday,Friday,Maximum_Load
4.43,0.0,24.23,100.0,17.98,Weekday,Tuesday,Medium_Load
4.1,0.0,21.38,100.0,18.83,Weekday,Thursday,Medium_Load
4.07,5.18,0.0,61.78,100.0,Weekday,Monday,Light_Load
3.31,2.09,0.04,84.55,99.99,Weekend,Sunday,Light_Load
59.22,39.31,0.0,83.32,100.0,Weekday,Thursday,Maximum_Load
2.88,4.18,0.0,56.74,100.0,Weekend,Saturday,Light_Load
3.31,2.12,0.29,84.21,99.62,Weekend,Saturday,Light_Load
2.81,5.33,0.0,46.64,100.0,Weekend,Sunday,Light_Load
57.13,32.72,0.0,86.78,100.0,Weekday,Thursday,Medium_Load
59.83,19.15,0.0,95.24,100.0,Weekday,Monday,Medium_Load
3.53,4.25,0.0,63.89,100.0,Weekday,Tuesday,Light_Load
4.18,0.0,15.08,100.0,26.71,Weekend,Sunday,Medium_Load
59.36,34.45,0.0,86.49,100.0,Weekday,Tuesday,Medium_Load
3.13,5.65,0.0,48.46,100.0,Weekend,Sunday,Light_Load
55.73,14.22,0.0,96.9,100.0,Weekday,Thursday,Maximum_Load
3.02,0.0,11.05,100.0,26.36,Weekend,Sunday,Light_Load
99.72,25.88,0.0,96.79,100.0,Weekday,Tuesday,Medium_Load
40.03,29.66,0.0,80.35,100.0,Weekday,Wednesday,Light_Load
3.56,0.0,17.46,100.0,19.98,Weekend,Sunday,Light_Load
99.58,41.33,0.0,92.36,100.0,Weekday,Wednesday,Maximum_Load
2.92,0.0,11.74,100.0,24.14,Weekend,Sunday,Light_Load
40.5,16.13,0.04,92.9,100.0,Weekday,Monday,Medium_Load
58.46,24.01,0.0,92.5,100.0,Weekday,Thursday,Maximum_Load
149.18,74.56,0.0,89.45,100.0,Weekday,Wednesday,Medium_Load
4.03,0.0,26.1,100.0,15.26,Weekend,Sunday,Medium_Load
2.92,0.0,13.46,100.0,21.2,Weekday,Wednesday,Light_Load
25.45,0.83,6.91,99.95,96.51,Weekday,Monday,Medium_Load
3.1,4.46,0.0,57.07,100.0,Weekend,Sunday,Light_Load
37.73,6.34,2.7,98.62,99.74,Weekday,Tuesday,Medium_Load
3.78,4.07,0.0,68.05,100.0,Weekday,Monday,Medium_Load
39.42,28.26,0.0,81.27,100.0,Weekday,Wednesday,Maximum_Load
2.92,5.87,0.0,44.54,100.0,Weekday,Friday,Light_Load
140.8,69.77,0.0,89.6,100.0,Weekday,Wednesday,Maximum_Load
2.88,4.9,0.0,50.67,100.0,Weekday,Tuesday,Light_Load
55.69,40.93,0.0,80.58,100.0,Weekday,Monday,Maximum_Load
43.63,2.63,1.51,99.82,99.94,Weekday,Thursday,Medium_Load
30.02,0.0,9.65,100.0,95.2,Weekday,Tuesday,Medium_Load
92.52,35.5,0.0,93.36,100.0,Weekday,Thursday,Maximum_Load
4.0,3.1,0.43,79.04,99.43,Weekday,Wednesday,Maximum_Load
3.56,0.0,14.04,100.0,24.58,Weekend,Saturday,Light_Load
107.89,58.61,0.0,87.87,100.0,Weekday,Friday,Maximum_Load
3.17,5.62,0.0,49.13,100.0,Weekend,Sunday,Light_Load
72.54,20.48,0.0,96.24,100.0,Weekday,Monday,Maximum_Load
3.6,4.32,0.0,64.02,100.0,Weekend,Sunday,Medium_Load
2.88,5.58,0.0,45.86,100.0,Weekend,Saturday,Medium_Load
2.74,5.44,0.0,44.98,100.0,Weekend,Sunday,Light_Load
97.6,59.44,0.0,85.41,100.0,Weekday,Wednesday,Maximum_Load
41.18,19.22,0.0,90.62,100.0,Weekday,Monday,Medium_Load
61.52,48.13,0.0,78.76,100.0,Weekday,Wednesday,Maximum_Load
3.06,6.01,0.0,45.37,100.0,Weekend,Sunday,Light_Load
82.22,35.82,0.0,91.68,100.0,Weekday,Monday,Medium_Load
2.81,5.51,0.0,45.43,100.0,Weekday,Thursday,Light_Load
3.42,4.25,0.0,62.69,100.0,Weekday,Tuesday,Light_Load
3.02,3.78,0.0,62.42,100.0,Weekday,Monday,Light_Load
2.52,4.25,0.0,51.0,100.0,Weekday,Tuesday,Light_Load
4.07,0.0,26.57,100.0,15.14,Weekend,Saturday,Medium_Load
43.09,6.12,0.25,99.01,100.0,Weekday,Wednesday,Maximum_Load
124.63,55.33,0.0,91.4,100.0,Weekday,Thursday,Medium_Load
4.32,5.87,0.0,59.27,100.0,Weekday,Thursday,Light_Load
36.54,26.64,0.0,80.8,100.0,Weekday,Friday,Light_Load
3.1,4.36,0.0,57.95,100.0,Weekday,Wednesday,Light_Load
3.64,3.64,0.0,70.71,100.0,Weekday,Tuesday,Light_Load
71.86,54.65,0.0,79.6,100.0,Weekday,Tuesday,Maximum_Load
4.54,7.34,0.0,52.6,100.0,Weekday,Tuesday,Light_Load
3.1,3.82,0.0,63.01,100.0,Weekday,Tuesday,Light_Load
3.24,6.23,0.0,46.14,100.0,Weekday,Friday,Light_Load
7.52,0.0,26.35,100.0,27.44,Weekday,Tuesday,Medium_Load
11.84,0.0,25.45,100.0,42.18,Weekday,Thursday,Medium_Load
3.64,3.78,0.0,69.36,100.0,Weekday,Thursday,Light_Load
3.02,0.0,16.88,100.0,17.61,Weekend,Sunday,Light_Load
2.77,5.04,0.0,48.17,100.0,Weekend,Sunday,Light_Load
38.92,3.56,0.36,99.58,100.0,Weekday,Wednesday,Maximum_Load
6.77,7.45,0.0,67.25,100.0,Weekday,Tuesday,Light_Load
84.56,19.87,0.47,97.35,100.0,Weekday,Wednesday,Medium_Load
4.28,0.0,16.6,100.0,24.97,Weekend,Sunday,Light_Load
3.06,4.18,0.0,59.07,100.0,Weekday,Tuesday,Light_Load
3.02,0.0,10.08,100.0,28.7,Weekend,Sunday,Light_Load
50.76,21.1,0.0,92.34,100.0,Weekday,Wednesday,Maximum_Load
48.42,24.34,0.0,89.35,100.0,Weekday,Friday,Medium_Load
3.78,0.0,24.84,100.0,15.04,Weekday,Friday,Medium_Load
3.13,2.77,0.0,74.89,100.0,Weekday,Thursday,Light_Load
3.31,4.03,0.0,63.47,100.0,Weekday,Thursday,Light_Load
4.9,7.27,0.0,55.89,100.0,Weekend,Saturday,Light_Load
2.59,4.75,0.0,47.87,100.0,Weekend,Saturday,Light_Load
34.49,14.54,0.58,92.15,99.99,Weekday,Tuesday,Medium_Load
3.96,0.0,15.84,100.0,24.25,Weekday,Thursday,Medium_Load
72.86,67.9,0.0,73.16,100.0,Weekday,Wednesday,Light_Load
4.32,0.0,16.52,100.0,25.3,Weekend,Sunday,Light_Load
2.84,0.0,13.68,100.0,20.33,Weekday,Monday,Medium_Load
49.1,23.65,0.0,90.09,100.0,Weekday,Friday,Maximum_Load
42.3,0.65,0.9,99.99,99.98,Weekday,Friday,Medium_Load
65.66,38.66,0.0,86.17,100.0,Weekday,Wednesday,Maximum_Load
64.33,37.76,0.0,86.24,100.0,Weekday,Tuesday,Maximum_Load
65.38,7.09,2.12,99.42,99.95,Weekday,Thursday,Maximum_Load
2.81,0.0,4.79,100.0,50.6,Weekday,Thursday,Light_Load
4.1,7.56,0.0,47.67,100.0,Weekday,Friday,Light_Load
2.81,5.54,0.0,45.24,100.0,Weekday,Friday,Light_Load
31.68,7.49,0.0,97.32,100.0,Weekend,Sunday,Maximum_Load
3.92,0.0,19.87,100.0,19.36,Weekday,Thursday,Medium_Load
38.2,30.89,0.0,77.76,100.0,Weekend,Saturday,Light_Load
3.74,7.45,0.0,44.87,100.0,Weekend,Saturday,Light_Load
3.02,0.0,16.6,100.0,17.9,Weekend,Saturday,Light_Load
2.84,4.28,0.0,55.29,100.0,Weekday,Thursday,Light_Load
81.54,47.16,0.0,86.56,100.0,Weekday,Monday,Maximum_Load
3.42,0.0,4.82,100.0,57.87,Weekday,Tuesday,Medium_Load
2.63,5.36,0.0,44.05,100.0,Weekday,Tuesday,Light_Load
2.92,3.56,0.0,63.42,100.0,Weekend,Saturday,Light_Load
4.46,0.0,25.31,100.0,17.35,Weekday,Monday,Medium_Load
57.89,32.36,0.0,87.29,100.0,Weekday,Thursday,Maximum_Load
94.32,61.96,0.0,83.58,100.0,Weekday,Friday,Maximum_Load
4.97,0.0,27.04,100.0,18.08,Weekend,Sunday,Medium_Load
70.16,39.06,0.0,87.37,100.0,Weekday,Tuesday,Maximum_Load
53.28,29.77,0.0,87.3,100.0,Weekday,Thursday,Maximum_Load
2.77,3.92,0.0,57.71,100.0,Weekend,Saturday,Light_Load
62.03,22.54,0.0,93.99,100.0,Weekday,Monday,Maximum_Load
6.34,5.29,0.0,76.78,100.0,Weekday,Tuesday,Light_Load
3.31,0.0,17.28,100.0,18.81,Weekend,Sunday,Light_Load
2.88,5.08,0.0,49.32,100.0,Weekend,Saturday,Light_Load
56.12,23.4,0.0,92.3,100.0,Weekday,Wednesday,Maximum_Load
2.59,4.18,0.0,52.67,100.0,Weekend,Sunday,Light_Load
2.81,6.08,0.0,41.95,100.0,Weekday,Friday,Light_Load
4.1,6.01,0.0,56.36,100.0,Weekday,Tuesday,Light_Load
9.86,0.0,20.56,100.0,43.24,Weekday,Tuesday,Medium_Load
3.71,6.8,0.0,47.89,100.0,Weekday,Friday,Light_Load
3.1,4.03,0.0,60.97,100.0,Weekday,Tuesday,Light_Load
100.08,48.17,0.0,90.11,100.0,Weekday,Wednesday,Light_Load
3.02,0.0,16.74,100.0,17.75,Weekend,Saturday,Light_Load
3.2,2.3,0.07,81.2,99.98,Weekday,Tuesday,Light_Load
69.8,53.28,0.0,79.49,100.0,Weekday,Tuesday,Maximum_Load
3.17,5.29,0.0,51.4,100.0,Weekend,Saturday,Light_Load
2.7,0.0,17.53,100.0,15.22,Weekday,Wednesday,Light_Load
3.28,3.64,0.0,66.94,100.0,Weekend,Saturday,Light_Load
51.59,51.73,0.0,70.61,100.0,Weekday,Tuesday,Light_Load
28.4,0.22,3.1,100.0,99.41,Weekday,Friday,Medium_Load
4.21,4.61,0.0,67.43,100.0,Weekend,Sunday,Light_Load
2.95,5.72,0.0,45.84,100.0,Weekend,Sunday,Light_Load
3.35,3.74,0.0,66.72,100.0,Weekday,Monday,Light_Load
32.44,3.89,0.04,99.29,100.0,Weekday,Tuesday,Medium_Load
103.5,39.35,0.0,93.47,100.0,Weekday,Thursday,Maximum_Load
2.7,0.0,5.65,100.0,43.12,Weekday,Tuesday,Light_Load
27.07,27.14,0.0,70.62,100.0,Weekday,Monday,Light_Load
2.84,6.3,0.0,41.1,100.0,Weekday,Friday,Light_Load
3.42,0.0,26.68,100.0,12.71,Weekend,Saturday,Medium_Load
2.63,4.57,0.0,49.88,100.0,Weekend,Sunday,Light_Load
95.62,30.92,0.0,95.15,100.0,Weekday,Thursday,Medium_Load
3.24,0.0,12.92,100.0,24.32,Weekday,Monday,Light_Load
63.83,50.29,0.0,78.55,100.0,Weekday,Friday,Maximum_Load
3.35,4.25,0.0,61.9,100.0,Weekday,Thursday,Light_Load
84.46,34.74,0.0,92.48,100.0,Weekday,Friday,Medium_Load
118.37,51.55,0.0,91.68,100.0,Weekday,Thursday,Maximum_Load
108.94,44.21,0.0,92.66,100.0,Weekday,Friday,Maximum_Load
101.74,34.92,0.0,94.58,100.0,Weekday,Tuesday,Medium_Load
3.53,4.03,0.0,65.89,100.0,Weekday,Friday,Medium_Load
3.56,4.72,0.0,60.22,100.0,Weekday,Thursday,Light_Load
37.48,2.38,3.2,99.8,99.64,Weekday,Thursday,Medium_Load
3.2,4.75,0.0,55.87,100.0,Weekday,Monday,Light_Load
5.11,4.0,0.0,78.74,100.0,Weekday,Friday,Light_Load
2.88,1.94,0.25,82.94,99.63,Weekday,Tuesday,Light_Load
4.79,0.0,22.28,100.0,21.02,Weekday,Monday,Medium_Load
3.13,4.82,0.0,54.46,100.0,Weekday,Thursday,Light_Load
125.46,66.17,0.0,88.45,100.0,Weekday,Tuesday,Maximum_Load
3.49,0.0,13.9,100.0,24.35,Weekday,Tuesday,Light_Load
6.05,0.0,16.92,100.0,33.67,Weekday,Thursday,Medium_Load
47.77,17.21,0.0,94.08,100.0,Weekday,Monday,Medium_Load
3.02,3.53,0.0,65.01,100.0,Weekend,Sunday,Light_Load
99.43,44.68,0.0,91.21,100.0,Weekday,Friday,Maximum_Load
3.02,3.06,0.0,70.24,100.0,Weekday,Wednesday,Light_Load
34.85,0.0,7.56,100.0,97.73,Weekday,Monday,Medium_Load
72.36,26.96,0.0,93.71,100.0,Weekday,Monday,Medium_Load
3.78,0.0,19.84,100.0,18.72,Weekend,Sunday,Light_Load
2.66,4.18,0.0,53.69,100.0,Weekend,Sunday,Light_Load
67.43,31.28,0.0,90.71,100.0,Weekday,Wednesday,Medium_Load
103.54,50.08,0.0,90.02,100.0,Weekday,Wednesday,Medium_Load
101.09,33.84,0.0,94.83,100.0,Weekday,Monday,Medium_Load
3.74,7.34,0.0,45.4,100.0,Weekday,Thursday,Maximum_Load
4.72,4.79,0.0,70.19,100.0,Weekday,Tuesday,Light_Load
3.46,3.1,0.0,74.48,100.0,Weekend,Saturday,Light_Load
49.57,15.26,0.11,95.57,100.0,Weekday,Thursday,Medium_Load
52.85,31.32,0.0,86.03,100.0,Weekday,Wednesday,Maximum_Load
2.99,3.92,0.0,60.65,100.0,Weekend,Sunday,Light_Load
2.74,0.0,14.0,100.0,19.21,Weekend,Sunday,Light_Load
2.95,0.0,11.48,100.0,24.89,Weekend,Sunday,Light_Load
2.52,3.6,0.0,57.35,100.0,Weekend,Saturday,Light_Load
98.89,47.99,0.0,89.97,100.0,Weekday,Monday,Medium_Load
4.18,4.72,0.0,66.3,100.0,Weekend,Sunday,Light_Load
2.88,5.04,0.0,49.61,100.0,Weekday,Monday,Light_Load
62.57,33.26,0.0,88.3,100.0,Weekday,Wednesday,Maximum_Load
32.15,7.74,7.38,97.22,97.47,Weekday,Friday,Maximum_Load
2.84,5.76,0.0,44.22,100.0,Weekend,Saturday,Light_Load
61.06,43.56,0.0,81.41,100.0,Weekday,Monday,Maximum_Load
92.81,38.02,0.0,92.54,100.0,Weekday,Friday,Maximum_Load
4.57,0.0,25.74,100.0,17.48,Weekend,Saturday,Light_Load
47.09,13.79,0.04,95.97,100.0,Weekday,Tuesday,Light_Load
2.63,4.9,0.0,47.29,100.0,Weekend,Sunday,Light_Load
3.1,0.0,16.38,100.0,18.6,Weekend,Sunday,Light_Load
2.84,5.72,0.0,44.47,100.0,Weekday,Tuesday,Light_Load
32.87,26.21,0.0,78.19,100.0,Weekday,Wednesday,Light_Load
55.55,14.98,0.0,96.55,100.0,Weekday,Thursday,Maximum_Load
14.62,0.0,20.56,100.0,57.95,Weekday,Tuesday,Medium_Load
63.79,36.47,0.0,86.81,100.0,Weekday,Friday,Light_Load
3.31,4.25,0.0,61.45,100.0,Weekday,Monday,Light_Load
2.74,4.93,0.0,48.58,100.0,Weekend,Sunday,Light_Load
3.6,4.5,0.0,62.47,100.0,Weekday,Tuesday,Light_Load
42.01,19.73,1.44,90.51,99.94,Weekday,Friday,Medium_Load
2.7,4.72,0.0,49.65,100.0,Weekday,Thursday,Light_Load
2.74,0.0,11.84,100.0,22.55,Weekend,Sunday,Light_Load
60.19,39.67,0.0,83.5,100.0,Weekday,Friday,Light_Load
3.49,4.14,0.0,64.45,100.0,Weekday,Tuesday,Light_Load
58.75,42.44,0.0,81.06,100.0,Weekday,Thursday,Maximum_Load
95.08,40.14,0.0,92.13,100.0,Weekday,Wednesday,Maximum_Load
4.25,4.75,0.0,66.68,100.0,Weekend,Sunday,Light_Load
3.17,4.07,0.0,61.45,100.0,Weekend,Saturday,Light_Load
4.14,1.91,14.08,90.8,28.21,Weekday,Thursday,Medium_Load
3.53,0.0,19.04,100.0,18.23,Weekend,Saturday,Medium_Load
2.92,4.5,0.0,54.43,100.0,Weekday,Tuesday,Light_Load
3.92,4.0,0.0,69.99,100.0,Weekday,Thursday,Light_Load
4.28,1.51,10.01,94.3,39.31,Weekend,Saturday,Maximum_Load
45.4,17.93,0.0,93.01,100.0,Weekday,Thursday,Medium_Load
2.81,0.0,4.28,100.0,54.88,Weekend,Sunday,Medium_Load
33.55,25.34,0.0,79.8,100.0,Weekday,Friday,Light_Load
6.34,0.0,17.32,100.0,34.37,Weekend,Sunday,Maximum_Load
29.38,0.0,11.99,100.0,92.59,Weekday,Monday,Medium_Load
123.77,79.63,0.0,84.1,100.0,Weekday,Wednesday,Light_Load
45.25,19.19,0.0,92.06,100.0,Weekday,Friday,Maximum_Load
50.9,24.55,3.31,90.07,99.79,Weekday,Monday,Maximum_Load
3.31,0.0,17.5,100.0,18.58,Weekday,Thursday,Light_Load
5.08,0.0,18.04,100.0,27.11,Weekday,Wednesday,Medium_Load
6.16,0.0,10.44,100.0,50.82,Weekday,Monday,Medium_Load
2.63,4.5,0.0,50.46,100.0,Weekend,Saturday,Light_Load
3.78,0.0,4.46,100.0,64.66,Weekend,Saturday,Light_Load
75.31,14.72,1.15,98.14,99.99,Weekday,Thursday,Maximum_Load
3.56,3.24,0.0,73.96,100.0,Weekday,Wednesday,Light_Load
4.54,0.0,26.64,100.0,16.8,Weekday,Friday,Medium_Load
50.4,21.46,0.0,92.01,100.0,Weekday,Friday,Maximum_Load
34.38,0.04,9.68,100.0,96.26,Weekday,Wednesday,Maximum_Load
51.73,10.73,0.18,97.92,100.0,Weekday,Tuesday,Medium_Load
8.42,2.84,12.28,94.76,56.55,Weekday,Wednesday,Medium_Load
3.42,0.0,13.39,100.0,24.75,Weekend,Saturday,Light_Load
2.59,5.58,0.0,42.1,100.0,Weekday,Wednesday,Light_Load
4.18,4.1,0.0,71.39,100.0,Weekday,Monday,Light_Load
3.2,5.08,0.0,53.3,100.0,Weekday,Tuesday,Light_Load
4.07,0.0,21.74,100.0,18.4,Weekday,Thursday,Medium_Load
4.57,6.19,0.0,59.4,100.0,Weekday,Thursday,Medium_Load
46.94,31.43,0.0,83.09,100.0,Weekday,Tuesday,Light_Load
6.8,5.51,0.0,77.7,100.0,Weekday,Tuesday,Light_Load
4.64,4.79,0.0,69.58,100.0,Weekday,Thursday,Light_Load
67.36,20.38,0.0,95.72,100.0,Weekday,Wednesday,Medium_Load
61.6,24.01,0.0,93.17,100.0,Weekday,Thursday,Medium_Load
96.01,40.1,0.0,92.27,100.0,Weekday,Tuesday,Maximum_Load
102.89,57.1,0.0,87.44,100.0,Weekday,Friday,Medium_Load
37.04,4.93,2.41,99.13,99.79,Weekday,Thursday,Medium_Load
33.12,0.0,10.76,100.0,95.11,Weekend,Saturday,Medium_Load
3.56,4.28,0.0,63.95,100.0,Weekday,Monday,Light_Load
41.26,0.83,1.04,99.98,99.97,Weekend,Saturday,Maximum_Load
52.16,28.33,0.0,87.88,100.0,Weekday,Monday,Maximum_Load
99.14,38.23,0.0,93.3,100.0,Weekday,Thursday,Medium_Load
3.56,4.97,0.0,58.23,100.0,Weekday,Thursday,Light_Load
3.31,0.0,11.81,100.0,26.99,Weekend,Saturday,Light_Load
2.95,0.0,11.34,100.0,25.18,Weekend,Sunday,Light_Load
62.68,34.2,0.0,87.78,100.0,Weekday,Wednesday,Maximum_Load
4.32,0.0,13.64,100.0,30.19,Weekday,Tuesday,Medium_Load
45.72,22.0,0.0,90.11,100.0,Weekday,Wednesday,Maximum_Load
41.94,43.88,0.0,69.09,100.0,Weekday,Monday,Light_Load
3.6,4.28,0.0,64.37,100.0,Weekday,Monday,Light_Load
108.14,36.54,0.0,94.74,100.0,Weekday,Thursday,Medium_Load
25.74,0.04,8.39,100.0,95.08,Weekend,Saturday,Maximum_Load
3.06,3.67,0.0,64.04,100.0,Weekend,Sunday,Light_Load
2.7,4.39,0.0,52.39,100.0,Weekend,Sunday,Light_Load
40.93,14.0,0.0,94.62,100.0,Weekday,Tuesday,Medium_Load
4.79,0.0,17.57,100.0,26.3,Weekend,Saturday,Light_Load
3.28,5.54,0.0,50.95,100.0,Weekend,Sunday,Light_Load
78.26,57.64,0.0,80.52,100.0,Weekday,Thursday,Light_Load
3.02,4.64,0.0,54.55,100.0,Weekend,Saturday,Light_Load
3.64,6.98,0.0,46.24,100.0,Weekday,Tuesday,Light_Load
61.74,23.15,0.0,93.63,100.0,Weekday,Thursday,Medium_Load
3.46,4.46,0.0,61.3,100.0,Weekday,Thursday,Light_Load
97.99,40.18,0.0,92.52,100.0,Weekday,Friday,Medium_Load
2.99,6.12,0.0,43.9,100.0,Weekend,Sunday,Light_Load
87.3,27.76,2.88,95.3,99.95,Weekday,Monday,Maximum_Load
60.01,34.67,0.0,86.59,100.0,Weekday,Friday,Maximum_Load
72.79,39.89,0.0,87.7,100.0,Weekday,Tuesday,Maximum_Load
86.83,43.45,0.0,89.43,100.0,Weekday,Monday,Maximum_Load
63.11,10.15,0.11,98.73,100.0,Weekend,Saturday,Light_Load
2.63,3.89,0.0,56.01,100.0,Weekday,Tuesday,Light_Load
6.05,5.51,0.0,73.93,100.0,Weekday,Thursday,Light_Load
57.49,32.98,0.0,86.74,100.0,Weekend,Saturday,Light_Load
66.74,26.42,0.0,92.98,100.0,Weekday,Wednesday,Medium_Load
3.67,5.18,0.0,57.81,100.0,Weekday,Monday,Light_Load
33.44,3.64,9.97,99.41,95.83,Weekend,Saturday,Maximum_Load
3.13,5.26,0.0,51.14,100.0,Weekday,Thursday,Light_Load
4.18,2.59,0.4,85.0,99.55,Weekday,Thursday,Light_Load
3.49,0.0,9.65,100.0,34.01,Weekday,Wednesday,Medium_Load
39.17,15.52,3.53,92.97,99.6,Weekday,Thursday,Maximum_Load
109.91,35.42,0.0,95.18,100.0,Weekday,Wednesday,Medium_Load
29.59,8.93,0.0,95.74,100.0,Weekend,Sunday,Maximum_Load
132.3,58.28,0.0,91.51,100.0,Weekday,Friday,Medium_Load
2.99,5.15,0.0,50.21,100.0,Weekend,Saturday,Light_Load
2.7,4.36,0.0,52.65,100.0,Weekday,Monday,Light_Load
2.84,5.94,0.0,43.13,100.0,Weekday,Friday,Light_Load
16.6,0.54,9.58,99.95,86.61,Weekday,Friday,Medium_Load
3.82,0.0,18.22,100.0,20.52,Weekend,Saturday,Light_Load
2.59,4.39,0.0,50.81,100.0,Weekday,Wednesday,Light_Load
2.81,0.0,10.87,100.0,25.03,Weekend,Sunday,Light_Load
59.33,22.43,0.0,93.54,100.0,Weekday,Tuesday,Medium_Load
22.86,1.69,9.47,99.73,92.39,Weekday,Thursday,Medium_Load
2.81,4.0,0.0,57.48,100.0,Weekend,Sunday,Light_Load
71.42,45.07,0.0,84.57,100.0,Weekday,Friday,Maximum_Load
2.59,4.61,0.0,48.98,100.0,Weekend,Sunday,Light_Load
45.61,11.63,0.0,96.9,100.0,Weekday,Friday,Maximum_Load
2.74,0.0,17.32,100.0,15.63,Weekend,Saturday,Light_Load
2.88,6.59,0.0,40.05,100.0,Weekday,Friday,Light_Load
4.39,3.56,0.0,77.67,100.0,Weekday,Tuesday,Light_Load
2.92,0.0,11.09,100.0,25.46,Weekend,Sunday,Light_Load
35.89,27.11,0.0,79.79,100.0,Weekday,Thursday,Light_Load
3.13,3.92,0.0,62.4,100.0,Weekend,Saturday,Light_Load
40.97,24.84,0.0,85.51,100.0,Weekday,Thursday,Maximum_Load
2.99,2.05,0.14,82.48,99.89,Weekday,Monday,Light_Load
2.81,5.62,0.0,44.72,100.0,Weekday,Monday,Light_Load
66.17,49.57,0.0,80.03,100.0,Weekday,Tuesday,Maximum_Load
2.92,5.18,0.0,49.11,100.0,Weekend,Sunday,Light_Load
3.38,5.18,0.0,54.65,100.0,Weekday,Monday,Light_Load
59.0,30.24,0.0,88.99,100.0,Weekday,Thursday,Medium_Load
35.35,0.32,5.15,100.0,98.96,Weekday,Monday,Maximum_Load
59.65,33.23,0.0,87.36,100.0,Weekday,Monday,Maximum_Load
3.24,2.48,0.0,79.41,100.0,Weekday,Wednesday,Light_Load
5.9,5.98,0.0,70.23,100.0,Weekend,Sunday,Light_Load
3.67,6.91,0.0,46.91,100.0,Weekday,Tuesday,Light_Load
2.99,5.18,0.0,49.99,100.0,Weekday,Monday,Light_Load
3.31,5.29,0.0,53.04,100.0,Weekday,Monday,Light_Load
104.87,50.87,0.0,89.97,100.0,Weekday,Tuesday,Maximum_Load
50.08,16.78,0.0,94.82,100.0,Weekday,Tuesday,Medium_Load
60.48,29.81,0.0,89.7,100.0,Weekday,Wednesday,Maximum_Load
3.85,0.0,16.09,100.0,23.27,Weekday,Thursday,Medium_Load
3.17,3.89,0.0,63.17,100.0,Weekday,Monday,Light_Load
3.49,5.58,0.0,53.03,100.0,Weekday,Tuesday,Light_Load
2.81,4.21,0.0,55.52,100.0,Weekday,Thursday,Light_Load
3.82,0.0,12.96,100.0,28.27,Weekend,Sunday,Light_Load
3.02,5.65,0.0,47.14,100.0,Weekday,Monday,Light_Load
92.59,25.67,0.0,96.37,100.0,Weekend,Saturday,Maximum_Load
81.76,32.08,0.0,93.09,100.0,Weekday,Wednesday,Maximum_Load
2.74,5.18,0.0,46.76,100.0,Weekend,Sunday,Light_Load
32.54,0.94,2.09,99.96,99.79,Weekday,Friday,Medium_Load
3.13,4.28,0.0,59.03,100.0,Weekday,Wednesday,Light_Load
62.75,32.54,0.11,88.77,100.0,Weekday,Monday,Maximum_Load
6.16,0.0,25.78,100.0,23.24,Weekday,Wednesday,Medium_Load
64.04,56.95,0.0,74.73,100.0,Weekday,Thursday,Maximum_Load
2.74,3.89,0.0,57.59,100.0,Weekday,Wednesday,Light_Load
5.83,5.15,0.0,74.95,100.0,Weekday,Tuesday,Light_Load
2.77,5.54,0.0,44.72,100.0,Weekday,Friday,Light_Load
112.25,60.73,0.0,87.95,100.0,Weekday,Wednesday,Maximum_Load
26.32,0.0,9.47,100.0,94.09,Weekday,Friday,Maximum_Load
4.57,0.0,25.52,100.0,17.63,Weekday,Tuesday,Medium_Load
3.24,3.82,0.0,64.68,100.0,Weekday,Wednesday,Medium_Load
4.03,0.0,9.32,100.0,39.69,Weekend,Saturday,Maximum_Load
3.42,3.71,0.0,67.78,100.0,Weekday,Wednesday,Light_Load
3.64,0.0,17.5,100.0,20.36,Weekend,Saturday,Light_Load
32.9,8.71,0.0,96.67,100.0,Weekend,Saturday,Medium_Load
4.72,3.71,0.0,78.62,100.0,Weekday,Friday,Light_Load
41.11,28.4,0.0,82.28,100.0,Weekday,Tuesday,Maximum_Load
3.06,5.83,0.0,46.47,100.0,Weekday,Thursday,Light_Load
99.58,27.11,0.0,96.49,100.0,Weekday,Tuesday,Medium_Load
88.96,37.62,0.0,92.1,100.0,Weekday,Monday,Maximum_Load
38.59,43.38,0.0,66.47,100.0,Weekday,Friday,Light_Load
3.38,2.74,0.04,77.68,99.99,Weekday,Thursday,Light_Load
47.84,11.09,0.0,97.42,100.0,Weekday,Friday,Medium_Load
2.84,4.75,0.0,51.32,100.0,Weekday,Thursday,Light_Load
76.36,11.34,0.25,98.92,100.0,Weekend,Saturday,Medium_Load
2.84,5.11,0.0,48.58,100.0,Weekend,Saturday,Light_Load
37.33,26.39,0.0,81.66,100.0,Weekday,Thursday,Light_Load
2.74,5.11,0.0,47.26,100.0,Weekday,Wednesday,Light_Load
3.85,2.7,0.36,81.87,99.57,Weekday,Thursday,Maximum_Load
3.89,2.99,0.25,79.29,99.79,Weekday,Tuesday,Light_Load
3.49,0.0,13.1,100.0,25.74,Weekend,Saturday,Medium_Load
3.31,0.0,17.64,100.0,18.44,Weekday,Thursday,Light_Load
3.06,5.18,0.0,50.86,100.0,Weekday,Tuesday,Light_Load
5.0,0.0,16.81,100.0,28.51,Weekday,Monday,Medium_Load
143.82,56.56,0.0,93.06,100.0,Weekday,Wednesday,Medium_Load
3.2,0.0,8.5,100.0,35.23,Weekend,Sunday,Light_Load
57.92,27.29,0.0,90.46,100.0,Weekday,Wednesday,Maximum_Load
92.77,29.02,0.0,95.44,100.0,Weekday,Tuesday,Maximum_Load
3.28,4.86,0.0,55.94,100.0,Weekend,Sunday,Light_Load
2.84,0.0,10.44,100.0,26.25,Weekday,Monday,Light_Load
51.34,27.43,0.0,88.2,100.0,Weekday,Friday,Maximum_Load
50.9,4.93,1.19,99.53,99.97,Weekday,Monday,Medium_Load
3.53,4.93,0.0,58.22,100.0,Weekday,Thursday,Light_Load
113.04,60.88,0.0,88.04,100.0,Weekday,Friday,Medium_Load
62.64,18.72,0.0,95.81,100.0,Weekday,Friday,Maximum_Load
46.15,33.8,0.0,80.68,100.0,Weekday,Tuesday,Maximum_Load
2.74,3.89,0.0,57.59,100.0,Weekend,Saturday,Light_Load
3.42,4.57,0.0,59.92,100.0,Weekday,Thursday,Light_Load
2.59,4.75,0.0,47.87,100.0,Weekend,Sunday,Light_Load
2.84,4.03,0.0,57.6,100.0,Weekend,Sunday,Light_Load
4.28,0.0,23.33,100.0,18.04,Weekend,Saturday,Light_Load
4.43,3.74,0.0,76.41,100.0,Weekend,Sunday,Light_Load
2.99,6.3,0.0,42.88,100.0,Weekday,Friday,Light_Load
58.5,15.37,0.04,96.72,100.0,Weekday,Monday,Medium_Load
45.54,15.91,0.0,94.4,100.0,Weekday,Thursday,Medium_Load
82.69,36.72,0.0,91.39,100.0,Weekday,Thursday,Maximum_Load
75.13,21.02,0.0,96.3,100.0,Weekday,Wednesday,Medium_Load
57.71,27.22,0.0,90.44,100.0,Weekday,Monday,Maximum_Load
75.67,36.47,0.0,90.08,100.0,Weekday,Friday,Medium_Load
95.4,40.54,0.0,92.03,100.0,Weekday,Thursday,Medium_Load
65.02,36.94,0.0,86.95,100.0,Weekday,Monday,Medium_Load
3.46,4.36,0.0,62.16,100.0,Weekday,Tuesday,Light_Load
2.77,0.0,10.98,100.0,24.46,Weekend,Sunday,Light_Load
4.75,5.29,0.0,66.81,100.0,Weekday,Wednesday,Light_Load
42.23,20.99,0.0,89.55,100.0,Weekday,Thursday,Medium_Load
2.99,4.25,0.0,57.54,100.0,Weekend,Saturday,Light_Load
30.67,25.92,0.0,76.38,100.0,Weekday,Tuesday,Light_Load
29.09,0.14,8.35,100.0,96.12,Weekend,Saturday,Maximum_Load
3.1,4.14,0.25,59.94,99.68,Weekend,Sunday,Light_Load
2.88,4.07,0.0,57.76,100.0,Weekday,Friday,Light_Load
51.44,37.48,0.0,80.82,100.0,Weekday,Thursday,Maximum_Load
4.0,3.56,0.07,74.7,99.98,Weekday,Wednesday,Light_Load
5.36,0.0,25.85,100.0,20.3,Weekday,Monday,Medium_Load
105.16,54.86,0.0,88.66,100.0,Weekday,Thursday,Light_Load
61.49,33.84,0.0,87.61,100.0,Weekday,Monday,Maximum_Load
2.7,0.0,11.27,100.0,23.3,Weekend,Sunday,Light_Load
36.43,5.69,1.01,98.8,99.96,Weekend,Saturday,Maximum_Load
4.25,0.0,6.48,100.0,54.84,Weekday,Tuesday,Medium_Load
115.49,41.15,0.0,94.2,100.0,Weekday,Thursday,Medium_Load
88.2,38.16,0.0,91.78,100.0,Weekday,Tuesday,Maximum_Load
3.6,6.84,0.0,46.57,100.0,Weekend,Saturday,Light_Load
6.34,5.54,0.0,75.3,100.0,Weekday,Tuesday,Light_Load
39.53,13.03,7.52,94.97,98.24,Weekday,Thursday,Maximum_Load
45.58,12.89,0.0,96.23,100.0,Weekday,Thursday,Medium_Load
24.08,0.25,6.05,99.99,96.99,Weekend,Saturday,Medium_Load
85.61,42.01,0.0,89.77,100.0,Weekday,Thursday,Medium_Load
2.92,4.5,0.0,54.43,100.0,Weekday,Wednesday,Light_Load
101.38,35.57,0.0,94.36,100.0,Weekday,Friday,Medium_Load
3.1,3.89,0.0,62.32,100.0,Weekday,Monday,Light_Load
4.28,0.0,20.74,100.0,20.21,Weekday,Friday,Medium_Load
4.57,4.43,0.0,71.8,100.0,Weekday,Wednesday,Light_Load
56.74,24.12,0.0,92.03,100.0,Weekday,Tuesday,Maximum_Load
127.87,57.13,0.0,91.3,100.0,Weekday,Monday,Maximum_Load
105.16,49.68,0.0,90.42,100.0,Weekday,Wednesday,Maximum_Load
31.46,1.87,5.65,99.82,98.43,Weekday,Tuesday,Medium_Load
53.39,40.57,0.0,79.62,100.0,Weekday,Thursday,Light_Load
75.64,34.2,0.0,91.12,100.0,Weekday,Tuesday,Medium_Load
83.59,43.56,0.0,88.68,100.0,Weekday,Tuesday,Medium_Load
3.28,5.33,0.0,52.41,100.0,Weekend,Saturday,Light_Load
61.52,40.93,0.0,83.26,100.0,Weekday,Wednesday,Medium_Load
3.31,4.9,0.0,55.98,100.0,Weekend,Saturday,Light_Load
3.1,3.53,0.0,65.99,100.0,Weekday,Monday,Light_Load
8.75,10.08,0.0,65.55,100.0,Weekday,Friday,Light_Load
3.53,5.08,0.0,57.06,100.0,Weekday,Friday,Light_Load
2.77,6.77,0.0,37.87,100.0,Weekend,Saturday,Light_Load
3.35,2.3,0.14,82.44,99.91,Weekday,Thursday,Light_Load
17.75,18.76,0.0,68.73,100.0,Weekday,Wednesday,Light_Load
98.6,31.54,0.0,95.25,100.0,Weekday,Wednesday,Medium_Load
62.06,36.32,0.0,86.31,100.0,Weekday,Wednesday,Medium_Load
55.33,25.06,0.0,91.09,100.0,Weekday,Tuesday,Maximum_Load
23.62,14.62,0.0,85.03,100.0,Weekday,Tuesday,Light_Load
2.63,4.97,0.0,46.77,100.0,Weekday,Monday,Light_Load
35.82,18.97,1.48,88.37,99.91,Weekday,Tuesday,Medium_Load
3.17,4.03,0.14,61.83,99.9,Weekday,Friday,Light_Load
2.99,0.0,16.24,100.0,18.11,Weekend,Sunday,Medium_Load
3.67,3.46,0.0,72.76,100.0,Weekday,Thursday,Light_Load
3.78,0.0,16.92,100.0,21.8,Weekday,Thursday,Medium_Load
4.28,1.19,10.33,96.35,38.28,Weekend,Sunday,Maximum_Load
41.26,14.47,0.0,94.37,100.0,Weekday,Friday,Maximum_Load
87.8,32.51,0.0,93.78,100.0,Weekday,Friday,Medium_Load
3.1,3.71,0.0,64.12,100.0,Weekend,Sunday,Light_Load
49.64,14.9,1.8,95.78,99.93,Weekday,Wednesday,Maximum_Load
55.62,11.66,0.0,97.87,100.0,Weekday,Friday,Medium_Load
5.4,0.0,19.33,100.0,26.91,Weekday,Wednesday,Medium_Load
48.56,17.5,0.0,94.08,100.0,Weekday,Tuesday,Medium_Load
2.95,0.0,16.42,100.0,17.68,Weekday,Thursday,Light_Load
29.12,1.51,1.51,99.87,99.87,Weekend,Saturday,Maximum_Load
67.0,34.7,0.0,88.8,100.0,Weekday,Tuesday,Maximum_Load
29.7,0.0,9.11,100.0,95.6,Weekday,Thursday,Medium_Load
27.97,0.0,6.12,100.0,97.69,Weekday,Wednesday,Medium_Load
50.94,37.48,0.0,80.55,100.0,Weekday,Thursday,Maximum_Load
2.56,4.46,0.0,49.78,100.0,Weekday,Tuesday,Light_Load
3.42,5.87,0.04,50.34,99.99,Weekday,Thursday,Medium_Load
49.79,29.02,0.54,86.4,99.99,Weekday,Tuesday,Maximum_Load
79.09,15.73,0.94,98.08,99.99,Weekend,Sunday,Medium_Load
66.38,28.3,0.0,91.99,100.0,Weekday,Monday,Medium_Load
101.48,59.04,0.0,86.44,100.0,Weekday,Thursday,Light_Load
48.02,23.4,1.73,89.89,99.94,Weekday,Friday,Medium_Load
56.41,26.53,0.0,90.49,100.0,Weekday,Monday,Maximum_Load
4.25,3.42,0.14,77.91,99.95,Weekday,Wednesday,Maximum_Load
2.59,4.79,0.0,47.56,100.0,Weekday,Monday,Light_Load
5.15,3.82,0.0,80.32,100.0,Weekend,Saturday,Light_Load
3.64,6.26,0.0,50.27,100.0,Weekday,Monday,Light_Load
54.65,32.51,0.0,85.94,100.0,Weekday,Monday,Medium_Load
40.28,2.3,1.12,99.84,99.96,Weekday,Tuesday,Medium_Load
2.99,5.58,0.0,47.23,100.0,Weekend,Saturday,Light_Load
3.53,3.1,0.0,75.14,100.0,Weekend,Sunday,Light_Load
2.95,5.4,0.0,47.94,100.0,Weekday,Tuesday,Light_Load
3.1,5.51,0.0,49.03,100.0,Weekday,Tuesday,Light_Load
2.74,5.4,0.0,45.25,100.0,Weekday,Friday,Light_Load
106.7,46.26,0.0,91.75,100.0,Weekday,Tuesday,Maximum_Load
2.66,3.67,0.0,58.69,100.0,Weekday,Tuesday,Light_Load
3.42,5.0,0.0,56.46,100.0,Weekday,Thursday,Light_Load
32.87,4.68,0.04,99.0,100.0,Weekday,Tuesday,Medium_Load
69.62,32.4,0.0,90.66,100.0,Weekday,Monday,Medium_Load
2.66,3.96,0.0,55.76,100.0,Weekday,Thursday,Light_Load
43.2,4.1,0.43,99.55,100.0,Weekday,Thursday,Medium_Load
3.85,0.0,22.86,100.0,16.61,Weekday,Thursday,Light_Load
6.95,0.0,18.04,100.0,35.95,Weekend,Sunday,Maximum_Load
2.92,0.0,17.5,100.0,16.46,Weekend,Saturday,Light_Load
110.41,29.95,0.0,96.51,100.0,Weekday,Monday,Medium_Load
88.16,23.51,0.0,96.62,100.0,Weekday,Monday,Maximum_Load
50.4,22.1,0.0,91.58,100.0,Weekday,Friday,Maximum_Load
3.67,0.0,19.76,100.0,18.26,Weekday,Thursday,Medium_Load
2.95,5.51,0.0,47.2,100.0,Weekday,Thursday,Light_Load
2.52,5.51,0.0,41.59,100.0,Weekday,Wednesday,Light_Load
2.99,0.0,12.67,100.0,22.97,Weekend,Sunday,Light_Load
3.17,5.8,0.0,47.96,100.0,Weekend,Sunday,Light_Load
2.63,5.44,0.0,43.53,100.0,Weekday,Wednesday,Light_Load
37.37,9.25,0.0,97.07,100.0,Weekday,Monday,Medium_Load
3.71,7.42,0.0,44.72,100.0,Weekday,Thursday,Light_Load
42.44,12.56,1.15,95.89,99.96,Weekday,Monday,Medium_Load
6.66,5.72,0.0,75.86,100.0,Weekend,Saturday,Light_Load
3.28,0.0,17.35,100.0,18.58,Weekend,Sunday,Light_Load
4.61,4.72,0.0,69.87,100.0,Weekday,Friday,Light_Load
3.82,0.0,8.39,100.0,41.44,Weekend,Sunday,Medium_Load
3.82,0.0,21.64,100.0,17.38,Weekday,Monday,Medium_Load
3.2,4.68,0.14,56.44,99.9,Weekend,Saturday,Light_Load
7.27,5.36,0.0,80.49,100.0,Weekday,Wednesday,Light_Load
103.9,38.74,0.0,93.7,100.0,Weekday,Friday,Medium_Load
116.93,45.97,0.0,93.07,100.0,Weekday,Thursday,Maximum_Load
4.75,0.0,20.63,100.0,22.44,Weekend,Saturday,Medium_Load
2.81,5.47,0.0,45.69,100.0,Weekend,Sunday,Light_Load
2.95,4.54,0.0,54.49,100.0,Weekday,Monday,Light_Load
3.67,0.0,16.09,100.0,22.24,Weekday,Tuesday,Medium_Load
3.64,3.42,0.0,72.88,100.0,Weekday,Wednesday,Light_Load
5.62,0.0,24.23,100.0,22.59,Weekend,Saturday,Medium_Load
30.1,0.43,2.7,99.99,99.6,Weekday,Tuesday,Medium_Load
2.74,4.64,0.0,50.85,100.0,Weekday,Wednesday,Light_Load
3.24,0.0,14.44,100.0,21.89,Weekend,Sunday,Light_Load
2.74,5.15,0.0,46.97,100.0,Weekday,Thursday,Light_Load
4.03,2.84,0.32,81.74,99.69,Weekday,Thursday,Light_Load
50.4,25.49,0.0,89.24,100.0,Weekday,Tuesday,Maximum_Load
3.35,5.76,0.0,50.28,100.0,Weekend,Sunday,Light_Load
68.69,20.27,0.0,95.91,100.0,Weekday,Tuesday,Medium_Load
50.33,24.26,0.0,90.08,100.0,Weekday,Thursday,Maximum_Load
49.18,24.62,0.0,89.42,100.0,Weekday,Tuesday,Medium_Load
71.5,31.25,0.0,91.63,100.0,Weekday,Thursday,Medium_Load
44.28,17.14,0.0,93.26,100.0,Weekend,Saturday,Maximum_Load
2.95,4.86,0.0,51.89,100.0,Weekday,Wednesday,Light_Load
53.6,54.11,0.0,70.38,100.0,Weekday,Tuesday,Light_Load
84.53,32.76,0.0,93.24,100.0,Weekday,Friday,Medium_Load
108.32,56.38,0.0,88.7,100.0,Weekday,Monday,Maximum_Load
2.95,5.8,0.0,45.34,100.0,Weekday,Thursday,Light_Load
2.84,5.8,0.0,43.98,100.0,Weekday,Friday,Medium_Load
3.02,0.0,12.1,100.0,24.22,Weekend,Sunday,Light_Load
2.99,0.0,14.47,100.0,20.24,Weekend,Sunday,Light_Load
2.81,4.64,0.0,51.8,100.0,Weekday,Thursday,Light_Load
3.42,0.0,5.08,100.0,55.85,Weekend,Sunday,Light_Load
5.8,0.0,16.02,100.0,34.04,Weekday,Tuesday,Medium_Load
4.0,0.0,21.28,100.0,18.47,Weekday,Thursday,Medium_Load
31.43,0.29,4.07,100.0,99.17,Weekend,Saturday,Maximum_Load
3.56,6.34,0.0,48.96,100.0,Weekend,Saturday,Light_Load
3.13,0.0,11.77,100.0,25.7,Weekend,Sunday,Medium_Load
49.97,25.16,0.0,89.32,100.0,Weekday,Thursday,Medium_Load
54.4,17.5,0.0,95.2,100.0,Weekday,Friday,Maximum_Load
84.24,49.36,0.0,86.28,100.0,Weekday,Thursday,Light_Load
3.89,0.0,17.78,100.0,21.37,Weekend,Sunday,Maximum_Load
47.59,16.06,0.0,94.75,100.0,Weekday,Thursday,Maximum_Load
3.78,6.84,0.0,48.37,100.0,Weekday,Monday,Light_Load
3.42,6.12,0.0,48.78,100.0,Weekend,Saturday,Light_Load
37.33,27.76,0.0,80.24,100.0,Weekend,Sunday,Light_Load
38.16,31.9,0.0,76.72,100.0,Weekend,Saturday,Maximum_Load
37.22,10.19,0.0,96.45,100.0,Weekend,Saturday,Medium_Load
3.89,0.0,26.39,100.0,14.58,Weekday,Wednesday,Medium_Load
68.69,36.4,0.0,88.36,100.0,Weekday,Friday,Maximum_Load
43.34,14.8,0.0,94.63,100.0,Weekday,Wednesday,Maximum_Load
127.98,58.43,0.0,90.97,100.0,Weekend,Saturday,Maximum_Load
3.6,3.96,0.0,67.27,100.0,Weekday,Friday,Medium_Load
3.53,0.0,16.85,100.0,20.5,Weekday,Wednesday,Light_Load
21.06,20.45,0.0,71.74,100.0,Weekday,Tuesday,Light_Load
3.24,5.0,0.0,54.38,100.0,Weekday,Thursday,Light_Load
32.9,0.04,4.9,100.0,98.91,Weekday,Wednesday,Maximum_Load
4.03,3.13,0.18,78.98,99.9,Weekday,Friday,Light_Load
2.84,4.32,0.0,54.93,100.0,Weekday,Thursday,Light_Load
3.71,0.0,25.06,100.0,14.64,Weekday,Friday,Medium_Load
2.56,5.4,0.0,42.84,100.0,Weekday,Wednesday,Light_Load
31.03,1.44,1.15,99.89,99.93,Weekday,Tuesday,Medium_Load
82.76,37.08,0.0,91.26,100.0,Weekday,Thursday,Maximum_Load
114.62,53.32,0.0,90.67,100.0,Weekday,Tuesday,Medium_Load
79.74,31.18,0.0,93.13,100.0,Weekday,Thursday,Medium_Load
4.1,0.0,17.53,100.0,22.77,Weekend,Sunday,Light_Load
3.53,4.5,0.0,61.72,100.0,Weekday,Tuesday,Medium_Load
53.17,21.53,0.0,92.69,100.0,Weekday,Wednesday,Maximum_Load
3.49,4.46,0.18,61.63,99.87,Weekday,Monday,Light_Load
121.64,64.84,0.0,88.25,100.0,Weekday,Thursday,Maximum_Load
3.46,2.52,0.0,80.83,100.0,Weekday,Wednesday,Light_Load
3.78,2.34,0.5,85.03,99.14,Weekday,Friday,Light_Load
4.57,0.0,21.46,100.0,20.83,Weekend,Saturday,Light_Load
40.97,14.9,0.0,93.98,100.0,Weekend,Saturday,Maximum_Load
91.8,47.88,0.0,88.66,100.0,Weekday,Tuesday,Maximum_Load
3.28,4.21,0.0,61.46,100.0,Weekend,Saturday,Light_Load
3.49,4.03,0.0,65.46,100.0,Weekday,Wednesday,Light_Load
4.28,0.0,19.84,100.0,21.09,Weekend,Sunday,Light_Load
24.59,21.02,0.0,76.01,100.0,Weekend,Saturday,Maximum_Load
110.48,38.77,0.0,94.36,100.0,Weekday,Thursday,Medium_Load
5.9,6.55,0.0,66.93,100.0,Weekday,Thursday,Light_Load
58.64,35.86,0.0,85.31,100.0,Weekday,Tuesday,Medium_Load
4.14,3.38,0.11,77.46,99.96,Weekday,Tuesday,Light_Load
4.43,4.68,0.0,68.74,100.0,Weekday,Monday,Light_Load
3.6,3.35,0.0,73.21,100.0,Weekend,Sunday,Light_Load
77.72,40.14,0.0,88.85,100.0,Weekday,Tuesday,Medium_Load
58.9,27.4,0.0,90.67,100.0,Weekday,Friday,Medium_Load
3.53,3.89,0.0,67.2,100.0,Weekday,Thursday,Light_Load
4.57,0.0,24.41,100.0,18.4,Weekend,Saturday,Light_Load
38.84,20.2,0.0,88.72,100.0,Weekday,Thursday,Medium_Load
3.96,1.87,14.94,90.42,25.62,Weekday,Monday,Medium_Load
4.07,0.0,25.56,100.0,15.73,Weekend,Saturday,Medium_Load
3.13,3.35,0.0,68.27,100.0,Weekend,Saturday,Light_Load
2.95,3.78,0.0,61.52,100.0,Weekday,Friday,Light_Load
45.68,25.2,0.0,87.56,100.0,Weekday,Monday,Medium_Load
2.84,4.28,0.0,55.29,100.0,Weekend,Sunday,Light_Load
3.06,3.89,0.0,61.83,100.0,Weekday,Monday,Light_Load
62.64,36.9,0.0,86.16,100.0,Weekday,Friday,Maximum_Load
59.83,21.28,0.36,94.22,100.0,Weekday,Monday,Medium_Load
5.36,0.0,26.53,100.0,19.8,Weekday,Tuesday,Medium_Load
56.88,26.06,0.0,90.91,100.0,Weekday,Monday,Medium_Load
2.99,0.0,17.39,100.0,16.95,Weekend,Sunday,Light_Load
91.8,44.17,0.0,90.11,100.0,Weekday,Friday,Maximum_Load
3.74,3.1,0.11,76.99,99.96,Weekday,Monday,Light_Load
31.25,3.71,1.98,99.3,99.8,Weekday,Tuesday,Maximum_Load
68.36,39.6,0.0,86.53,100.0,Weekday,Friday,Medium_Load
3.92,4.79,0.0,63.33,100.0,Weekday,Thursday,Light_Load
3.64,3.85,0.0,68.7,100.0,Weekday,Friday,Light_Load
108.5,38.09,0.0,94.35,100.0,Weekday,Monday,Maximum_Load
117.14,46.3,0.0,93.0,100.0,Weekday,Monday,Maximum_Load
3.06,0.0,16.31,100.0,18.44,Weekend,Saturday,Light_Load
3.78,3.42,0.04,74.15,99.99,Weekend,Sunday,Light_Load
2.84,5.4,0.0,46.55,100.0,Weekday,Friday,Light_Load
3.28,3.78,0.0,65.54,100.0,Weekday,Friday,Light_Load
3.46,4.28,0.0,62.87,100.0,Weekday,Monday,Medium_Load
5.4,0.0,13.28,100.0,37.67,Weekend,Saturday,Maximum_Load
2.92,3.67,0.0,62.26,100.0,Weekday,Friday,Light_Load
2.84,0.0,10.84,100.0,25.34,Weekend,Saturday,Light_Load
38.09,29.23,0.0,79.33,100.0,Weekend,Sunday,Light_Load
60.91,24.37,0.0,92.84,100.0,Weekday,Thursday,Medium_Load
8.86,9.36,0.0,68.74,100.0,Weekend,Sunday,Light_Load
3.13,2.92,0.0,73.12,100.0,Weekday,Wednesday,Light_Load
41.65,10.76,0.0,96.82,100.0,Weekday,Tuesday,Maximum_Load
5.98,0.0,25.85,100.0,22.54,Weekday,Wednesday,Medium_Load
71.21,27.76,0.0,93.17,100.0,Weekday,Tuesday,Maximum_Load
3.53,3.42,0.0,71.82,100.0,Weekday,Thursday,Light_Load
2.84,6.16,0.0,41.87,100.0,Weekend,Sunday,Light_Load
2.99,5.29,0.0,49.21,100.0,Weekday,Friday,Light_Load
51.95,32.72,0.0,84.62,100.0,Weekday,Thursday,Maximum_Load
3.71,3.71,0.0,70.71,100.0,Weekday,Monday,Light_Load
3.02,3.71,0.0,63.13,100.0,Weekend,Saturday,Light_Load
4.18,3.02,0.25,81.06,99.82,Weekday,Thursday,Light_Load
111.31,62.14,0.0,87.32,100.0,Weekday,Monday,Medium_Load
57.64,45.86,0.0,78.25,100.0,Weekday,Friday,Light_Load
105.48,44.32,0.0,92.19,100.0,Weekday,Thursday,Medium_Load
4.61,5.0,0.36,67.79,99.7,Weekend,Sunday,Light_Load
3.38,5.4,0.0,53.06,100.0,Weekday,Friday,Light_Load
45.58,31.93,0.0,81.9,100.0,Weekday,Thursday,Maximum_Load
2.92,0.0,11.92,100.0,23.79,Weekday,Monday,Light_Load
2.81,5.98,0.0,42.53,100.0,Weekend,Sunday,Light_Load
2.92,1.69,0.5,86.55,98.57,Weekday,Friday,Light_Load
3.82,1.48,5.47,93.25,57.26,Weekend,Sunday,Light_Load
2.81,5.15,0.0,47.9,100.0,Weekend,Sunday,Light_Load
58.18,35.53,0.0,85.34,100.0,Weekday,Thursday,Maximum_Load
74.16,49.93,0.0,82.95,100.0,Weekday,Wednesday,Maximum_Load
4.61,5.11,0.0,66.98,100.0,Weekday,Tuesday,Light_Load
3.71,7.13,0.0,46.16,100.0,Weekday,Tuesday,Light_Load
83.81,41.18,0.0,89.75,100.0,Weekday,Monday,Light_Load
3.38,0.0,8.17,100.0,38.23,Weekend,Saturday,Light_Load
3.78,3.67,0.0,71.75,100.0,Weekday,Monday,Light_Load
3.31,0.0,17.96,100.0,18.12,Weekday,Friday,Light_Load
3.42,0.0,21.92,100.0,15.42,Weekend,Sunday,Light_Load
2.74,5.08,0.0,47.47,100.0,Weekday,Monday,Light_Load
76.21,9.76,0.68,99.19,100.0,Weekend,Saturday,Maximum_Load
67.5,33.01,0.0,89.83,100.0,Weekday,Tuesday,Medium_Load
61.31,30.89,0.0,89.31,100.0,Weekday,Monday,Maximum_Load
3.85,3.46,0.0,74.38,100.0,Weekday,Tuesday,Light_Load
51.98,53.89,0.0,69.42,100.0,Weekend,Saturday,Light_Load
3.35,0.0,17.28,100.0,19.03,Weekday,Thursday,Light_Load
3.6,3.89,0.0,67.92,100.0,Weekday,Friday,Light_Load
3.71,4.61,0.0,62.7,100.0,Weekday,Wednesday,Light_Load
7.88,0.0,25.45,100.0,29.58,Weekday,Friday,Medium_Load
3.24,4.36,0.0,59.65,100.0,Weekday,Monday,Light_Load
29.34,1.48,1.04,99.87,99.94,Weekend,Sunday,Maximum_Load
50.4,22.86,0.0,91.07,100.0,Weekday,Wednesday,Maximum_Load
2.92,0.0,4.5,100.0,54.43,Weekday,Monday,Light_Load
49.64,22.0,5.72,91.42,99.34,Weekday,Thursday,Medium_Load
6.12,0.0,15.3,100.0,37.14,Weekend,Sunday,Maximum_Load
54.72,12.78,0.0,97.38,100.0,Weekday,Tuesday,Medium_Load
5.72,0.0,21.42,100.0,25.8,Weekend,Sunday,Maximum_Load
99.9,36.22,0.0,94.01,100.0,Weekday,Monday,Medium_Load
43.16,18.83,0.0,91.66,100.0,Weekday,Wednesday,Maximum_Load
31.5,0.04,6.98,100.0,97.63,Weekend,Sunday,Maximum_Load
35.24,2.02,4.18,99.84,99.3,Weekday,Friday,Medium_Load
87.16,33.52,0.0,93.34,100.0,Weekday,Wednesday,Medium_Load
10.51,2.2,8.64,97.88,77.25,Weekend,Saturday,Medium_Load
3.67,4.79,0.0,60.82,100.0,Weekend,Sunday,Light_Load
11.3,0.07,13.82,100.0,63.3,Weekend,Saturday,Medium_Load
3.96,3.56,0.0,74.37,100.0,Weekend,Saturday,Light_Load
3.46,0.0,15.84,100.0,21.34,Weekend,Sunday,Medium_Load
99.43,59.69,0.0,85.74,100.0,Weekday,Tuesday,Light_Load
3.1,2.48,0.0,78.09,100.0,Weekday,Thursday,Light_Load
2.7,5.29,0.0,45.46,100.0,Weekday,Thursday,Light_Load
18.86,8.32,18.25,91.49,71.86,Weekday,Thursday,Medium_Load
4.9,3.53,0.0,81.14,100.0,Weekday,Friday,Light_Load
60.16,26.39,0.0,91.58,100.0,Weekday,Tuesday,Maximum_Load
2.81,3.74,0.0,60.07,100.0,Weekend,Sunday,Light_Load
72.43,15.73,0.32,97.72,100.0,Weekday,Thursday,Medium_Load
4.36,0.0,17.78,100.0,23.82,Weekday,Friday,Medium_Load
3.38,0.0,11.77,100.0,27.6,Weekend,Saturday,Medium_Load
7.49,0.0,23.15,100.0,30.78,Weekday,Wednesday,Maximum_Load
63.11,35.89,0.0,86.93,100.0,Weekday,Friday,Light_Load
3.13,4.0,0.0,61.63,100.0,Weekday,Monday,Light_Load
2.81,0.0,11.3,100.0,24.13,Weekend,Saturday,Medium_Load
65.41,7.34,1.8,99.38,99.96,Weekday,Wednesday,Maximum_Load
2.81,4.14,0.0,56.16,100.0,Weekend,Sunday,Light_Load
3.46,3.6,0.0,69.29,100.0,Weekend,Sunday,Light_Load
3.78,0.0,23.72,100.0,15.74,Weekend,Saturday,Medium_Load
3.82,0.0,9.4,100.0,37.65,Weekend,Sunday,Medium_Load
88.38,12.67,0.04,98.99,100.0,Weekend,Saturday,Medium_Load
37.73,18.4,0.0,89.88,100.0,Weekend,Saturday,Maximum_Load
15.62,13.28,0.0,76.19,100.0,Weekend,Sunday,Light_Load
73.04,33.16,0.0,91.06,100.0,Weekday,Thursday,Maximum_Load
5.26,0.0,26.96,100.0,19.15,Weekday,Wednesday,Medium_Load
39.6,19.04,0.0,90.12,100.0,Weekday,Friday,Medium_Load
3.67,3.13,0.07,76.09,99.98,Weekday,Thursday,Light_Load
3.85,4.32,0.0,66.53,100.0,Weekday,Monday,Light_Load
4.03,3.64,0.0,74.21,100.0,Weekend,Saturday,Light_Load
4.57,3.89,0.0,76.15,100.0,Weekday,Tuesday,Light_Load
2.84,5.11,0.0,48.58,100.0,Weekday,Friday,Light_Load
65.12,37.4,0.0,86.72,100.0,Weekday,Tuesday,Maximum_Load
55.91,21.64,0.0,93.26,100.0,Weekday,Friday,Maximum_Load
86.51,41.54,0.0,90.15,100.0,Weekday,Wednesday,Light_Load
2.88,0.0,4.64,100.0,52.74,Weekend,Sunday,Light_Load
35.35,5.15,4.21,98.96,99.3,Weekday,Monday,Maximum_Load
2.66,5.04,0.0,46.68,100.0,Weekday,Monday,Light_Load
4.86,7.99,0.0,51.97,100.0,Weekday,Monday,Maximum_Load
44.6,31.72,0.0,81.49,100.0,Weekday,Tuesday,Medium_Load
3.89,5.04,0.0,61.1,100.0,Weekday,Thursday,Light_Load
35.32,0.11,5.0,100.0,99.01,Weekday,Friday,Medium_Load
3.06,0.0,11.16,100.0,26.44,Weekend,Sunday,Light_Load
46.51,11.95,0.0,96.85,100.0,Weekday,Monday,Maximum_Load
56.92,29.16,0.0,89.0,100.0,Weekday,Thursday,Medium_Load
2.95,0.0,4.72,100.0,53.0,Weekday,Monday,Light_Load
74.2,26.17,0.0,94.31,100.0,Weekday,Friday,Medium_Load
12.2,0.0,24.73,100.0,44.24,Weekday,Friday,Medium_Load
3.17,0.0,17.14,100.0,18.19,Weekend,Sunday,Light_Load
4.61,4.21,0.0,73.84,100.0,Weekday,Thursday,Light_Load
50.76,16.34,0.0,95.19,100.0,Weekday,Monday,Maximum_Load
2.99,0.0,17.46,100.0,16.88,Weekend,Sunday,Light_Load
3.13,3.82,0.0,63.38,100.0,Weekend,Sunday,Medium_Load
2.81,0.0,11.99,100.0,22.82,Weekend,Saturday,Medium_Load
58.36,27.36,0.0,90.54,100.0,Weekday,Tuesday,Maximum_Load
2.84,4.21,0.0,55.92,100.0,Weekday,Friday,Light_Load
56.41,37.44,0.0,83.32,100.0,Weekday,Thursday,Maximum_Load
4.0,4.79,0.0,64.1,100.0,Weekday,Friday,Light_Load
61.38,18.25,0.0,95.85,100.0,Weekday,Monday,Medium_Load
65.63,29.38,0.0,91.27,100.0,Weekday,Monday,Maximum_Load
3.74,5.36,0.0,57.22,100.0,Weekday,Thursday,Light_Load
106.49,36.04,0.0,94.72,100.0,Weekend,Saturday,Maximum_Load
69.73,41.04,0.0,86.18,100.0,Weekday,Monday,Maximum_Load
2.74,2.88,1.91,68.93,82.04,Weekday,Monday,Light_Load
2.95,3.92,0.0,60.13,100.0,Weekend,Sunday,Light_Load
2.74,3.1,0.0,66.23,100.0,Weekday,Monday,Light_Load
3.1,3.71,0.0,64.12,100.0,Weekend,Sunday,Light_Load
2.81,4.25,0.0,55.15,100.0,Weekday,Thursday,Light_Load
3.02,5.11,0.0,50.88,100.0,Weekday,Tuesday,Light_Load
95.65,33.95,0.0,94.24,100.0,Weekday,Wednesday,Medium_Load
3.6,0.0,5.08,100.0,57.82,Weekend,Saturday,Light_Load
2.63,4.18,0.0,53.25,100.0,Weekday,Friday,Light_Load
4.86,2.88,0.0,86.03,100.0,Weekday,Friday,Light_Load
2.84,0.0,5.22,100.0,47.79,Weekend,Saturday,Light_Load
3.02,5.26,0.0,49.79,100.0,Weekday,Wednesday,Light_Load
2.92,5.15,0.0,49.32,100.0,Weekday,Wednesday,Light_Load
3.2,5.87,0.0,47.86,100.0,Weekday,Wednesday,Light_Load
3.06,6.16,0.0,44.49,100.0,Weekday,Thursday,Light_Load
3.13,4.72,0.0,55.27,100.0,Weekend,Saturday,Light_Load
2.95,0.0,4.68,100.0,53.32,Weekday,Monday,Light_Load
7.45,0.0,24.8,100.0,28.77,Weekday,Monday,Medium_Load
2.92,5.58,0.0,46.37,100.0,Weekday,Monday,Light_Load
5.08,0.0,19.91,100.0,24.72,Weekend,Sunday,Light_Load
3.2,4.46,0.0,58.3,100.0,Weekday,Tuesday,Light_Load
2.66,3.78,0.0,57.55,100.0,Weekday,Wednesday,Light_Load
48.42,8.93,0.0,98.34,100.0,Weekday,Friday,Medium_Load
3.71,0.0,17.93,100.0,20.26,Weekend,Saturday,Light_Load
4.0,3.74,0.04,73.04,100.0,Weekday,Thursday,Light_Load
4.28,4.43,0.0,69.48,100.0,Weekday,Monday,Light_Load
2.77,5.0,0.0,48.46,100.0,Weekday,Monday,Light_Load
43.2,13.25,0.0,95.6,100.0,Weekday,Friday,Maximum_Load
109.08,48.17,0.0,91.48,100.0,Weekday,Wednesday,Medium_Load
4.07,4.82,0.0,64.52,100.0,Weekday,Thursday,Light_Load
6.84,4.64,0.0,82.76,100.0,Weekday,Tuesday,Light_Load
5.11,0.0,20.63,100.0,24.04,Weekend,Sunday,Light_Load
29.2,6.8,0.61,97.39,99.98,Weekday,Thursday,Medium_Load
2.56,4.46,0.0,49.78,100.0,Weekend,Sunday,Light_Load
2.74,5.83,0.0,42.53,100.0,Weekday,Friday,Light_Load
3.13,3.96,0.0,62.01,100.0,Weekend,Sunday,Light_Load
89.1,29.52,0.0,94.93,100.0,Weekday,Thursday,Maximum_Load
63.58,37.94,0.0,85.87,100.0,Weekend,Saturday,Light_Load
6.05,5.18,0.0,75.96,100.0,Weekend,Saturday,Light_Load
53.24,24.08,0.0,91.11,100.0,Weekday,Tuesday,Medium_Load
66.71,21.53,0.0,95.17,100.0,Weekday,Monday,Maximum_Load
2.81,6.01,0.0,42.35,100.0,Weekday,Thursday,Light_Load
85.03,38.48,0.0,91.11,100.0,Weekday,Tuesday,Medium_Load
39.82,3.92,0.58,99.52,99.99,Weekday,Thursday,Medium_Load
3.49,0.0,17.82,100.0,19.22,Weekend,Saturday,Medium_Load
130.86,56.52,0.0,91.8,100.0,Weekday,Thursday,Maximum_Load
43.92,15.73,0.04,94.14,100.0,Weekday,Wednesday,Medium_Load
23.62,15.23,0.0,84.04,100.0,Weekday,Wednesday,Light_Load
3.46,4.14,0.0,64.13,100.0,Weekend,Sunday,Light_Load
3.74,0.0,12.78,100.0,28.09,Weekday,Wednesday,Medium_Load
66.02,40.1,0.0,85.47,100.0,Weekday,Friday,Maximum_Load
74.59,26.89,0.0,94.07,100.0,Weekday,Wednesday,Maximum_Load
3.13,5.54,0.0,49.19,100.0,Weekday,Thursday,Light_Load
2.56,3.38,0.0,60.38,100.0,Weekend,Sunday,Light_Load
3.31,5.9,0.0,48.93,100.0,Weekend,Sunday,Light_Load
11.81,0.65,16.02,99.85,59.34,Weekend,Sunday,Maximum_Load
3.85,3.06,0.18,78.28,99.89,Weekday,Wednesday,Light_Load
4.57,0.0,26.5,100.0,16.99,Weekend,Saturday,Light_Load
3.2,5.11,0.0,53.07,100.0,Weekday,Thursday,Light_Load
3.38,0.0,5.22,100.0,54.35,Weekday,Wednesday,Light_Load
4.97,0.0,26.17,100.0,18.66,Weekend,Sunday,Light_Load
3.35,0.0,14.08,100.0,23.15,Weekend,Sunday,Light_Load
4.1,4.75,0.0,65.34,100.0,Weekday,Thursday,Light_Load
3.96,4.75,0.0,64.03,100.0,Weekday,Friday,Light_Load
120.53,50.62,0.0,92.2,100.0,Weekday,Friday,Maximum_Load
3.74,3.17,0.11,76.28,99.96,Weekend,Sunday,Light_Load
5.08,0.0,11.41,100.0,40.67,Weekday,Friday,Maximum_Load
4.79,6.26,0.0,60.77,100.0,Weekday,Monday,Maximum_Load
2.92,0.0,17.46,100.0,16.49,Weekend,Saturday,Medium_Load
60.34,34.63,0.0,86.73,100.0,Weekday,Tuesday,Medium_Load
3.42,2.74,0.0,78.04,100.0,Weekend,Saturday,Light_Load
52.99,18.25,0.11,94.55,100.0,Weekday,Monday,Maximum_Load
39.92,12.56,0.0,95.39,100.0,Weekend,Saturday,Light_Load
4.68,5.72,0.0,63.32,100.0,Weekday,Tuesday,Light_Load
3.06,4.0,0.0,60.76,100.0,Weekday,Monday,Light_Load
41.83,29.45,0.0,81.77,100.0,Weekday,Tuesday,Light_Load
2.66,4.72,0.0,49.1,100.0,Weekend,Sunday,Light_Load
102.89,37.12,0.0,94.07,100.0,Weekday,Friday,Maximum_Load
33.84,0.72,4.43,99.98,99.15,Weekday,Tuesday,Medium_Load
2.95,4.25,0.0,57.02,100.0,Weekday,Wednesday,Light_Load
3.06,2.09,0.14,82.58,99.9,Weekend,Sunday,Light_Load
3.02,5.18,0.0,50.37,100.0,Weekday,Tuesday,Light_Load
3.49,0.0,17.53,100.0,19.53,Weekend,Sunday,Light_Load
3.02,3.13,0.0,69.43,100.0,Weekday,Wednesday,Light_Load
56.45,32.69,0.0,86.54,100.0,Weekday,Thursday,Maximum_Load
84.28,12.74,0.0,98.88,100.0,Weekend,Saturday,Maximum_Load
2.84,4.9,0.0,50.15,100.0,Weekend,Saturday,Light_Load
51.05,42.52,0.0,76.84,100.0,Weekday,Wednesday,Light_Load
4.36,4.36,0.0,70.71,100.0,Weekday,Monday,Light_Load
103.57,41.51,0.0,92.82,100.0,Weekday,Wednesday,Medium_Load
2.92,4.9,0.0,51.19,100.0,Weekday,Monday,Light_Load
30.96,0.4,1.26,99.99,99.92,Weekend,Saturday,Medium_Load
74.48,36.65,0.0,89.73,100.0,Weekday,Tuesday,Maximum_Load
80.71,38.77,0.0,90.14,100.0,Weekday,Friday,Light_Load
92.74,28.04,0.0,95.72,100.0,Weekday,Thursday,Maximum_Load
3.96,3.67,0.0,73.35,100.0,Weekday,Thursday,Light_Load
28.19,0.5,1.62,99.98,99.84,Weekend,Sunday,Maximum_Load
4.72,5.58,0.0,64.58,100.0,Weekday,Friday,Light_Load
2.88,3.82,0.0,60.2,100.0,Weekend,Sunday,Light_Load
37.26,20.2,0.61,87.91,99.99,Weekday,Tuesday,Medium_Load
105.48,45.58,0.0,91.8,100.0,Weekday,Wednesday,Medium_Load
99.25,23.11,0.0,97.39,100.0,Weekday,Monday,Medium_Load
2.59,4.0,0.0,54.35,100.0,Weekday,Tuesday,Light_Load
3.46,0.0,17.5,100.0,19.4,Weekend,Saturday,Light_Load
103.18,63.5,0.0,85.16,100.0,Weekday,Wednesday,Maximum_Load
111.2,53.71,0.0,90.05,100.0,Weekday,Monday,Maximum_Load
3.78,5.26,0.0,58.36,100.0,Weekday,Wednesday,Light_Load
55.44,58.46,0.0,68.81,100.0,Weekday,Monday,Light_Load
7.38,0.0,20.3,100.0,34.17,Weekday,Tuesday,Maximum_Load
3.13,0.0,16.88,100.0,18.23,Weekend,Sunday,Light_Load
2.74,5.36,0.0,45.52,100.0,Weekday,Monday,Light_Load
2.95,5.44,0.0,47.67,100.0,Weekday,Tuesday,Light_Load
3.6,3.13,0.0,75.47,100.0,Weekday,Thursday,Medium_Load
3.17,0.0,17.93,100.0,17.41,Weekday,Tuesday,Light_Load
4.54,0.0,17.89,100.0,24.6,Weekend,Saturday,Medium_Load
3.17,0.0,16.24,100.0,19.16,Weekend,Sunday,Light_Load
4.21,4.82,0.0,65.78,100.0,Weekend,Sunday,Light_Load
3.17,5.18,0.0,52.2,100.0,Weekday,Thursday,Light_Load
66.74,33.23,0.0,89.52,100.0,Weekday,Thursday,Medium_Load
9.43,0.0,5.9,100.0,84.77,Weekend,Saturday,Maximum_Load
3.49,0.0,16.63,100.0,20.54,Weekend,Sunday,Light_Load
5.94,5.65,0.0,72.46,100.0,Weekday,Wednesday,Light_Load
95.22,45.47,0.0,90.24,100.0,Weekday,Thursday,Light_Load
4.28,2.27,12.78,88.34,31.76,Weekday,Wednesday,Medium_Load
41.22,21.49,0.47,88.67,99.99,Weekend,Saturday,Maximum_Load
109.66,39.56,0.0,94.07,100.0,Weekday,Tuesday,Maximum_Load
47.63,41.15,0.0,75.67,100.0,Weekday,Friday,Light_Load
46.73,37.8,0.0,77.75,100.0,Weekday,Thursday,Maximum_Load
2.7,5.04,0.0,47.22,100.0,Weekend,Saturday,Light_Load
76.07,32.4,0.0,92.0,100.0,Weekday,Wednesday,Medium_Load
4.07,0.0,25.92,100.0,15.51,Weekday,Thursday,Medium_Load
56.48,27.29,0.0,90.04,100.0,Weekday,Wednesday,Maximum_Load
7.99,0.0,22.54,100.0,33.41,Weekday,Thursday,Medium_Load
100.15,38.02,0.0,93.49,100.0,Weekday,Friday,Maximum_Load
3.17,0.0,17.1,100.0,18.23,Weekend,Sunday,Light_Load
3.89,0.0,26.39,100.0,14.58,Weekend,Sunday,Medium_Load
2.95,4.0,0.0,59.35,100.0,Weekend,Saturday,Light_Load
39.56,29.2,0.0,80.46,100.0,Weekday,Tuesday,Light_Load
2.92,4.03,0.0,58.67,100.0,Weekend,Saturday,Light_Load
3.31,4.68,0.0,57.74,100.0,Weekday,Friday,Light_Load
27.32,9.07,5.47,94.91,98.05,Weekday,Monday,Medium_Load
117.47,69.37,0.0,86.11,100.0,Weekday,Tuesday,Medium_Load
3.6,3.1,0.0,75.78,100.0,Weekend,Saturday,Light_Load
32.4,0.04,9.83,100.0,95.69,Weekend,Saturday,Maximum_Load
4.86,3.28,0.07,82.89,99.99,Weekday,Friday,Light_Load
103.21,38.52,0.0,93.69,100.0,Weekday,Friday,Medium_Load
3.49,4.39,0.0,62.23,100.0,Weekday,Friday,Light_Load
4.18,3.13,0.0,80.05,100.0,Weekday,Tuesday,Light_Load
78.41,31.93,0.0,92.62,100.0,Weekday,Tuesday,Medium_Load
47.81,18.94,0.0,92.97,100.0,Weekend,Saturday,Medium_Load
3.28,2.34,0.07,81.41,99.98,Weekday,Friday,Light_Load
3.46,2.92,0.04,76.42,99.99,Weekend,Sunday,Light_Load
49.75,24.55,0.0,89.68,100.0,Weekday,Thursday,Maximum_Load
121.25,55.58,0.0,90.9,100.0,Weekday,Tuesday,Medium_Load
54.61,36.25,0.0,83.32,100.0,Weekday,Tuesday,Maximum_Load
83.63,44.5,0.0,88.28,100.0,Weekday,Friday,Medium_Load
95.65,47.84,0.0,89.44,100.0,Weekday,Wednesday,Medium_Load
68.29,43.02,0.0,84.61,100.0,Weekday,Thursday,Maximum_Load
4.28,1.98,14.9,90.76,27.61,Weekday,Tuesday,Medium_Load
3.2,0.0,16.7,100.0,18.82,Weekday,Tuesday,Light_Load
2.81,4.39,0.0,53.91,100.0,Weekend,Sunday,Light_Load
3.82,0.0,26.32,100.0,14.36,Weekday,Tuesday,Medium_Load
41.29,0.72,1.94,99.98,99.89,Weekend,Saturday,Medium_Load
3.1,2.95,0.0,72.44,100.0,Weekend,Sunday,Light_Load
3.78,0.0,16.09,100.0,22.87,Weekday,Thursday,Medium_Load
19.08,8.03,18.65,92.17,71.51,Weekday,Tuesday,Medium_Load
40.39,2.81,0.58,99.76,99.99,Weekday,Thursday,Medium_Load
2.84,5.0,0.0,49.39,100.0,Weekday,Friday,Light_Load
2.99,3.67,0.0,63.16,100.0,Weekday,Tuesday,Light_Load
25.67,0.25,3.06,100.0,99.3,Weekday,Monday,Medium_Load
2.74,4.5,0.0,52.01,100.0,Weekday,Tuesday,Light_Load
2.92,6.01,0.0,43.7,100.0,Weekday,Tuesday,Light_Load
3.92,1.26,14.83,95.2,25.56,Weekday,Wednesday,Medium_Load
3.2,3.02,0.0,72.73,100.0,Weekend,Sunday,Light_Load
3.56,0.0,18.22,100.0,19.18,Weekend,Saturday,Medium_Load
3.1,0.0,5.44,100.0,49.51,Weekday,Tuesday,Light_Load
6.41,0.0,25.06,100.0,24.78,Weekday,Tuesday,Medium_Load
5.44,0.0,20.7,100.0,25.42,Weekday,Wednesday,Maximum_Load
30.06,10.98,7.24,93.93,97.22,Weekday,Friday,Maximum_Load
4.5,0.0,21.31,100.0,20.66,Weekend,Sunday,Medium_Load
3.28,0.0,13.43,100.0,23.73,Weekday,Wednesday,Medium_Load
118.69,59.08,0.0,89.52,100.0,Weekday,Tuesday,Maximum_Load
3.2,0.0,16.92,100.0,18.58,Weekend,Sunday,Light_Load
3.28,4.68,0.0,57.39,100.0,Weekday,Thursday,Light_Load
4.21,3.13,0.07,80.25,99.99,Weekday,Thursday,Light_Load
103.36,34.7,0.0,94.8,100.0,Weekday,Tuesday,Medium_Load
55.94,39.1,0.0,81.96,100.0,Weekday,Wednesday,Medium_Load
26.28,0.04,7.67,100.0,96.0,Weekend,Saturday,Medium_Load
87.52,44.17,0.0,89.27,100.0,Weekday,Monday,Maximum_Load
65.48,14.98,0.0,97.48,100.0,Weekday,Tuesday,Maximum_Load
2.92,5.62,0.0,46.11,100.0,Weekend,Sunday,Light_Load
39.28,0.86,2.27,99.98,99.83,Weekday,Thursday,Medium_Load
84.56,41.18,0.0,89.91,100.0,Weekday,Wednesday,Medium_Load
79.38,20.41,1.84,96.85,99.97,Weekday,Monday,Medium_Load
3.24,0.0,5.0,100.0,54.38,Weekday,Wednesday,Light_Load
5.8,5.18,0.0,74.58,100.0,Weekday,Wednesday,Light_Load
65.99,33.84,0.0,88.98,100.0,Weekday,Wednesday,Maximum_Load
90.68,14.8,0.0,98.69,100.0,Weekday,Tuesday,Maximum_Load
3.6,4.43,0.0,63.07,100.0,Weekday,Tuesday,Light_Load
61.45,24.52,0.0,92.88,100.0,Weekday,Monday,Medium_Load
76.03,9.29,0.76,99.26,100.0,Weekend,Saturday,Medium_Load
69.05,37.3,0.0,87.98,100.0,Weekday,Tuesday,Maximum_Load
57.24,14.94,0.0,96.76,100.0,Weekend,Saturday,Medium_Load
3.53,5.62,0.0,53.19,100.0,Weekday,Monday,Light_Load
3.64,3.74,0.0,69.75,100.0,Weekday,Tuesday,Light_Load
2.7,0.0,11.81,100.0,22.29,Weekend,Sunday,Light_Load
4.46,6.88,0.0,54.4,100.0,Weekday,Thursday,Light_Load
3.42,0.0,14.04,100.0,23.67,Weekend,Saturday,Light_Load
2.7,4.93,0.0,48.03,100.0,Weekend,Saturday,Light_Load
61.78,44.17,0.0,81.35,100.0,Weekday,Tuesday,Medium_Load
3.31,3.71,0.0,66.57,100.0,Weekday,Monday,Light_Load
3.56,5.08,0.0,57.39,100.0,Weekday,Thursday,Light_Load
130.54,77.8,0.0,85.9,100.0,Weekday,Monday,Light_Load
68.54,42.48,0.0,85.0,100.0,Weekday,Thursday,Maximum_Load
3.67,5.83,0.0,53.27,100.0,Weekday,Friday,Medium_Load
49.39,24.19,0.0,89.81,100.0,Weekday,Thursday,Maximum_Load
35.32,10.37,3.28,95.95,99.57,Weekday,Tuesday,Maximum_Load
2.88,0.0,11.56,100.0,24.17,Weekend,Sunday,Medium_Load
3.1,6.01,0.0,45.84,100.0,Weekday,Thursday,Light_Load
2.56,4.5,0.0,49.45,100.0,Weekend,Saturday,Light_Load
3.64,0.0,14.9,100.0,23.73,Weekend,Sunday,Light_Load
5.15,5.08,0.0,71.19,100.0,Weekday,Wednesday,Light_Load
4.9,0.0,16.88,100.0,27.88,Weekday,Wednesday,Medium_Load
2.63,5.04,0.0,46.26,100.0,Weekday,Monday,Light_Load
35.32,15.26,0.0,91.8,100.0,Weekday,Friday,Medium_Load
107.93,40.75,0.0,93.55,100.0,Weekday,Friday,Medium_Load
4.5,0.0,24.37,100.0,18.16,Weekday,Wednesday,Medium_Load
3.56,0.0,14.11,100.0,24.46,Weekend,Sunday,Light_Load
7.16,0.0,15.98,100.0,40.89,Weekend,Sunday,Medium_Load
31.03,0.5,9.11,99.99,95.95,Weekday,Friday,Maximum_Load
3.89,3.53,0.0,74.05,100.0,Weekday,Monday,Light_Load
5.76,4.86,0.0,76.43,100.0,Weekday,Monday,Maximum_Load
3.71,5.29,0.0,57.42,100.0,Weekend,Saturday,Light_Load
3.1,3.46,0.0,66.73,100.0,Weekend,Sunday,Light_Load
5.11,0.0,25.67,100.0,19.52,Weekend,Sunday,Light_Load
5.44,0.0,21.6,100.0,24.42,Weekday,Friday,Medium_Load
3.67,0.0,17.57,100.0,20.45,Weekend,Saturday,Medium_Load
4.03,0.0,21.17,100.0,18.7,Weekend,Sunday,Light_Load
3.2,5.11,0.0,53.07,100.0,Weekday,Friday,Light_Load
2.95,6.73,0.0,40.15,100.0,Weekend,Saturday,Light_Load
3.42,6.95,0.0,44.15,100.0,Weekend,Sunday,Light_Load
2.92,5.65,0.0,45.91,100.0,Weekend,Saturday,Light_Load
46.98,23.4,0.0,89.51,100.0,Weekday,Friday,Maximum_Load
60.01,33.62,0.0,87.24,100.0,Weekday,Wednesday,Medium_Load
85.82,12.28,0.0,98.99,100.0,Weekday,Thursday,Medium_Load
2.95,4.93,0.0,51.35,100.0,Weekday,Monday,Light_Load
2.74,4.61,0.0,51.09,100.0,Weekend,Sunday,Light_Load
80.24,37.84,0.0,90.45,100.0,Weekday,Thursday,Medium_Load
38.84,0.47,3.49,99.99,99.6,Weekend,Saturday,Maximum_Load
11.23,0.0,21.38,100.0,46.5,Weekday,Thursday,Medium_Load
3.53,0.0,25.2,100.0,13.87,Weekend,Saturday,Light_Load
3.71,3.71,0.0,70.71,100.0,Weekday,Thursday,Light_Load
58.03,29.45,0.0,89.17,100.0,Weekday,Monday,Maximum_Load
4.1,0.0,9.97,100.0,38.03,Weekend,Sunday,Medium_Load
3.64,0.0,18.5,100.0,19.31,Weekend,Sunday,Medium_Load
85.36,52.88,0.0,85.01,100.0,Weekday,Friday,Maximum_Load
3.02,0.0,16.96,100.0,17.53,Weekend,Sunday,Light_Load
3.74,3.53,0.0,72.72,100.0,Weekday,Friday,Light_Load
5.76,5.33,0.0,73.4,100.0,Weekday,Tuesday,Light_Load
3.1,0.0,4.36,100.0,57.95,Weekday,Monday,Light_Load
4.25,5.29,0.0,62.63,100.0,Weekend,Sunday,Light_Load
3.67,4.75,0.0,61.14,100.0,Weekday,Thursday,Light_Load
2.81,5.0,0.0,48.99,100.0,Weekend,Sunday,Light_Load
50.54,13.21,0.0,96.75,100.0,Weekday,Wednesday,Maximum_Load
86.15,31.28,0.0,94.0,100.0,Weekday,Thursday,Medium_Load
3.17,0.0,16.56,100.0,18.8,Weekend,Sunday,Light_Load
3.06,4.75,0.0,54.16,100.0,Weekday,Wednesday,Light_Load
3.02,5.62,0.0,47.34,100.0,Weekday,Friday,Light_Load
3.35,4.43,0.0,60.32,100.0,Weekend,Sunday,Light_Load
4.57,4.54,0.0,70.94,100.0,Weekday,Wednesday,Light_Load
3.28,5.83,0.0,49.03,100.0,Weekend,Sunday,Light_Load
104.0,46.84,0.0,91.18,100.0,Weekday,Wednesday,Maximum_Load
63.58,17.1,0.0,96.57,100.0,Weekday,Tuesday,Maximum_Load
3.35,0.0,17.39,100.0,18.92,Weekday,Thursday,Light_Load
4.79,5.22,0.0,67.61,100.0,Weekday,Monday,Light_Load
57.28,21.28,0.0,93.74,100.0,Weekday,Thursday,Maximum_Load
4.61,4.07,0.0,74.96,100.0,Weekend,Saturday,Light_Load
3.82,1.48,13.36,93.25,27.49,Weekend,Sunday,Light_Load
28.62,2.92,7.13,99.48,97.03,Weekday,Thursday,Maximum_Load
3.92,5.76,0.0,56.26,100.0,Weekday,Wednesday,Light_Load
2.84,5.26,0.0,47.51,100.0,Weekend,Sunday,Light_Load
2.81,5.26,0.0,47.12,100.0,Weekday,Monday,Light_Load
4.07,2.84,0.29,82.01,99.75,Weekday,Wednesday,Light_Load
51.19,28.01,0.0,87.73,100.0,Weekday,Tuesday,Medium_Load
3.92,3.64,0.0,73.28,100.0,Weekday,Tuesday,Light_Load
69.62,53.39,0.0,79.35,100.0,Weekday,Monday,Maximum_Load
66.02,65.66,0.0,70.9,100.0,Weekday,Thursday,Light_Load
32.72,1.94,1.58,99.82,99.88,Weekend,Sunday,Maximum_Load
6.16,0.0,27.11,100.0,22.16,Weekday,Monday,Medium_Load
45.32,27.14,0.0,85.79,100.0,Weekday,Thursday,Maximum_Load
107.5,45.54,0.0,92.08,100.0,Weekday,Tuesday,Maximum_Load
114.01,41.15,0.0,94.06,100.0,Weekday,Wednesday,Maximum_Load
3.38,0.0,7.24,100.0,42.3,Weekend,Sunday,Light_Load
3.82,0.0,13.43,100.0,27.36,Weekday,Wednesday,Medium_Load
2.56,4.9,0.0,46.31,100.0,Weekday,Tuesday,Light_Load
2.66,4.97,0.0,47.19,100.0,Weekday,Monday,Light_Load
91.58,48.85,0.0,88.23,100.0,Weekday,Tuesday,Light_Load
3.02,0.0,16.42,100.0,18.09,Weekend,Sunday,Medium_Load
2.92,4.86,0.0,51.5,100.0,Weekday,Monday,Light_Load
53.6,24.7,0.0,90.82,100.0,Weekday,Thursday,Maximum_Load
5.26,0.0,25.78,100.0,19.99,Weekday,Thursday,Medium_Load
32.72,23.94,0.0,80.7,100.0,Weekday,Wednesday,Maximum_Load
2.99,5.87,0.0,45.39,100.0,Weekday,Friday,Light_Load
48.78,21.35,1.58,91.61,99.95,Weekday,Wednesday,Medium_Load
4.25,0.0,21.06,100.0,19.78,Weekend,Saturday,Light_Load
51.91,19.51,0.0,93.61,100.0,Weekday,Tuesday,Medium_Load
2.99,0.0,16.31,100.0,18.03,Weekend,Sunday,Light_Load
47.2,9.14,0.04,98.18,100.0,Weekday,Monday,Medium_Load
2.95,4.21,0.0,57.39,100.0,Weekday,Wednesday,Light_Load
3.56,0.0,16.85,100.0,20.67,Weekend,Sunday,Light_Load
82.26,42.48,0.0,88.85,100.0,Weekday,Monday,Medium_Load
2.63,4.28,0.0,52.35,100.0,Weekday,Thursday,Light_Load
54.83,33.05,0.0,85.64,100.0,Weekday,Tuesday,Maximum_Load
2.88,5.04,0.0,49.61,100.0,Weekend,Saturday,Light_Load
17.71,7.74,12.31,91.63,82.11,Weekday,Thursday,Medium_Load
89.21,41.47,0.0,90.68,100.0,Weekday,Friday,Light_Load
2.92,5.18,0.0,49.11,100.0,Weekday,Thursday,Light_Load
2.99,2.92,0.0,71.54,100.0,Weekend,Saturday,Light_Load
2.81,4.14,0.0,56.16,100.0,Weekday,Monday,Light_Load
3.1,6.91,0.0,40.93,100.0,Weekday,Thursday,Light_Load
41.11,19.69,0.0,90.19,100.0,Weekday,Thursday,Medium_Load
3.82,2.66,0.32,82.06,99.65,Weekday,Friday,Light_Load
54.58,12.06,0.29,97.64,100.0,Weekday,Thursday,Maximum_Load
111.64,51.41,0.0,90.83,100.0,Weekday,Monday,Maximum_Load
3.13,4.18,0.0,59.94,100.0,Weekend,Saturday,Light_Load
3.28,2.38,0.11,80.94,99.94,Weekday,Thursday,Light_Load
48.71,28.15,0.0,86.58,100.0,Weekday,Tuesday,Medium_Load
34.6,1.62,0.61,99.89,99.98,Weekday,Tuesday,Medium_Load
3.42,2.84,0.0,76.93,100.0,Weekend,Saturday,Light_Load
61.96,20.3,0.0,95.03,100.0,Weekday,Friday,Maximum_Load
8.82,2.23,18.72,96.95,42.62,Weekday,Wednesday,Medium_Load
51.98,19.62,0.0,93.56,100.0,Weekday,Monday,Maximum_Load
44.71,19.8,0.0,91.44,100.0,Weekend,Saturday,Medium_Load
4.07,3.24,0.18,78.24,99.9,Weekend,Saturday,Light_Load
55.98,36.9,0.0,83.49,100.0,Weekday,Monday,Maximum_Load
3.85,0.0,24.98,100.0,15.23,Weekend,Saturday,Medium_Load
35.96,2.52,1.37,99.76,99.93,Weekday,Tuesday,Maximum_Load
103.25,49.64,0.0,90.13,100.0,Weekday,Monday,Maximum_Load
57.31,25.78,0.0,91.2,100.0,Weekday,Tuesday,Medium_Load
37.8,0.22,4.07,100.0,99.43,Weekend,Saturday,Medium_Load
3.6,3.78,0.0,68.97,100.0,Weekday,Wednesday,Light_Load
106.67,45.18,0.0,92.08,100.0,Weekend,Saturday,Maximum_Load
27.83,0.0,6.66,100.0,97.25,Weekday,Tuesday,Maximum_Load
2.84,2.63,0.0,73.37,100.0,Weekend,Sunday,Light_Load
3.28,2.77,0.0,76.4,100.0,Weekday,Friday,Light_Load
3.1,4.1,0.0,60.31,100.0,Weekend,Saturday,Light_Load
3.02,5.47,0.0,48.33,100.0,Weekday,Friday,Light_Load
3.67,4.64,0.0,62.04,100.0,Weekday,Monday,Light_Load
4.07,0.0,21.06,100.0,18.97,Weekday,Wednesday,Medium_Load
65.84,49.39,0.0,79.99,100.0,Weekday,Friday,Maximum_Load
41.51,31.46,0.0,79.7,100.0,Weekday,Friday,Light_Load
3.64,0.0,10.33,100.0,33.23,Weekend,Sunday,Medium_Load
42.01,23.47,0.0,87.3,100.0,Weekday,Tuesday,Medium_Load
2.81,4.39,0.0,53.91,100.0,Weekend,Sunday,Medium_Load
2.7,4.39,0.0,52.39,100.0,Weekday,Wednesday,Medium_Load
3.92,5.26,0.0,59.76,100.0,Weekday,Thursday,Light_Load
2.59,4.68,0.0,48.42,100.0,Weekday,Monday,Light_Load
114.23,56.05,0.0,89.78,100.0,Weekday,Wednesday,Maximum_Load
2.95,0.0,13.61,100.0,21.18,Weekend,Sunday,Light_Load
3.46,3.78,0.0,67.52,100.0,Weekday,Tuesday,Light_Load
3.2,0.0,15.05,100.0,20.8,Weekend,Sunday,Light_Load
3.02,2.12,0.11,81.85,99.93,Weekday,Monday,Light_Load
4.03,1.76,14.87,91.64,26.16,Weekday,Tuesday,Medium_Load
4.14,4.79,0.0,65.39,100.0,Weekday,Friday,Light_Load
5.26,0.0,20.77,100.0,24.55,Weekday,Monday,Medium_Load
109.12,39.1,0.0,94.14,100.0,Weekday,Wednesday,Medium_Load
58.82,31.46,0.0,88.18,100.0,Weekday,Tuesday,Medium_Load
48.17,24.41,0.0,89.2,100.0,Weekday,Friday,Maximum_Load
4.28,4.46,0.0,69.24,100.0,Weekday,Friday,Light_Load
2.59,3.46,0.0,59.93,100.0,Weekend,Sunday,Light_Load
40.07,15.01,6.26,93.65,98.8,Weekday,Friday,Maximum_Load
3.92,5.15,0.0,60.57,100.0,Weekday,Tuesday,Medium_Load
111.53,44.28,0.0,92.94,100.0,Weekday,Wednesday,Maximum_Load
72.04,26.32,0.0,93.93,100.0,Weekday,Tuesday,Medium_Load
67.1,44.21,0.0,83.5,100.0,Weekday,Tuesday,Maximum_Load
3.2,6.34,0.0,45.06,100.0,Weekday,Monday,Light_Load
60.98,45.07,0.0,80.42,100.0,Weekday,Wednesday,Maximum_Load
82.62,27.54,0.0,94.87,100.0,Weekday,Wednesday,Medium_Load
51.52,16.63,0.0,95.17,100.0,Weekday,Monday,Medium_Load
3.2,5.47,0.0,50.49,100.0,Weekday,Thursday,Light_Load
2.59,4.18,0.0,52.67,100.0,Weekday,Tuesday,Light_Load
30.46,0.0,8.96,100.0,95.94,Weekday,Tuesday,Medium_Load
3.2,4.14,0.0,61.16,100.0,Weekday,Monday,Light_Load
2.84,5.87,0.0,43.55,100.0,Weekday,Friday,Light_Load
3.89,7.24,0.14,47.33,99.94,Weekday,Thursday,Maximum_Load
89.21,15.88,0.07,98.45,100.0,Weekend,Saturday,Medium_Load
4.03,0.0,16.88,100.0,23.22,Weekend,Saturday,Medium_Load
5.15,5.18,0.0,70.51,100.0,Weekday,Wednesday,Light_Load
40.68,7.27,0.4,98.44,100.0,Weekday,Wednesday,Medium_Load
5.11,0.0,21.2,100.0,23.43,Weekday,Monday,Medium_Load
2.59,4.57,0.0,49.31,100.0,Weekday,Tuesday,Light_Load
38.2,18.36,0.0,90.13,100.0,Weekday,Monday,Maximum_Load
46.26,22.14,0.0,90.2,100.0,Weekday,Wednesday,Medium_Load
55.22,41.72,0.0,79.79,100.0,Weekday,Thursday,Medium_Load
71.06,38.3,0.0,88.03,100.0,Weekday,Thursday,Maximum_Load
65.34,18.36,0.0,96.27,100.0,Weekday,Tuesday,Maximum_Load
80.96,49.14,0.0,85.49,100.0,Weekday,Wednesday,Maximum_Load
3.64,0.0,19.58,100.0,18.28,Weekend,Sunday,Light_Load
3.06,5.72,0.0,47.17,100.0,Weekday,Thursday,Light_Load
95.22,46.3,0.0,89.93,100.0,Weekday,Tuesday,Light_Load
50.94,28.58,0.0,87.21,100.0,Weekday,Thursday,Maximum_Load
3.89,0.0,25.99,100.0,14.8,Weekday,Thursday,Medium_Load
93.85,34.45,0.0,93.88,100.0,Weekday,Thursday,Medium_Load
62.78,28.94,0.0,90.82,100.0,Weekday,Wednesday,Maximum_Load
4.75,0.0,10.91,100.0,39.92,Weekend,Sunday,Light_Load
62.06,31.79,0.0,89.0,100.0,Weekday,Monday,Light_Load
2.7,4.9,0.0,48.26,100.0,Weekend,Sunday,Light_Load
72.0,34.88,0.0,90.0,100.0,Weekday,Tuesday,Medium_Load
10.91,0.0,17.93,100.0,51.98,Weekday,Thursday,Medium_Load
2.66,0.0,7.85,100.0,32.09,Weekend,Saturday,Light_Load
5.9,5.98,0.0,70.23,100.0,Weekday,Friday,Light_Load
3.64,0.0,5.69,100.0,53.89,Weekend,Sunday,Light_Load
3.24,5.98,0.0,47.64,100.0,Weekday,Tuesday,Light_Load
3.71,0.0,23.54,100.0,15.57,Weekday,Thursday,Medium_Load
37.01,0.68,4.54,99.98,99.26,Weekday,Wednesday,Medium_Load
2.45,4.93,0.0,44.5,100.0,Weekday,Thursday,Light_Load
41.69,17.53,0.0,92.18,100.0,Weekday,Tuesday,Maximum_Load
3.2,4.79,0.0,55.55,100.0,Weekday,Tuesday,Light_Load
3.38,0.0,17.82,100.0,18.64,Weekend,Saturday,Light_Load
2.77,5.54,0.0,44.72,100.0,Weekend,Sunday,Light_Load
112.36,66.74,0.0,85.98,100.0,Weekend,Sunday,Light_Load
29.92,10.98,0.0,93.88,100.0,Weekend,Sunday,Maximum_Load
30.74,0.0,9.61,100.0,95.44,Weekday,Friday,Medium_Load
2.95,5.29,0.0,48.7,100.0,Weekday,Tuesday,Light_Load
4.14,0.0,25.74,100.0,15.88,Weekend,Saturday,Medium_Load
98.35,48.06,0.0,89.85,100.0,Weekday,Tuesday,Light_Load
3.42,2.92,0.0,76.05,100.0,Weekday,Thursday,Light_Load
38.63,16.74,0.0,91.76,100.0,Weekday,Friday,Medium_Load
2.92,0.0,16.6,100.0,17.32,Weekday,Thursday,Light_Load
78.77,43.78,0.0,87.41,100.0,Weekday,Monday,Medium_Load
60.19,24.95,0.0,92.38,100.0,Weekday,Wednesday,Maximum_Load
2.7,4.46,0.0,51.79,100.0,Weekday,Wednesday,Light_Load
3.1,5.22,0.0,51.06,100.0,Weekday,Tuesday,Medium_Load
3.2,0.0,13.93,100.0,22.39,Weekend,Saturday,Light_Load
2.7,0.0,11.59,100.0,22.69,Weekend,Sunday,Light_Load
43.85,3.1,0.47,99.75,99.99,Weekday,Monday,Medium_Load
4.07,6.8,0.0,51.36,100.0,Weekend,Sunday,Light_Load
108.29,50.51,0.0,90.63,100.0,Weekday,Friday,Maximum_Load
3.31,5.44,0.0,51.98,100.0,Weekend,Sunday,Light_Load
3.31,0.0,18.79,100.0,17.35,Weekday,Friday,Medium_Load
2.92,5.72,0.0,45.47,100.0,Weekend,Saturday,Light_Load
36.4,8.24,0.0,97.53,100.0,Weekend,Sunday,Light_Load
103.43,39.67,0.0,93.37,100.0,Weekday,Monday,Maximum_Load
3.1,0.0,16.6,100.0,18.36,Weekday,Wednesday,Medium_Load
60.7,35.14,0.0,86.54,100.0,Weekday,Wednesday,Maximum_Load
4.61,5.54,0.0,63.96,100.0,Weekday,Tuesday,Light_Load
3.71,4.86,0.0,60.68,100.0,Weekday,Friday,Light_Load
34.6,9.65,0.0,96.32,100.0,Weekend,Saturday,Maximum_Load
47.41,24.26,0.0,89.02,100.0,Weekday,Tuesday,Maximum_Load
66.53,47.63,0.0,81.31,100.0,Weekday,Friday,Maximum_Load
3.74,7.63,0.0,44.01,100.0,Weekend,Saturday,Light_Load
131.18,53.6,0.0,92.57,100.0,Weekday,Thursday,Light_Load
3.24,3.17,0.0,71.48,100.0,Weekday,Wednesday,Light_Load
2.88,3.74,0.0,61.01,100.0,Weekend,Saturday,Light_Load
58.54,32.18,0.0,87.63,100.0,Weekday,Monday,Maximum_Load
48.17,15.7,0.0,95.08,100.0,Weekday,Thursday,Maximum_Load
3.28,5.0,0.0,54.85,100.0,Weekday,Wednesday,Light_Load
4.86,0.0,24.48,100.0,19.47,Weekday,Thursday,Medium_Load
3.28,0.0,4.57,100.0,58.31,Weekend,Sunday,Light_Load
48.49,21.82,0.0,91.19,100.0,Weekday,Wednesday,Maximum_Load
108.83,39.24,0.0,94.07,100.0,Weekday,Thursday,Medium_Load
3.6,2.48,0.29,82.35,99.68,Weekday,Monday,Light_Load
58.75,55.84,0.0,72.48,100.0,Weekday,Wednesday,Light_Load
36.83,7.63,0.0,97.92,100.0,Weekend,Saturday,Medium_Load
4.21,0.0,17.14,100.0,23.85,Weekday,Friday,Medium_Load
2.92,5.47,0.0,47.09,100.0,Weekday,Monday,Light_Load
3.24,5.69,0.0,49.48,100.0,Weekday,Tuesday,Light_Load
4.14,0.0,16.16,100.0,24.82,Weekday,Tuesday,Medium_Load
39.42,20.02,0.0,89.16,100.0,Weekday,Thursday,Medium_Load
2.81,0.0,4.28,100.0,54.88,Weekend,Sunday,Light_Load
135.43,51.95,0.0,93.37,100.0,Weekday,Thursday,Medium_Load
2.88,0.0,11.48,100.0,24.33,Weekend,Saturday,Medium_Load
5.15,0.0,17.57,100.0,28.13,Weekday,Friday,Medium_Load
79.96,43.38,0.0,87.9,100.0,Weekday,Friday,Medium_Load
84.56,30.53,0.0,94.06,100.0,Weekday,Tuesday,Maximum_Load
2.81,4.21,0.0,55.52,100.0,Weekday,Tuesday,Light_Load
79.74,27.65,0.0,94.48,100.0,Weekday,Tuesday,Maximum_Load
3.42,5.04,0.0,56.15,100.0,Weekend,Sunday,Light_Load
57.53,20.09,0.0,94.41,100.0,Weekday,Tuesday,Maximum_Load
4.64,0.0,14.08,100.0,31.3,Weekday,Friday,Medium_Load
2.66,0.0,12.2,100.0,21.3,Weekday,Friday,Medium_Load
127.48,46.48,0.0,93.95,100.0,Weekday,Tuesday,Medium_Load
37.76,2.38,1.37,99.8,99.93,Weekday,Thursday,Medium_Load
51.16,35.53,0.0,82.14,100.0,Weekday,Thursday,Maximum_Load
2.92,5.26,0.0,48.54,100.0,Weekday,Thursday,Light_Load
110.66,60.37,0.0,87.79,100.0,Weekday,Thursday,Medium_Load
4.1,4.32,0.0,68.84,100.0,Weekday,Wednesday,Light_Load
2.92,4.46,0.0,54.78,100.0,Weekday,Monday,Light_Load
2.92,5.36,0.0,47.84,100.0,Weekday,Monday,Light_Load
3.17,0.0,16.34,100.0,19.05,Weekend,Sunday,Light_Load
48.13,29.52,0.0,85.24,100.0,Weekday,Monday,Maximum_Load
3.06,0.0,13.64,100.0,21.89,Weekend,Sunday,Medium_Load
34.81,0.0,8.68,100.0,97.03,Weekday,Monday,Maximum_Load
91.98,50.47,0.0,87.67,100.0,Weekday,Tuesday,Maximum_Load
4.03,0.0,20.38,100.0,19.4,Weekday,Monday,Light_Load
2.7,4.82,0.0,48.87,100.0,Weekend,Saturday,Light_Load
3.53,7.13,0.0,44.37,100.0,Weekday,Wednesday,Light_Load
2.92,5.36,0.0,47.84,100.0,Weekend,Saturday,Light_Load
24.44,0.0,14.29,100.0,86.33,Weekday,Tuesday,Medium_Load
3.28,0.0,17.39,100.0,18.53,Weekend,Sunday,Medium_Load
3.06,0.0,16.31,100.0,18.44,Weekend,Sunday,Light_Load
3.24,0.0,10.66,100.0,29.08,Weekend,Sunday,Light_Load
93.85,64.73,0.0,82.32,100.0,Weekday,Wednesday,Light_Load
76.64,25.63,0.0,94.84,100.0,Weekday,Monday,Medium_Load
50.98,21.35,0.0,92.24,100.0,Weekday,Monday,Medium_Load
3.46,4.25,0.0,63.13,100.0,Weekend,Sunday,Light_Load
6.37,5.08,0.0,78.18,100.0,Weekday,Friday,Light_Load
2.92,5.04,0.0,50.13,100.0,Weekend,Saturday,Light_Load
30.06,0.43,3.85,99.99,99.19,Weekday,Friday,Medium_Load
15.52,3.74,19.04,97.22,63.18,Weekday,Monday,Medium_Load
3.82,2.59,0.43,82.77,99.37,Weekday,Monday,Light_Load
4.14,4.21,0.0,70.12,100.0,Weekday,Friday,Maximum_Load
110.74,57.56,0.0,88.73,100.0,Weekday,Wednesday,Maximum_Load
51.05,14.44,0.0,96.22,100.0,Weekday,Friday,Maximum_Load
3.6,0.0,18.11,100.0,19.5,Weekend,Saturday,Medium_Load
4.57,5.69,0.0,62.62,100.0,Weekday,Tuesday,Light_Load
4.64,4.68,0.0,70.41,100.0,Weekday,Thursday,Light_Load
43.92,14.29,0.0,95.09,100.0,Weekend,Saturday,Maximum_Load
73.33,32.8,0.0,91.28,100.0,Weekday,Monday,Maximum_Load
37.58,1.98,5.08,99.86,99.1,Weekday,Monday,Medium_Load
4.1,2.81,0.29,82.49,99.75,Weekday,Wednesday,Light_Load
2.81,4.36,0.0,54.17,100.0,Weekday,Wednesday,Light_Load
50.58,30.42,0.0,85.7,100.0,Weekday,Wednesday,Maximum_Load
3.67,6.41,0.0,49.69,100.0,Weekday,Wednesday,Light_Load
3.38,6.48,0.0,46.25,100.0,Weekend,Sunday,Light_Load
43.78,4.03,0.18,99.58,100.0,Weekday,Friday,Medium_Load
78.84,41.18,0.0,88.64,100.0,Weekday,Tuesday,Medium_Load
3.28,0.0,17.06,100.0,18.88,Weekend,Sunday,Light_Load
41.26,28.15,0.0,82.61,100.0,Weekday,Tuesday,Light_Load
33.8,14.29,0.65,92.11,99.98,Weekday,Tuesday,Medium_Load
5.11,0.0,25.78,100.0,19.44,Weekend,Sunday,Light_Load
27.07,0.76,2.09,99.96,99.7,Weekday,Friday,Maximum_Load
4.54,8.06,0.0,49.08,100.0,Weekday,Friday,Light_Load
3.56,2.99,0.07,76.57,99.98,Weekend,Saturday,Light_Load
68.26,8.86,1.22,99.17,99.98,Weekday,Tuesday,Maximum_Load
4.14,3.78,0.0,73.85,100.0,Weekend,Sunday,Light_Load
28.33,0.0,13.07,100.0,90.8,Weekday,Thursday,Medium_Load
3.17,6.01,0.0,46.65,100.0,Weekend,Sunday,Light_Load
2.74,0.0,11.74,100.0,22.73,Weekend,Sunday,Light_Load
56.99,27.9,0.0,89.81,100.0,Weekday,Wednesday,Maximum_Load
3.85,1.37,15.34,94.21,24.34,Weekday,Monday,Medium_Load
64.91,21.82,0.0,94.79,100.0,Weekday,Thursday,Maximum_Load
41.04,10.94,0.14,96.63,100.0,Weekday,Thursday,Medium_Load
57.46,18.25,0.0,95.31,100.0,Weekday,Wednesday,Medium_Load
4.57,0.0,26.21,100.0,17.18,Weekday,Tuesday,Medium_Load
4.39,0.0,21.31,100.0,20.18,Weekday,Tuesday,Medium_Load
3.42,3.24,0.0,72.6,100.0,Weekday,Friday,Light_Load
96.34,43.2,0.0,91.25,100.0,Weekday,Friday,Maximum_Load
5.8,0.0,18.97,100.0,29.24,Weekend,Sunday,Medium_Load
2.84,5.83,0.0,43.79,100.0,Weekend,Sunday,Light_Load
2.77,4.75,0.0,50.38,100.0,Weekday,Monday,Light_Load
36.47,27.54,0.0,79.8,100.0,Weekday,Friday,Light_Load
3.71,3.85,0.0,69.39,100.0,Weekday,Thursday,Light_Load
30.02,4.1,0.9,99.08,99.96,Weekday,Wednesday,Maximum_Load
2.88,0.0,16.74,100.0,16.96,Weekday,Tuesday,Medium_Load
67.1,25.99,0.0,93.25,100.0,Weekday,Wednesday,Medium_Load
45.79,30.28,0.0,83.41,100.0,Weekday,Friday,Medium_Load
2.95,4.43,0.0,55.43,100.0,Weekday,Thursday,Light_Load
2.99,0.0,11.34,100.0,25.5,Weekend,Sunday,Light_Load
3.28,0.0,10.51,100.0,29.79,Weekend,Saturday,Light_Load
4.03,4.1,0.36,70.1,99.6,Weekday,Wednesday,Maximum_Load
94.21,52.67,0.0,87.29,100.0,Weekday,Tuesday,Maximum_Load
56.05,22.25,0.0,92.94,100.0,Weekday,Monday,Maximum_Load
3.67,3.6,0.0,71.39,100.0,Weekday,Wednesday,Light_Load
3.49,7.31,0.11,43.08,99.95,Weekday,Thursday,Medium_Load
32.4,0.07,6.52,100.0,98.03,Weekend,Sunday,Medium_Load
4.68,0.0,18.5,100.0,24.52,Weekend,Saturday,Light_Load
2.7,0.0,11.77,100.0,22.36,Weekend,Sunday,Light_Load
3.46,0.0,17.46,100.0,19.44,Weekend,Sunday,Medium_Load
3.53,3.74,0.0,68.64,100.0,Weekday,Monday,Light_Load
55.58,35.1,0.0,84.55,100.0,Weekday,Thursday,Maximum_Load
89.42,41.83,0.0,90.58,100.0,Weekday,Tuesday,Maximum_Load
25.99,20.48,0.0,78.54,100.0,Weekend,Sunday,Light_Load
2.63,5.15,0.0,45.48,100.0,Weekday,Monday,Light_Load
67.5,37.58,0.0,87.37,100.0,Weekday,Monday,Medium_Load
2.63,4.75,0.0,48.44,100.0,Weekday,Monday,Light_Load
3.71,7.27,0.0,45.45,100.0,Weekday,Wednesday,Light_Load
101.12,37.91,0.0,93.64,100.0,Weekday,Friday,Maximum_Load
43.52,2.27,0.04,99.86,100.0,Weekday,Monday,Medium_Load
85.97,30.85,0.0,94.12,100.0,Weekday,Thursday,Medium_Load
4.28,0.0,17.28,100.0,24.04,Weekday,Friday,Medium_Load
3.64,7.16,0.0,45.32,100.0,Weekend,Saturday,Light_Load
2.81,0.0,13.72,100.0,20.06,Weekday,Monday,Medium_Load
4.14,0.0,20.52,100.0,19.78,Weekday,Monday,Medium_Load
72.47,28.4,0.0,93.11,100.0,Weekday,Tuesday,Medium_Load
2.81,3.67,0.0,60.79,100.0,Weekday,Wednesday,Light_Load
37.48,39.49,0.0,68.84,100.0,Weekend,Saturday,Light_Load
2.92,5.8,0.0,44.97,100.0,Weekday,Tuesday,Light_Load
62.5,32.47,0.0,88.74,100.0,Weekday,Monday,Maximum_Load
51.37,24.41,0.0,90.32,100.0,Weekday,Friday,Medium_Load
65.05,27.65,0.0,92.03,100.0,Weekday,Friday,Maximum_Load
4.1,0.0,27.43,100.0,14.78,Weekday,Friday,Medium_Load
2.81,4.97,0.0,49.22,100.0,Weekday,Monday,Light_Load
31.25,2.09,0.94,99.78,99.95,Weekday,Friday,Maximum_Load
74.3,43.78,0.0,86.16,100.0,Weekday,Friday,Light_Load
2.81,5.29,0.0,46.91,100.0,Weekend,Sunday,Light_Load
3.38,4.9,0.0,56.78,100.0,Weekday,Monday,Light_Load
6.12,0.0,19.12,100.0,30.48,Weekday,Monday,Medium_Load
4.54,7.45,0.0,52.04,100.0,Weekday,Thursday,Light_Load
2.59,4.07,0.0,53.69,100.0,Weekday,Tuesday,Light_Load
58.25,23.72,0.0,92.62,100.0,Weekday,Thursday,Medium_Load
43.13,2.66,2.16,99.81,99.87,Weekend,Saturday,Maximum_Load
3.28,0.0,17.5,100.0,18.42,Weekend,Sunday,Light_Load
3.06,0.0,16.42,100.0,18.32,Weekend,Sunday,Light_Load
3.42,2.34,0.11,82.53,99.95,Weekday,Tuesday,Light_Load
62.5,38.02,0.0,85.43,100.0,Weekday,Thursday,Maximum_Load
3.46,2.52,0.4,80.83,99.34,Weekend,Sunday,Light_Load
44.1,10.37,0.0,97.34,100.0,Weekday,Thursday,Medium_Load
3.46,2.92,0.0,76.42,100.0,Weekday,Thursday,Light_Load
3.1,4.1,0.0,60.31,100.0,Weekday,Wednesday,Light_Load
66.85,40.64,0.0,85.45,100.0,Weekday,Tuesday,Medium_Load
112.0,38.34,0.0,94.61,100.0,Weekday,Monday,Medium_Load
51.37,37.87,0.0,80.49,100.0,Weekday,Friday,Light_Load
59.04,59.8,0.0,70.26,100.0,Weekday,Monday,Light_Load
4.14,0.0,21.2,100.0,19.17,Weekend,Sunday,Light_Load
2.74,3.6,0.0,60.56,100.0,Weekend,Sunday,Light_Load
6.73,5.44,0.0,77.77,100.0,Weekday,Tuesday,Light_Load
4.43,0.0,19.51,100.0,22.14,Weekday,Friday,Medium_Load
70.2,22.36,0.0,95.28,100.0,Weekend,Saturday,Maximum_Load
90.97,24.66,0.04,96.52,100.0,Weekday,Friday,Medium_Load
3.28,0.0,17.28,100.0,18.65,Weekend,Saturday,Light_Load
62.06,27.18,0.0,91.6,100.0,Weekday,Thursday,Medium_Load
3.2,4.14,0.0,61.16,100.0,Weekend,Sunday,Medium_Load
6.44,0.0,25.31,100.0,24.66,Weekday,Tuesday,Medium_Load
2.84,5.9,0.0,43.37,100.0,Weekend,Saturday,Light_Load
79.81,44.75,0.0,87.22,100.0,Weekday,Monday,Medium_Load
53.82,36.11,0.0,83.04,100.0,Weekday,Wednesday,Maximum_Load
2.81,3.74,0.0,60.07,100.0,Weekend,Sunday,Light_Load
3.56,5.87,0.0,51.86,100.0,Weekday,Monday,Light_Load
2.84,4.64,0.0,52.2,100.0,Weekday,Thursday,Light_Load
69.52,37.04,0.0,88.25,100.0,Weekday,Monday,Medium_Load
3.6,4.1,0.0,65.98,100.0,Weekday,Friday,Light_Load
2.95,5.72,0.0,45.84,100.0,Weekday,Monday,Light_Load
46.01,19.58,0.0,92.01,100.0,Weekday,Tuesday,Maximum_Load
5.11,0.0,17.78,100.0,27.62,Weekday,Wednesday,Medium_Load
5.11,5.65,0.0,67.08,100.0,Weekday,Thursday,Light_Load
56.7,25.63,0.0,91.12,100.0,Weekday,Friday,Maximum_Load
3.28,0.0,11.12,100.0,28.29,Weekend,Saturday,Medium_Load
49.79,13.43,0.0,96.55,100.0,Weekday,Tuesday,Maximum_Load
52.99,14.08,0.0,96.65,100.0,Weekday,Thursday,Maximum_Load
3.46,5.18,0.0,55.54,100.0,Weekday,Friday,Light_Load
112.39,49.64,0.0,91.47,100.0,Weekday,Monday,Medium_Load
3.1,3.89,0.0,62.32,100.0,Weekday,Tuesday,Light_Load
28.73,17.35,4.9,85.6,98.58,Weekend,Saturday,Maximum_Load
63.83,29.41,0.0,90.82,100.0,Weekday,Tuesday,Maximum_Load
3.06,5.76,0.0,46.92,100.0,Weekend,Sunday,Light_Load
3.64,4.43,0.0,63.49,100.0,Weekday,Thursday,Light_Load
2.99,0.0,5.47,100.0,47.96,Weekend,Sunday,Light_Load
43.92,12.2,0.9,96.35,99.98,Weekday,Friday,Medium_Load
2.92,5.62,0.0,46.11,100.0,Weekday,Friday,Light_Load
61.7,47.52,0.0,79.23,100.0,Weekday,Friday,Maximum_Load
20.2,0.94,10.44,99.89,88.84,Weekend,Saturday,Medium_Load
3.13,3.78,0.0,63.78,100.0,Weekday,Monday,Light_Load
33.41,0.0,10.48,100.0,95.42,Weekend,Saturday,Maximum_Load
3.85,0.0,16.16,100.0,23.18,Weekday,Tuesday,Medium_Load
4.07,0.0,25.99,100.0,15.47,Weekend,Sunday,Medium_Load
50.83,26.14,0.0,88.93,100.0,Weekday,Thursday,Medium_Load
79.78,21.02,0.0,96.7,100.0,Weekend,Saturday,Maximum_Load
5.18,0.0,18.14,100.0,27.46,Weekday,Wednesday,Medium_Load
47.99,24.52,0.0,89.05,100.0,Weekday,Wednesday,Medium_Load
2.63,0.0,11.63,100.0,22.06,Weekday,Tuesday,Light_Load
4.21,4.9,0.0,65.17,100.0,Weekend,Sunday,Light_Load
4.1,0.0,21.06,100.0,19.11,Weekend,Saturday,Medium_Load
2.59,3.74,0.0,56.93,100.0,Weekend,Saturday,Light_Load
5.36,4.79,0.0,74.56,100.0,Weekday,Monday,Light_Load
3.71,6.88,0.0,47.46,100.0,Weekday,Tuesday,Light_Load
4.68,0.0,26.75,100.0,17.23,Weekday,Wednesday,Medium_Load
3.64,6.26,0.0,50.27,100.0,Weekday,Thursday,Light_Load
72.36,56.38,0.0,78.88,100.0,Weekday,Tuesday,Light_Load
2.95,5.54,0.0,47.0,100.0,Weekday,Wednesday,Light_Load
2.92,4.9,0.0,51.19,100.0,Weekday,Thursday,Light_Load
4.54,4.5,0.0,71.02,100.0,Weekday,Wednesday,Light_Load
58.1,22.9,0.0,93.03,100.0,Weekday,Monday,Maximum_Load
29.84,0.04,11.05,100.0,93.78,Weekday,Monday,Medium_Load
124.45,49.79,0.0,92.85,100.0,Weekday,Tuesday,Medium_Load
3.06,3.89,0.0,61.83,100.0,Weekday,Tuesday,Light_Load
88.34,26.57,0.0,95.76,100.0,Weekday,Monday,Medium_Load
43.02,16.02,0.0,93.71,100.0,Weekday,Friday,Medium_Load
2.77,0.0,10.84,100.0,24.76,Weekend,Saturday,Light_Load
3.71,4.46,0.0,63.95,100.0,Weekday,Tuesday,Light_Load
42.37,14.87,0.0,94.36,100.0,Weekend,Saturday,Maximum_Load
2.88,0.0,16.6,100.0,17.09,Weekday,Thursday,Light_Load
55.84,30.78,0.0,87.58,100.0,Weekday,Thursday,Maximum_Load
3.6,0.0,18.29,100.0,19.31,Weekend,Sunday,Medium_Load
38.56,3.13,1.4,99.67,99.93,Weekday,Thursday,Medium_Load
4.5,6.16,0.0,58.99,100.0,Weekday,Monday,Light_Load
4.82,5.29,0.0,67.35,100.0,Weekday,Friday,Light_Load
2.88,1.12,2.81,93.2,71.58,Weekday,Wednesday,Medium_Load
2.88,4.68,0.0,52.41,100.0,Weekday,Monday,Light_Load
40.1,22.36,0.0,87.34,100.0,Weekday,Monday,Medium_Load
4.79,0.0,20.59,100.0,22.66,Weekend,Saturday,Maximum_Load
5.18,0.0,10.19,100.0,45.32,Weekend,Saturday,Maximum_Load
2.66,5.04,0.0,46.68,100.0,Weekday,Wednesday,Light_Load
82.4,22.64,0.0,96.43,100.0,Weekday,Friday,Maximum_Load
64.08,31.61,0.0,89.68,100.0,Weekday,Friday,Maximum_Load
3.92,4.07,0.0,69.37,100.0,Weekday,Wednesday,Light_Load
58.46,25.67,0.0,91.56,100.0,Weekday,Tuesday,Maximum_Load
2.77,0.0,5.26,100.0,46.6,Weekend,Saturday,Light_Load
64.01,40.64,0.0,84.42,100.0,Weekday,Wednesday,Maximum_Load
55.58,18.36,0.0,94.95,100.0,Weekday,Thursday,Medium_Load
60.66,33.12,0.0,87.77,100.0,Weekday,Tuesday,Maximum_Load
3.78,3.06,0.11,77.72,99.96,Weekday,Monday,Light_Load
2.59,0.0,5.69,100.0,41.43,Weekday,Wednesday,Light_Load
3.6,0.0,16.16,100.0,21.74,Weekend,Sunday,Light_Load
31.25,0.0,9.36,100.0,95.8,Weekday,Monday,Medium_Load
3.67,3.24,0.04,74.97,99.99,Weekend,Saturday,Light_Load
4.18,4.57,0.0,67.49,100.0,Weekend,Saturday,Light_Load
4.03,0.0,23.15,100.0,17.15,Weekend,Saturday,Light_Load
96.01,31.32,0.0,95.07,100.0,Weekend,Saturday,Maximum_Load
2.74,0.0,13.97,100.0,19.25,Weekend,Saturday,Medium_Load
102.28,47.56,0.0,90.68,100.0,Weekday,Monday,Medium_Load
65.52,37.66,0.0,86.7,100.0,Weekday,Friday,Medium_Load
3.67,0.0,6.62,100.0,48.49,Weekday,Wednesday,Light_Load
35.24,10.19,0.0,96.06,100.0,Weekend,Saturday,Maximum_Load
36.36,1.01,2.45,99.96,99.77,Weekday,Tuesday,Medium_Load
62.17,26.06,0.0,92.23,100.0,Weekday,Thursday,Maximum_Load
3.92,4.93,0.0,62.24,100.0,Weekday,Tuesday,Medium_Load
3.17,4.28,0.0,59.52,100.0,Weekday,Thursday,Light_Load
30.85,6.19,9.11,98.05,95.91,Weekday,Wednesday,Medium_Load
3.74,0.0,24.73,100.0,14.95,Weekend,Sunday,Light_Load
7.13,0.0,17.17,100.0,38.35,Weekday,Wednesday,Medium_Load
134.89,45.0,0.0,94.86,100.0,Weekday,Friday,Medium_Load
3.71,3.6,0.0,71.77,100.0,Weekend,Sunday,Light_Load
3.67,0.0,20.99,100.0,17.22,Weekday,Thursday,Medium_Load
66.31,28.94,0.0,91.65,100.0,Weekday,Friday,Medium_Load
2.77,4.07,0.0,56.26,100.0,Weekend,Sunday,Light_Load
69.98,50.47,0.0,81.11,100.0,Weekday,Wednesday,Maximum_Load
3.02,3.13,0.0,69.43,100.0,Weekday,Wednesday,Light_Load
41.22,17.35,0.0,92.17,100.0,Weekday,Tuesday,Medium_Load
3.13,5.94,0.0,46.62,100.0,Weekday,Wednesday,Light_Load
3.56,3.1,0.0,75.41,100.0,Weekday,Thursday,Light_Load
3.56,6.34,0.0,48.96,100.0,Weekday,Friday,Light_Load
3.1,3.74,0.0,63.82,100.0,Weekday,Monday,Light_Load
66.2,25.88,0.0,93.14,100.0,Weekday,Thursday,Maximum_Load
3.92,5.0,0.0,61.7,100.0,Weekday,Thursday,Light_Load
33.62,17.71,2.02,88.48,99.82,Weekday,Tuesday,Medium_Load
5.18,0.0,18.18,100.0,27.4,Weekday,Wednesday,Maximum_Load
3.42,6.16,0.0,48.54,100.0,Weekend,Saturday,Light_Load
47.34,13.97,0.0,95.91,100.0,Weekday,Tuesday,Medium_Load
3.06,3.35,0.0,67.44,100.0,Weekend,Sunday,Light_Load
68.0,23.11,0.0,94.68,100.0,Weekday,Tuesday,Medium_Load
3.42,0.0,13.61,100.0,24.37,Weekend,Sunday,Light_Load
71.32,39.06,0.0,87.71,100.0,Weekday,Tuesday,Maximum_Load
3.28,4.68,0.0,57.39,100.0,Weekday,Thursday,Light_Load
2.45,4.36,0.0,48.99,100.0,Weekday,Monday,Light_Load
59.15,34.63,0.0,86.3,100.0,Weekday,Friday,Medium_Load
37.48,7.2,0.07,98.2,100.0,Weekday,Wednesday,Medium_Load
100.91,40.5,0.0,92.8,100.0,Weekday,Friday,Maximum_Load
75.24,32.15,0.0,91.96,100.0,Weekday,Friday,Maximum_Load
66.35,34.99,0.0,88.45,100.0,Weekend,Saturday,Light_Load
7.49,0.07,20.63,100.0,34.13,Weekday,Wednesday,Medium_Load
3.17,4.18,0.0,60.43,100.0,Weekday,Tuesday,Light_Load
38.77,8.82,0.0,97.51,100.0,Weekday,Thursday,Maximum_Load
3.35,3.96,0.0,64.59,100.0,Weekend,Sunday,Light_Load
54.65,36.65,0.0,83.05,100.0,Weekday,Tuesday,Light_Load
2.77,5.33,0.0,46.11,100.0,Weekday,Wednesday,Medium_Load
4.03,0.0,5.58,100.0,58.55,Weekend,Saturday,Maximum_Load
4.07,3.82,0.0,72.91,100.0,Weekday,Tuesday,Light_Load
3.28,5.33,0.0,52.41,100.0,Weekend,Saturday,Light_Load
2.88,4.46,0.0,54.25,100.0,Weekday,Monday,Light_Load
33.55,29.77,0.0,74.8,100.0,Weekday,Monday,Light_Load
3.24,4.46,0.0,58.77,100.0,Weekday,Tuesday,Light_Load
4.68,5.04,0.0,68.05,100.0,Weekday,Friday,Light_Load
4.21,3.31,0.18,78.61,99.91,Weekday,Wednesday,Maximum_Load
4.46,0.0,21.02,100.0,20.76,Weekday,Monday,Medium_Load
98.75,36.83,0.0,93.7,100.0,Weekday,Monday,Maximum_Load
52.02,27.5,0.0,88.41,100.0,Weekday,Tuesday,Maximum_Load
46.12,38.84,0.0,76.49,100.0,Weekday,Monday,Light_Load
2.99,5.18,0.0,49.99,100.0,Weekday,Wednesday,Light_Load
3.49,6.84,0.0,45.45,100.0,Weekend,Sunday,Light_Load
3.28,5.0,0.0,54.85,100.0,Weekday,Wednesday,Light_Load
58.68,21.67,0.0,93.81,100.0,Weekday,Tuesday,Maximum_Load
3.38,2.2,0.18,83.81,99.86,Weekday,Thursday,Light_Load
69.8,27.79,0.0,92.91,100.0,Weekday,Friday,Medium_Load
4.61,4.32,0.0,72.97,100.0,Weekday,Monday,Light_Load
3.28,2.7,0.0,77.21,100.0,Weekday,Wednesday,Light_Load
3.56,0.0,13.32,100.0,25.82,Weekday,Tuesday,Light_Load
3.85,0.0,22.07,100.0,17.18,Weekday,Friday,Light_Load
46.66,13.93,0.0,95.82,100.0,Weekday,Tuesday,Medium_Load
2.84,4.46,0.0,53.71,100.0,Weekday,Tuesday,Light_Load
17.35,0.5,10.51,99.96,85.53,Weekend,Sunday,Maximum_Load
2.84,5.18,0.0,48.07,100.0,Weekend,Sunday,Light_Load
2.7,4.79,0.0,49.1,100.0,Weekday,Tuesday,Light_Load
3.38,5.51,0.0,52.29,100.0,Weekend,Saturday,Light_Load
70.74,24.23,0.0,94.6,100.0,Weekday,Monday,Maximum_Load
54.29,24.19,0.0,91.34,100.0,Weekday,Wednesday,Maximum_Load
2.74,4.75,0.0,49.97,100.0,Weekend,Sunday,Light_Load
4.18,5.36,0.0,61.5,100.0,Weekend,Saturday,Light_Load
3.67,0.0,26.39,100.0,13.77,Weekday,Friday,Medium_Load
3.28,4.03,0.0,63.12,100.0,Weekday,Thursday,Light_Load
72.68,64.22,0.0,74.94,100.0,Weekday,Tuesday,Maximum_Load
3.17,3.82,0.0,63.86,100.0,Weekday,Monday,Light_Load
65.52,34.67,0.0,88.39,100.0,Weekday,Monday,Medium_Load
2.84,0.0,10.84,100.0,25.34,Weekend,Saturday,Light_Load
3.6,2.56,0.29,81.5,99.68,Weekday,Thursday,Light_Load
69.37,46.22,0.0,83.22,100.0,Weekday,Wednesday,Medium_Load
92.48,21.82,0.0,97.33,100.0,Weekend,Saturday,Light_Load
48.53,25.38,0.0,88.61,100.0,Weekday,Thursday,Maximum_Load
125.6,67.79,0.0,88.0,100.0,Weekday,Friday,Maximum_Load
4.5,7.99,0.0,49.07,100.0,Weekend,Saturday,Light_Load
78.77,19.51,0.0,97.07,100.0,Weekday,Friday,Medium_Load
123.19,44.14,0.0,94.14,100.0,Weekday,Wednesday,Medium_Load
42.91,5.36,0.07,99.23,100.0,Weekday,Wednesday,Maximum_Load
38.66,1.26,0.54,99.95,99.99,Weekend,Saturday,Maximum_Load
25.74,24.84,0.0,71.96,100.0,Weekend,Sunday,Light_Load
64.66,60.34,0.0,73.11,100.0,Weekday,Thursday,Light_Load
4.1,0.0,20.95,100.0,19.21,Weekend,Saturday,Medium_Load
4.03,0.0,26.46,100.0,15.06,Weekend,Sunday,Medium_Load
3.82,3.2,0.04,76.66,99.99,Weekend,Sunday,Light_Load
111.64,52.34,0.0,90.54,100.0,Weekday,Thursday,Maximum_Load
53.96,51.73,0.0,72.19,100.0,Weekday,Tuesday,Light_Load
2.59,3.74,0.0,56.93,100.0,Weekday,Tuesday,Light_Load
39.53,0.25,2.38,100.0,99.82,Weekend,Saturday,Medium_Load
40.86,0.97,1.12,99.97,99.96,Weekend,Saturday,Maximum_Load
4.14,0.0,17.68,100.0,22.8,Weekend,Saturday,Medium_Load
57.31,11.27,0.0,98.12,100.0,Weekend,Saturday,Medium_Load
3.42,6.62,0.0,45.9,100.0,Weekend,Saturday,Light_Load
95.44,33.41,0.0,94.38,100.0,Weekday,Tuesday,Medium_Load
64.04,32.76,0.0,89.03,100.0,Weekday,Thursday,Maximum_Load
4.1,0.0,24.16,100.0,16.73,Weekend,Saturday,Light_Load
31.75,0.72,3.17,99.97,99.51,Weekend,Sunday,Maximum_Load
56.34,27.9,0.0,89.61,100.0,Weekday,Thursday,Medium_Load
2.99,3.92,0.0,60.65,100.0,Weekday,Friday,Light_Load
3.6,7.2,0.0,44.72,100.0,Weekend,Saturday,Light_Load
2.77,5.98,0.0,42.03,100.0,Weekday,Tuesday,Light_Load
3.42,4.39,0.0,61.46,100.0,Weekday,Friday,Light_Load
89.32,11.48,0.0,99.18,100.0,Weekend,Saturday,Maximum_Load
4.97,3.96,0.0,78.21,100.0,Weekday,Friday,Light_Load
5.22,0.0,21.06,100.0,24.06,Weekday,Friday,Medium_Load
44.17,4.18,0.04,99.56,100.0,Weekday,Friday,Medium_Load
3.02,0.0,18.14,100.0,16.42,Weekend,Saturday,Medium_Load
40.57,8.28,0.0,97.98,100.0,Weekday,Thursday,Maximum_Load
4.36,0.0,26.21,100.0,16.41,Weekday,Tuesday,Medium_Load
118.94,49.97,0.0,92.19,100.0,Weekday,Thursday,Medium_Load
51.55,10.51,0.32,97.98,100.0,Weekday,Wednesday,Medium_Load
3.28,4.57,0.0,58.31,100.0,Weekday,Tuesday,Light_Load
54.61,32.26,0.0,86.1,100.0,Weekday,Thursday,Medium_Load
52.96,27.47,0.0,88.77,100.0,Weekday,Wednesday,Maximum_Load
3.13,3.89,0.0,62.69,100.0,Weekend,Saturday,Light_Load
2.52,4.79,0.0,46.56,100.0,Weekend,Saturday,Light_Load
2.81,0.0,4.72,100.0,51.15,Weekday,Wednesday,Medium_Load
3.89,3.17,0.18,77.52,99.89,Weekday,Monday,Maximum_Load
4.32,3.71,0.04,75.86,100.0,Weekday,Tuesday,Light_Load
34.7,2.74,3.96,99.69,99.36,Weekday,Monday,Medium_Load
2.52,4.68,0.0,47.41,100.0,Weekday,Wednesday,Light_Load
44.5,17.17,0.0,93.3,100.0,Weekend,Saturday,Maximum_Load
3.02,4.18,0.0,58.56,100.0,Weekend,Saturday,Light_Load
4.39,3.49,0.0,78.28,100.0,Weekday,Tuesday,Light_Load
58.86,14.04,0.0,97.27,100.0,Weekday,Friday,Medium_Load
58.93,8.57,0.0,98.96,100.0,Weekday,Wednesday,Maximum_Load
2.99,3.53,0.0,64.63,100.0,Weekend,Sunday,Light_Load
3.1,3.92,0.0,62.03,100.0,Weekday,Monday,Light_Load
3.02,3.67,0.0,63.54,100.0,Weekday,Friday,Light_Load
75.92,28.94,0.0,93.44,100.0,Weekday,Friday,Medium_Load
3.42,0.0,25.99,100.0,13.05,Weekday,Wednesday,Medium_Load
63.9,45.83,0.0,81.26,100.0,Weekday,Friday,Medium_Load
84.2,12.71,0.72,98.88,100.0,Weekday,Wednesday,Maximum_Load
2.7,0.0,14.0,100.0,18.94,Weekend,Sunday,Light_Load
109.91,36.5,0.0,94.9,100.0,Weekday,Thursday,Maximum_Load
28.04,0.0,9.25,100.0,94.97,Weekday,Monday,Medium_Load
3.46,0.0,14.69,100.0,22.93,Weekend,Sunday,Light_Load
2.88,0.0,5.0,100.0,49.91,Weekday,Monday,Light_Load
66.17,27.94,0.0,92.12,100.0,Weekday,Friday,Maximum_Load
2.88,5.47,0.0,46.59,100.0,Weekday,Monday,Light_Load
27.79,4.32,0.0,98.81,100.0,Weekday,Wednesday,Maximum_Load
93.49,72.83,0.0,78.89,100.0,Weekday,Tuesday,Light_Load
50.29,15.48,0.0,95.57,100.0,Weekday,Monday,Medium_Load
50.9,14.69,0.22,96.08,100.0,Weekday,Wednesday,Medium_Load
58.43,28.84,0.0,89.67,100.0,Weekday,Thursday,Maximum_Load
4.72,0.0,25.7,100.0,18.06,Weekday,Thursday,Medium_Load
4.21,3.74,0.04,74.76,100.0,Weekday,Tuesday,Light_Load
4.72,5.51,0.0,65.06,100.0,Weekday,Tuesday,Light_Load
8.17,0.0,25.42,100.0,30.6,Weekday,Tuesday,Medium_Load
7.09,4.18,0.0,86.14,100.0,Weekday,Friday,Light_Load
3.74,4.07,0.0,67.66,100.0,Weekend,Saturday,Light_Load
65.63,31.9,0.0,89.94,100.0,Weekday,Monday,Maximum_Load
4.1,4.18,0.0,70.02,100.0,Weekend,Sunday,Light_Load
4.1,0.0,20.92,100.0,19.23,Weekend,Saturday,Light_Load
2.99,0.0,11.92,100.0,24.33,Weekend,Sunday,Light_Load
56.27,19.51,0.0,94.48,100.0,Weekday,Monday,Medium_Load
6.01,1.73,15.48,96.1,36.19,Weekday,Monday,Maximum_Load
27.79,0.32,3.1,99.99,99.38,Weekday,Thursday,Medium_Load
3.64,0.0,6.12,100.0,51.12,Weekday,Tuesday,Medium_Load
2.84,5.36,0.0,46.82,100.0,Weekend,Sunday,Light_Load
78.55,44.06,0.0,87.22,100.0,Weekday,Tuesday,Medium_Load
2.77,0.0,11.77,100.0,22.91,Weekend,Sunday,Light_Load
3.56,4.5,0.0,62.04,100.0,Weekend,Sunday,Light_Load
2.99,0.0,16.42,100.0,17.91,Weekday,Friday,Light_Load
3.02,0.0,17.17,100.0,17.32,Weekday,Wednesday,Medium_Load
49.25,33.62,0.0,82.59,100.0,Weekday,Thursday,Medium_Load
6.44,0.0,26.28,100.0,23.8,Weekday,Wednesday,Medium_Load
87.48,49.9,0.0,86.86,100.0,Weekday,Tuesday,Maximum_Load
3.53,4.79,0.0,59.33,100.0,Weekday,Thursday,Light_Load
2.81,4.5,0.0,52.97,100.0,Weekday,Tuesday,Light_Load
3.1,5.04,0.0,52.39,100.0,Weekend,Saturday,Light_Load
25.52,0.5,4.0,99.98,98.79,Weekday,Monday,Medium_Load
5.18,0.0,25.16,100.0,20.17,Weekend,Sunday,Light_Load
4.03,4.14,0.0,69.75,100.0,Weekday,Friday,Light_Load
113.15,33.7,0.0,95.84,100.0,Weekday,Monday,Medium_Load
72.07,35.53,0.0,89.69,100.0,Weekend,Saturday,Maximum_Load
3.28,3.82,0.0,65.14,100.0,Weekend,Sunday,Light_Load
79.45,47.12,0.0,86.01,100.0,Weekday,Wednesday,Medium_Load
55.19,32.58,0.0,86.11,100.0,Weekday,Monday,Maximum_Load
32.72,0.54,3.06,99.99,99.57,Weekday,Tuesday,Maximum_Load
3.85,0.0,7.38,100.0,46.25,Weekend,Saturday,Medium_Load
112.61,67.54,0.29,85.76,100.0,Weekday,Monday,Maximum_Load
3.24,0.0,13.0,100.0,24.18,Weekend,Sunday,Light_Load
3.02,4.75,0.0,53.65,100.0,Weekday,Thursday,Light_Load
39.06,10.51,3.28,96.57,99.65,Weekday,Tuesday,Maximum_Load
32.9,29.12,0.0,74.88,100.0,Weekday,Tuesday,Light_Load
15.01,2.09,18.36,99.04,63.29,Weekday,Friday,Medium_Load
2.95,0.0,17.32,100.0,16.79,Weekend,Saturday,Light_Load
3.46,4.68,0.0,59.45,100.0,Weekday,Thursday,Light_Load
3.24,4.1,0.0,62.0,100.0,Weekend,Sunday,Light_Load
2.63,4.68,0.0,48.99,100.0,Weekday,Tuesday,Light_Load
63.94,27.68,0.0,91.77,100.0,Weekday,Friday,Maximum_Load
4.1,0.0,26.53,100.0,15.27,Weekend,Sunday,Medium_Load
143.93,72.18,0.0,89.39,100.0,Weekday,Thursday,Maximum_Load
2.99,0.0,16.96,100.0,17.36,Weekend,Sunday,Light_Load
3.42,0.0,14.87,100.0,22.41,Weekend,Saturday,Light_Load
3.17,5.44,0.0,50.35,100.0,Weekday,Friday,Light_Load
23.51,19.98,0.0,76.2,100.0,Weekday,Tuesday,Light_Load
4.18,4.72,0.0,66.3,100.0,Weekend,Sunday,Light_Load
117.72,42.98,0.0,93.93,100.0,Weekend,Saturday,Maximum_Load
3.24,5.33,0.0,51.94,100.0,Weekday,Wednesday,Light_Load
3.1,3.74,0.0,63.82,100.0,Weekday,Monday,Light_Load
3.96,0.0,15.05,100.0,25.45,Weekend,Saturday,Light_Load
2.92,4.21,0.0,56.99,100.0,Weekday,Wednesday,Light_Load
3.17,6.52,0.0,43.73,100.0,Weekday,Monday,Light_Load
45.47,21.92,0.0,90.08,100.0,Weekday,Monday,Maximum_Load
3.89,5.08,0.0,60.8,100.0,Weekday,Thursday,Light_Load
45.72,18.94,0.0,92.39,100.0,Weekend,Saturday,Light_Load
2.74,4.32,0.0,53.56,100.0,Weekday,Monday,Light_Load
30.74,8.71,5.04,96.21,98.68,Weekday,Wednesday,Maximum_Load
3.71,0.0,18.72,100.0,19.44,Weekend,Saturday,Medium_Load
96.98,24.91,0.0,96.86,100.0,Weekday,Monday,Maximum_Load
2.7,4.64,0.0,50.29,100.0,Weekday,Thursday,Light_Load
2.92,0.0,17.35,100.0,16.6,Weekend,Saturday,Medium_Load
121.72,67.39,0.0,87.49,100.0,Weekday,Friday,Light_Load
2.81,4.03,0.0,57.2,100.0,Weekday,Wednesday,Light_Load
39.71,11.84,0.04,95.83,100.0,Weekday,Friday,Medium_Load
63.83,39.56,0.0,85.0,100.0,Weekday,Monday,Maximum_Load
2.81,4.5,0.0,52.97,100.0,Weekday,Thursday,Light_Load
63.97,25.74,0.0,92.77,100.0,Weekday,Thursday,Maximum_Load
80.46,37.12,0.0,90.8,100.0,Weekend,Sunday,Maximum_Load
4.39,4.03,0.0,73.67,100.0,Weekday,Monday,Light_Load
7.6,5.54,0.0,80.81,100.0,Weekday,Monday,Medium_Load
81.43,53.39,0.0,83.63,100.0,Weekday,Tuesday,Maximum_Load
2.77,0.0,11.09,100.0,24.23,Weekday,Thursday,Light_Load
63.11,56.09,0.0,74.75,100.0,Weekday,Monday,Light_Load
2.7,4.64,0.0,50.29,100.0,Weekday,Thursday,Light_Load
3.17,5.33,0.0,51.12,100.0,Weekend,Saturday,Light_Load
28.84,1.19,2.02,99.91,99.76,Weekday,Friday,Medium_Load
54.94,38.09,0.0,82.18,100.0,Weekday,Monday,Maximum_Load
81.72,44.71,0.0,87.73,100.0,Weekday,Thursday,Maximum_Load
5.54,0.0,21.02,100.0,25.49,Weekday,Friday,Maximum_Load
112.43,51.37,0.0,90.96,100.0,Weekday,Monday,Medium_Load
3.82,3.24,0.0,76.26,100.0,Weekday,Monday,Light_Load
6.59,0.0,18.83,100.0,33.03,Weekend,Sunday,Maximum_Load
4.21,5.4,0.0,61.49,100.0,Weekend,Saturday,Light_Load
5.26,0.0,26.78,100.0,19.27,Weekday,Tuesday,Medium_Load
3.06,2.48,0.0,77.69,100.0,Weekend,Sunday,Light_Load
40.1,29.48,0.0,80.57,100.0,Weekday,Tuesday,Light_Load
51.95,38.12,0.0,80.62,100.0,Weekday,Friday,Maximum_Load
59.76,33.95,0.0,86.95,100.0,Weekday,Thursday,Medium_Load
3.89,0.0,19.33,100.0,19.73,Weekend,Sunday,Light_Load
4.21,4.79,0.0,66.02,100.0,Weekend,Saturday,Medium_Load
3.31,5.65,0.0,50.55,100.0,Weekday,Tuesday,Light_Load
5.0,0.0,20.66,100.0,23.52,Weekday,Thursday,Medium_Load
54.97,14.58,0.0,96.66,100.0,Weekday,Wednesday,Maximum_Load
69.48,31.82,0.0,90.92,100.0,Weekday,Friday,Maximum_Load
23.83,0.0,14.44,100.0,85.52,Weekday,Monday,Medium_Load
2.92,0.0,4.93,100.0,50.96,Weekend,Saturday,Light_Load
44.39,25.81,0.0,86.45,100.0,Weekday,Wednesday,Medium_Load
6.01,5.72,0.0,72.44,100.0,Weekday,Friday,Light_Load
79.16,22.43,0.0,96.21,100.0,Weekday,Wednesday,Medium_Load
2.63,4.93,0.0,47.07,100.0,Weekend,Sunday,Light_Load
2.84,5.04,0.0,49.09,100.0,Weekend,Sunday,Light_Load
2.99,6.41,0.0,42.27,100.0,Weekend,Sunday,Light_Load
2.99,5.0,0.0,51.32,100.0,Weekday,Friday,Light_Load
4.97,0.07,16.7,99.99,28.52,Weekday,Friday,Medium_Load
48.82,14.44,0.0,95.89,100.0,Weekday,Monday,Medium_Load
33.23,1.51,3.96,99.9,99.3,Weekday,Tuesday,Medium_Load
3.02,4.75,0.0,53.65,100.0,Weekday,Friday,Light_Load
4.39,0.0,26.24,100.0,16.5,Weekday,Tuesday,Medium_Load
36.29,11.95,0.0,94.98,100.0,Weekday,Friday,Maximum_Load
3.78,2.92,0.25,79.14,99.78,Weekday,Wednesday,Light_Load
49.36,46.84,0.0,72.54,100.0,Weekday,Wednesday,Light_Load
3.13,5.36,0.0,50.43,100.0,Weekday,Thursday,Light_Load
81.11,37.62,0.0,90.72,100.0,Weekday,Friday,Maximum_Load
3.35,2.52,0.0,79.91,100.0,Weekend,Sunday,Light_Load
2.74,3.38,0.0,62.97,100.0,Weekday,Monday,Light_Load
27.86,0.0,10.84,100.0,93.19,Weekend,Sunday,Maximum_Load
42.44,14.0,0.11,94.97,100.0,Weekend,Saturday,Maximum_Load
54.5,19.3,0.0,94.26,100.0,Weekday,Tuesday,Medium_Load
2.56,3.6,0.0,57.95,100.0,Weekend,Sunday,Light_Load
113.9,47.99,0.0,92.15,100.0,Weekday,Thursday,Medium_Load
3.17,6.52,0.0,43.73,100.0,Weekday,Friday,Medium_Load
3.6,5.08,0.0,57.82,100.0,Weekday,Thursday,Medium_Load
4.18,3.49,0.11,76.76,99.97,Weekday,Monday,Maximum_Load
3.24,5.54,0.0,50.48,100.0,Weekend,Sunday,Light_Load
74.7,26.93,0.0,94.07,100.0,Weekday,Thursday,Maximum_Load
49.36,20.77,0.0,92.17,100.0,Weekday,Friday,Maximum_Load
33.05,0.14,4.57,100.0,99.06,Weekend,Saturday,Maximum_Load
4.14,0.0,16.96,100.0,23.71,Weekend,Saturday,Maximum_Load
2.84,3.13,0.0,67.2,100.0,Weekday,Friday,Light_Load
2.99,0.0,16.52,100.0,17.81,Weekday,Friday,Light_Load
40.07,0.36,2.2,100.0,99.85,Weekend,Saturday,Maximum_Load
3.49,5.08,0.0,56.63,100.0,Weekday,Monday,Medium_Load
40.14,15.23,0.0,93.5,100.0,Weekday,Wednesday,Maximum_Load
3.02,2.02,0.14,83.12,99.89,Weekday,Monday,Light_Load
3.82,0.0,25.96,100.0,14.56,Weekday,Friday,Medium_Load
48.24,20.74,0.0,91.87,100.0,Weekday,Monday,Maximum_Load
4.61,0.0,26.32,100.0,17.25,Weekday,Thursday,Medium_Load
4.32,0.0,21.1,100.0,20.06,Weekend,Saturday,Light_Load
2.81,4.68,0.0,51.48,100.0,Weekend,Sunday,Light_Load
3.85,0.0,17.35,100.0,21.66,Weekend,Saturday,Medium_Load
2.63,4.28,0.0,52.35,100.0,Weekday,Wednesday,Light_Load
3.53,4.82,0.0,59.09,100.0,Weekday,Monday,Light_Load
61.49,26.1,0.0,92.05,100.0,Weekday,Monday,Maximum_Load
120.85,59.29,0.0,89.78,100.0,Weekday,Wednesday,Medium_Load
3.46,3.67,0.0,68.6,100.0,Weekday,Thursday,Light_Load
37.15,6.12,0.0,98.67,100.0,Weekday,Friday,Medium_Load
3.35,0.0,14.9,100.0,21.94,Weekend,Saturday,Light_Load
3.64,4.64,0.0,61.72,100.0,Weekday,Wednesday,Light_Load
54.76,39.82,0.0,80.88,100.0,Weekday,Thursday,Medium_Load
40.93,0.18,1.76,100.0,99.91,Weekday,Thursday,Medium_Load
2.95,0.0,14.15,100.0,20.41,Weekend,Sunday,Light_Load
3.35,5.33,0.0,53.21,100.0,Weekday,Monday,Light_Load
3.02,3.53,0.0,65.01,100.0,Weekday,Monday,Light_Load
2.81,3.96,0.0,57.87,100.0,Weekday,Wednesday,Light_Load
3.6,6.41,0.0,48.97,100.0,Weekday,Wednesday,Light_Load
27.47,6.48,4.07,97.33,98.92,Weekend,Saturday,Light_Load
2.92,4.68,0.0,52.93,100.0,Weekday,Thursday,Light_Load
4.57,0.0,20.99,100.0,21.27,Weekday,Monday,Medium_Load
107.64,35.39,0.0,95.0,100.0,Weekday,Monday,Medium_Load
56.92,22.72,0.0,92.87,100.0,Weekday,Wednesday,Medium_Load
5.4,4.97,0.0,73.58,100.0,Weekend,Saturday,Light_Load
61.27,33.77,0.0,87.58,100.0,Weekday,Friday,Maximum_Load
4.36,3.1,0.0,81.5,100.0,Weekday,Monday,Light_Load
3.71,7.13,0.0,46.16,100.0,Weekday,Tuesday,Light_Load
66.49,31.57,0.0,90.33,100.0,Weekday,Friday,Medium_Load
64.48,42.3,0.0,83.61,100.0,Weekday,Friday,Maximum_Load
58.68,24.34,0.0,92.37,100.0,Weekday,Monday,Maximum_Load
3.06,3.1,0.0,70.25,100.0,Weekday,Friday,Light_Load
3.85,4.43,0.0,65.6,100.0,Weekday,Tuesday,Light_Load
3.38,0.0,17.6,100.0,18.86,Weekday,Thursday,Light_Load
2.95,0.0,16.56,100.0,17.54,Weekday,Thursday,Light_Load
3.56,4.97,0.0,58.23,100.0,Weekend,Sunday,Light_Load
6.3,0.0,21.31,100.0,28.35,Weekday,Monday,Medium_Load
40.61,30.02,0.0,80.41,100.0,Weekday,Thursday,Light_Load
3.6,0.0,17.78,100.0,19.84,Weekday,Wednesday,Medium_Load
3.42,4.5,0.0,60.51,100.0,Weekday,Thursday,Light_Load
3.85,3.06,0.0,78.28,100.0,Weekend,Sunday,Light_Load
75.06,32.51,0.0,91.76,100.0,Weekday,Tuesday,Medium_Load
107.42,37.58,0.0,94.39,100.0,Weekday,Tuesday,Medium_Load
3.49,0.0,17.64,100.0,19.41,Weekend,Sunday,Light_Load
2.81,0.0,4.46,100.0,53.31,Weekday,Friday,Light_Load
4.14,0.0,27.29,100.0,15.0,Weekday,Friday,Light_Load
3.17,5.8,0.0,47.96,100.0,Weekend,Saturday,Light_Load
3.85,0.0,18.47,100.0,20.41,Weekend,Saturday,Light_Load
3.28,0.0,16.56,100.0,19.43,Weekday,Tuesday,Medium_Load
2.77,3.89,0.0,58.0,100.0,Weekday,Wednesday,Light_Load
2.95,5.8,0.0,45.34,100.0,Weekday,Friday,Light_Load
10.01,2.27,19.01,97.52,46.59,Weekday,Tuesday,Medium_Load
54.18,11.95,0.0,97.65,100.0,Weekend,Saturday,Maximum_Load
19.22,2.81,6.62,98.95,94.55,Weekday,Friday,Medium_Load
3.35,0.0,14.8,100.0,22.08,Weekend,Saturday,Light_Load
2.59,5.72,0.0,41.25,100.0,Weekday,Tuesday,Light_Load
77.33,9.79,0.65,99.21,100.0,Weekend,Saturday,Maximum_Load
3.31,5.98,0.0,48.43,100.0,Weekday,Wednesday,Light_Load
3.89,0.0,16.6,100.0,22.82,Weekend,Sunday,Light_Load
23.44,0.0,12.35,100.0,88.47,Weekday,Friday,Medium_Load
3.56,0.0,15.34,100.0,22.61,Weekend,Sunday,Light_Load
51.41,17.1,0.65,94.89,99.99,Weekday,Friday,Medium_Load
4.57,4.93,0.0,67.98,100.0,Weekday,Thursday,Light_Load
69.98,23.0,0.0,95.0,100.0,Weekday,Thursday,Medium_Load
60.19,32.44,0.0,88.03,100.0,Weekday,Thursday,Medium_Load
113.18,74.38,0.0,83.57,100.0,Weekday,Thursday,Light_Load
3.96,0.0,17.24,100.0,22.39,Weekend,Sunday,Light_Load
3.56,0.0,22.14,100.0,15.88,Weekend,Saturday,Medium_Load
66.53,38.7,0.0,86.44,100.0,Weekday,Thursday,Medium_Load
4.46,0.0,16.92,100.0,25.49,Weekend,Saturday,Medium_Load
2.99,6.26,0.0,43.1,100.0,Weekday,Wednesday,Light_Load
104.44,29.84,0.0,96.15,100.0,Weekend,Saturday,Medium_Load
2.77,4.97,0.0,48.68,100.0,Weekday,Thursday,Light_Load
45.65,31.43,0.0,82.37,100.0,Weekend,Saturday,Light_Load
102.35,34.92,0.0,94.64,100.0,Weekday,Monday,Medium_Load
3.24,5.26,0.0,52.45,100.0,Weekday,Friday,Medium_Load
32.83,33.05,0.0,70.47,100.0,Weekend,Saturday,Light_Load
3.06,0.0,17.32,100.0,17.4,Weekend,Sunday,Light_Load
51.3,4.03,2.23,99.69,99.91,Weekend,Saturday,Medium_Load
4.25,3.85,0.0,74.11,100.0,Weekday,Tuesday,Light_Load
2.66,4.46,0.0,51.22,100.0,Weekday,Wednesday,Light_Load
3.2,5.8,0.0,48.31,100.0,Weekend,Sunday,Light_Load
70.67,27.54,0.0,93.17,100.0,Weekday,Wednesday,Maximum_Load
2.92,6.26,0.04,42.27,99.99,Weekday,Wednesday,Medium_Load
3.67,0.0,13.64,100.0,25.98,Weekend,Sunday,Light_Load
2.99,3.82,0.0,61.64,100.0,Weekend,Saturday,Light_Load
57.64,21.17,0.0,93.87,100.0,Weekday,Friday,Medium_Load
5.94,5.22,0.0,75.12,100.0,Weekday,Wednesday,Light_Load
3.1,3.49,0.0,66.41,100.0,Weekday,Friday,Light_Load
3.1,4.97,0.0,52.92,100.0,Weekend,Saturday,Light_Load
2.95,4.14,0.0,58.03,100.0,Weekday,Thursday,Light_Load
3.49,0.0,26.6,100.0,13.01,Weekend,Saturday,Medium_Load
54.14,18.18,0.0,94.8,100.0,Weekday,Thursday,Medium_Load
136.15,51.37,0.0,93.56,100.0,Weekday,Monday,Medium_Load
3.2,5.94,0.0,47.43,100.0,Weekend,Saturday,Light_Load
9.61,0.0,24.98,100.0,35.91,Weekday,Thursday,Medium_Load
3.71,6.73,0.0,48.28,100.0,Weekday,Thursday,Light_Load
52.74,30.71,0.0,86.42,100.0,Weekday,Monday,Medium_Load
3.2,0.0,15.26,100.0,20.52,Weekday,Monday,Light_Load
2.92,0.0,17.32,100.0,16.62,Weekend,Saturday,Medium_Load
3.13,0.0,12.67,100.0,23.98,Weekday,Tuesday,Light_Load
3.38,2.16,0.29,84.26,99.63,Weekday,Friday,Light_Load
77.29,56.84,0.0,80.56,100.0,Weekday,Friday,Light_Load
2.92,0.0,17.03,100.0,16.9,Weekend,Sunday,Light_Load
94.14,34.99,0.0,93.73,100.0,Weekday,Wednesday,Medium_Load
5.4,0.0,21.56,100.0,24.3,Weekday,Friday,Medium_Load
43.6,7.96,1.04,98.37,99.97,Weekday,Thursday,Medium_Load
3.67,0.0,17.14,100.0,20.94,Weekend,Saturday,Medium_Load
3.06,0.0,16.27,100.0,18.48,Weekend,Sunday,Light_Load
119.59,57.2,0.0,90.21,100.0,Weekday,Wednesday,Maximum_Load
47.05,18.54,0.0,93.04,100.0,Weekday,Thursday,Maximum_Load
3.92,0.0,25.7,100.0,15.08,Weekend,Saturday,Medium_Load
2.7,4.93,0.0,48.03,100.0,Weekend,Saturday,Light_Load
3.35,5.98,0.0,48.87,100.0,Weekday,Wednesday,Light_Load
3.46,0.0,6.37,100.0,47.73,Weekend,Saturday,Medium_Load
3.6,0.0,15.41,100.0,22.75,Weekend,Sunday,Light_Load
48.92,12.78,0.0,96.75,100.0,Weekday,Thursday,Maximum_Load
3.64,4.43,0.0,63.49,100.0,Weekday,Tuesday,Light_Load
4.75,0.0,9.47,100.0,44.83,Weekend,Sunday,Maximum_Load
2.92,5.22,0.0,48.82,100.0,Weekday,Thursday,Light_Load
3.02,0.0,16.88,100.0,17.61,Weekday,Wednesday,Medium_Load
3.17,5.33,0.0,51.12,100.0,Weekend,Saturday,Medium_Load
4.25,0.0,22.0,100.0,18.97,Weekend,Sunday,Light_Load
37.69,9.83,5.15,96.76,99.08,Weekend,Sunday,Medium_Load
34.34,0.07,3.42,100.0,99.51,Weekend,Sunday,Maximum_Load
5.58,5.76,0.0,69.58,100.0,Weekday,Wednesday,Light_Load
106.74,33.19,0.0,95.49,100.0,Weekday,Wednesday,Maximum_Load
4.64,5.9,0.0,61.82,100.0,Weekday,Tuesday,Light_Load
4.64,5.94,0.0,61.56,100.0,Weekday,Tuesday,Light_Load
3.89,7.02,0.0,48.47,100.0,Weekday,Wednesday,Light_Load
5.65,5.0,0.0,74.89,100.0,Weekday,Monday,Light_Load
6.05,6.52,0.0,68.02,100.0,Weekday,Thursday,Light_Load
81.65,52.56,0.0,84.08,100.0,Weekday,Tuesday,Medium_Load
109.76,49.64,0.0,91.11,100.0,Weekday,Wednesday,Maximum_Load
3.28,5.29,0.0,52.7,100.0,Weekday,Wednesday,Light_Load
5.08,0.0,22.1,100.0,22.4,Weekday,Wednesday,Maximum_Load
2.74,5.0,0.0,48.06,100.0,Weekend,Sunday,Light_Load
2.81,0.0,11.34,100.0,24.05,Weekend,Saturday,Medium_Load
50.83,12.78,0.0,96.98,100.0,Weekday,Monday,Medium_Load
2.88,3.92,0.0,59.21,100.0,Weekend,Sunday,Light_Load
2.92,6.08,0.0,43.29,100.0,Weekday,Tuesday,Light_Load
3.85,6.01,0.0,53.94,100.0,Weekend,Saturday,Light_Load
3.31,5.72,0.0,50.09,100.0,Weekday,Tuesday,Light_Load
102.71,35.39,0.0,94.55,100.0,Weekday,Tuesday,Maximum_Load
3.06,6.12,0.0,44.72,100.0,Weekday,Friday,Light_Load
3.28,4.39,0.0,59.85,100.0,Weekend,Saturday,Light_Load
2.66,4.57,0.0,50.3,100.0,Weekday,Monday,Light_Load
2.88,5.11,0.0,49.1,100.0,Weekend,Saturday,Light_Load
2.99,4.9,0.0,52.09,100.0,Weekday,Thursday,Light_Load
4.03,3.35,0.14,76.9,99.94,Weekend,Saturday,Light_Load
59.26,36.79,0.0,84.96,100.0,Weekday,Monday,Medium_Load
4.68,4.68,0.0,70.71,100.0,Weekday,Friday,Light_Load
2.63,4.86,0.0,47.59,100.0,Weekday,Monday,Light_Load
5.04,0.0,19.4,100.0,25.14,Weekend,Saturday,Light_Load
51.16,19.04,0.0,93.72,100.0,Weekday,Tuesday,Medium_Load
6.95,5.0,0.0,81.18,100.0,Weekend,Saturday,Light_Load
3.89,0.0,24.05,100.0,15.97,Weekend,Saturday,Medium_Load
3.17,1.51,9.54,90.28,31.53,Weekend,Saturday,Medium_Load
6.16,4.07,5.33,83.43,75.62,Weekday,Monday,Medium_Load
3.78,4.79,0.0,61.95,100.0,Weekday,Monday,Light_Load
48.85,14.8,0.0,95.7,100.0,Weekday,Tuesday,Medium_Load
3.13,5.26,0.0,51.14,100.0,Weekday,Tuesday,Light_Load
11.41,0.0,22.93,100.0,44.55,Weekday,Tuesday,Medium_Load
4.1,0.0,27.07,100.0,14.98,Weekday,Wednesday,Medium_Load
5.94,0.0,22.9,100.0,25.11,Weekend,Saturday,Medium_Load
63.61,27.94,0.0,91.56,100.0,Weekday,Friday,Maximum_Load
31.61,23.8,0.0,79.89,100.0,Weekday,Wednesday,Light_Load
3.1,2.48,0.0,78.09,100.0,Weekday,Wednesday,Light_Load
3.24,2.63,0.0,77.64,100.0,Weekday,Friday,Light_Load
2.99,3.13,0.0,69.08,100.0,Weekday,Wednesday,Light_Load
48.6,26.28,0.0,87.96,100.0,Weekday,Friday,Medium_Load
87.08,44.03,0.0,89.24,100.0,Weekday,Wednesday,Maximum_Load
53.39,26.32,0.0,89.69,100.0,Weekday,Friday,Maximum_Load
4.07,0.0,26.17,100.0,15.37,Weekday,Thursday,Medium_Load
10.76,0.0,19.73,100.0,47.88,Weekday,Friday,Medium_Load
3.17,4.18,0.0,60.43,100.0,Weekend,Sunday,Light_Load
99.25,69.55,0.0,81.89,100.0,Weekday,Monday,Maximum_Load
108.94,71.42,0.0,83.63,100.0,Weekday,Wednesday,Light_Load
58.1,35.68,0.0,85.21,100.0,Weekday,Monday,Maximum_Load
4.03,0.0,26.57,100.0,15.0,Weekend,Saturday,Medium_Load
100.44,35.42,0.0,94.31,100.0,Weekday,Thursday,Maximum_Load
32.33,0.22,4.1,100.0,99.21,Weekend,Sunday,Maximum_Load
2.95,0.0,13.97,100.0,20.66,Weekend,Sunday,Light_Load
3.06,4.25,0.0,58.43,100.0,Weekend,Saturday,Medium_Load
2.92,0.0,4.18,100.0,57.27,Weekend,Sunday,Light_Load
4.64,0.0,26.46,100.0,17.27,Weekend,Saturday,Medium_Load
2.59,4.46,0.0,50.22,100.0,Weekday,Thursday,Light_Load
3.06,4.75,0.0,54.16,100.0,Weekend,Sunday,Light_Load
3.56,0.0,26.6,100.0,13.27,Weekday,Monday,Medium_Load
3.64,1.04,5.47,96.15,55.4,Weekday,Tuesday,Medium_Load
51.84,22.5,0.0,91.73,100.0,Weekday,Monday,Maximum_Load
2.92,0.0,11.27,100.0,25.08,Weekend,Sunday,Light_Load
2.63,4.61,0.0,49.55,100.0,Weekend,Sunday,Light_Load
2.81,4.54,0.0,52.63,100.0,Weekday,Friday,Light_Load
3.1,4.36,0.0,57.95,100.0,Weekday,Friday,Light_Load
8.32,0.0,13.5,100.0,52.47,Weekday,Friday,Medium_Load
44.78,21.38,0.0,90.24,100.0,Weekday,Friday,Medium_Load
3.24,3.1,0.0,72.25,100.0,Weekend,Saturday,Light_Load
109.33,43.92,0.0,92.79,100.0,Weekend,Saturday,Maximum_Load
36.68,14.94,0.0,92.61,100.0,Weekend,Saturday,Maximum_Load
3.28,1.19,10.22,94.0,30.56,Weekday,Thursday,Light_Load
51.23,23.0,0.0,91.23,100.0,Weekday,Thursday,Maximum_Load
3.06,3.64,0.0,64.35,100.0,Weekday,Thursday,Light_Load
37.76,15.23,0.0,92.74,100.0,Weekday,Tuesday,Medium_Load
107.03,34.52,0.0,95.17,100.0,Weekday,Friday,Maximum_Load
3.1,0.0,16.31,100.0,18.67,Weekend,Sunday,Light_Load
66.02,25.63,0.0,93.22,100.0,Weekday,Tuesday,Maximum_Load
62.96,38.38,0.0,85.39,100.0,Weekday,Tuesday,Medium_Load
93.2,37.91,0.0,92.63,100.0,Weekday,Friday,Maximum_Load
3.35,3.74,0.0,66.72,100.0,Weekday,Monday,Light_Load
4.07,0.0,10.58,100.0,35.9,Weekend,Saturday,Medium_Load
92.52,26.89,0.0,96.03,100.0,Weekend,Sunday,Medium_Load
3.82,4.54,0.0,64.38,100.0,Weekday,Monday,Light_Load
2.92,4.1,0.0,58.01,100.0,Weekend,Sunday,Light_Load
41.44,35.93,0.0,75.56,100.0,Weekday,Tuesday,Light_Load
2.74,5.15,0.0,46.97,100.0,Weekday,Wednesday,Light_Load
2.59,4.75,0.0,47.87,100.0,Weekday,Tuesday,Light_Load
2.66,4.36,0.0,52.08,100.0,Weekday,Wednesday,Medium_Load
51.66,30.17,0.0,86.35,100.0,Weekday,Wednesday,Maximum_Load
64.58,38.41,0.0,85.95,100.0,Weekday,Thursday,Maximum_Load
4.86,0.0,27.29,100.0,17.53,Weekend,Saturday,Medium_Load
3.85,0.0,18.11,100.0,20.79,Weekday,Thursday,Maximum_Load
123.73,51.66,0.0,92.28,100.0,Weekday,Monday,Maximum_Load
82.33,26.03,0.0,95.35,100.0,Weekday,Monday,Medium_Load
56.09,19.22,0.0,94.6,100.0,Weekday,Thursday,Maximum_Load
75.71,9.58,0.97,99.21,99.99,Weekday,Tuesday,Maximum_Load
5.15,0.0,26.64,100.0,18.98,Weekday,Thursday,Medium_Load
58.82,18.9,0.0,95.21,100.0,Weekday,Tuesday,Medium_Load
4.57,5.11,0.0,66.66,100.0,Weekday,Monday,Light_Load
47.41,25.02,0.0,88.44,100.0,Weekday,Friday,Medium_Load
2.88,6.01,0.0,43.21,100.0,Weekday,Friday,Light_Load
2.99,0.0,17.03,100.0,17.29,Weekend,Sunday,Medium_Load
5.8,6.01,0.0,69.44,100.0,Weekday,Friday,Light_Load
118.12,59.47,0.0,89.32,100.0,Weekday,Friday,Medium_Load
2.59,3.42,0.0,60.37,100.0,Weekend,Sunday,Light_Load
3.28,5.18,0.0,53.5,100.0,Weekday,Wednesday,Light_Load
3.13,6.08,0.0,45.77,100.0,Weekday,Thursday,Light_Load
4.03,2.66,0.4,83.46,99.51,Weekday,Thursday,Light_Load
4.82,7.49,0.0,54.12,100.0,Weekday,Wednesday,Light_Load
5.33,6.23,0.0,65.01,100.0,Weekday,Monday,Light_Load
4.03,0.0,26.64,100.0,14.96,Weekend,Saturday,Medium_Load
2.63,4.86,0.0,47.59,100.0,Weekday,Thursday,Light_Load
4.72,3.35,0.04,81.55,100.0,Weekend,Saturday,Light_Load
66.53,43.06,0.0,83.95,100.0,Weekday,Wednesday,Maximum_Load
2.92,4.46,0.0,54.78,100.0,Weekend,Sunday,Light_Load
3.56,3.2,0.0,74.37,100.0,Weekday,Thursday,Light_Load
3.46,7.88,0.0,40.2,100.0,Weekday,Thursday,Medium_Load
3.02,6.08,0.0,44.49,100.0,Weekend,Sunday,Light_Load
9.76,0.0,25.24,100.0,36.07,Weekday,Thursday,Medium_Load
50.87,20.48,0.0,92.76,100.0,Weekday,Friday,Medium_Load
3.1,1.87,0.36,85.63,99.33,Weekday,Friday,Light_Load
4.68,3.78,0.0,77.79,100.0,Weekday,Tuesday,Light_Load
100.33,35.75,0.0,94.2,100.0,Weekday,Friday,Medium_Load
55.58,42.55,0.0,79.4,100.0,Weekday,Tuesday,Maximum_Load
104.47,41.83,0.0,92.83,100.0,Weekend,Saturday,Maximum_Load
3.31,4.25,0.0,61.45,100.0,Weekday,Monday,Light_Load
70.63,20.12,0.04,96.17,100.0,Weekday,Wednesday,Medium_Load
9.04,0.0,26.1,100.0,32.73,Weekday,Wednesday,Medium_Load
3.71,4.36,0.0,64.81,100.0,Weekday,Thursday,Medium_Load
2.77,5.15,0.0,47.37,100.0,Weekend,Sunday,Light_Load
3.67,4.64,0.0,62.04,100.0,Weekday,Thursday,Light_Load
2.81,4.68,0.0,51.48,100.0,Weekday,Thursday,Light_Load
5.8,2.92,0.29,89.32,99.88,Weekday,Wednesday,Light_Load
35.89,26.24,0.0,80.73,100.0,Weekday,Friday,Maximum_Load
3.1,6.16,0.0,44.95,100.0,Weekday,Monday,Light_Load
2.84,0.0,17.06,100.0,16.42,Weekday,Wednesday,Light_Load
3.38,6.08,0.0,48.59,100.0,Weekend,Saturday,Light_Load
7.2,5.18,0.0,81.17,100.0,Weekday,Friday,Light_Load
4.07,4.18,0.0,69.76,100.0,Weekday,Wednesday,Light_Load
2.92,4.72,0.0,52.61,100.0,Weekday,Thursday,Light_Load
22.18,0.0,13.28,100.0,85.8,Weekday,Thursday,Medium_Load
77.26,26.35,0.0,94.65,100.0,Weekday,Tuesday,Light_Load
3.74,0.0,17.53,100.0,20.87,Weekend,Saturday,Light_Load
52.56,19.37,0.0,93.83,100.0,Weekday,Friday,Maximum_Load
3.85,3.46,0.0,74.38,100.0,Weekday,Monday,Light_Load
4.9,6.62,0.0,59.49,100.0,Weekend,Saturday,Light_Load
36.94,11.27,0.0,95.65,100.0,Weekday,Monday,Maximum_Load
65.2,19.15,0.0,95.95,100.0,Weekend,Saturday,Medium_Load
2.92,5.65,0.0,45.91,100.0,Weekend,Saturday,Light_Load
3.6,4.14,0.0,65.62,100.0,Weekday,Thursday,Light_Load
3.17,0.0,11.95,100.0,25.64,Weekend,Sunday,Medium_Load
10.01,1.94,15.48,98.17,54.3,Weekday,Tuesday,Medium_Load
2.74,4.97,0.0,48.28,100.0,Weekday,Thursday,Light_Load
6.01,5.04,0.0,76.62,100.0,Weekend,Saturday,Light_Load
3.1,2.38,0.0,79.32,100.0,Weekday,Monday,Light_Load
30.96,1.12,4.32,99.93,99.04,Weekend,Sunday,Medium_Load
2.74,5.15,0.0,46.97,100.0,Weekday,Wednesday,Light_Load
58.0,19.04,0.0,95.01,100.0,Weekday,Friday,Maximum_Load
99.86,29.88,0.0,95.8,100.0,Weekday,Wednesday,Maximum_Load
2.66,4.64,0.0,49.73,100.0,Weekend,Saturday,Light_Load
61.42,40.46,0.0,83.51,100.0,Weekday,Friday,Maximum_Load
57.42,37.66,0.14,83.62,100.0,Weekday,Thursday,Medium_Load
4.93,0.0,19.26,100.0,24.8,Weekday,Monday,Medium_Load
4.57,4.1,0.0,74.43,100.0,Weekend,Sunday,Maximum_Load
4.18,0.0,26.96,100.0,15.32,Weekend,Saturday,Medium_Load
3.67,0.0,25.34,100.0,14.33,Weekday,Thursday,Medium_Load
3.13,6.19,0.0,45.12,100.0,Weekday,Monday,Light_Load
53.24,17.35,0.0,95.08,100.0,Weekday,Tuesday,Maximum_Load
3.31,5.9,0.0,48.93,100.0,Weekday,Wednesday,Light_Load
67.1,37.98,0.0,87.03,100.0,Weekend,Saturday,Maximum_Load
3.6,5.04,0.0,58.12,100.0,Weekday,Thursday,Medium_Load
5.58,0.0,21.56,100.0,25.06,Weekday,Friday,Medium_Load
111.46,49.32,0.0,91.45,100.0,Weekday,Tuesday,Maximum_Load
79.63,50.87,0.0,84.27,100.0,Weekday,Tuesday,Maximum_Load
4.18,5.29,0.0,62.0,100.0,Weekend,Saturday,Light_Load
2.81,5.15,0.0,47.9,100.0,Weekday,Thursday,Light_Load
3.89,0.0,9.86,100.0,36.7,Weekday,Wednesday,Medium_Load
30.06,7.38,0.36,97.12,99.99,Weekday,Tuesday,Medium_Load
2.74,4.82,0.0,49.42,100.0,Weekday,Monday,Light_Load
61.16,38.3,0.0,84.75,100.0,Weekday,Wednesday,Maximum_Load
3.02,0.0,17.39,100.0,17.11,Weekend,Saturday,Light_Load
3.1,4.1,0.0,60.31,100.0,Weekday,Tuesday,Light_Load
3.35,0.0,14.9,100.0,21.94,Weekend,Saturday,Light_Load
73.94,32.08,0.0,91.74,100.0,Weekday,Thursday,Maximum_Load
2.56,4.32,0.0,50.98,100.0,Weekday,Friday,Light_Load
3.38,3.1,0.0,73.7,100.0,Weekend,Saturday,Light_Load
46.26,24.52,0.0,88.36,100.0,Weekday,Monday,Maximum_Load
124.49,51.73,0.0,92.34,100.0,Weekday,Thursday,Light_Load
4.1,0.0,19.4,100.0,20.68,Weekend,Saturday,Light_Load
2.88,4.18,0.0,56.74,100.0,Weekday,Monday,Light_Load
93.71,26.42,0.0,96.25,100.0,Weekday,Tuesday,Maximum_Load
4.54,0.0,16.63,100.0,26.34,Weekend,Saturday,Maximum_Load
5.29,4.82,0.0,73.92,100.0,Weekday,Tuesday,Light_Load
2.88,4.54,0.0,53.57,100.0,Weekday,Monday,Light_Load
60.34,32.33,0.0,88.14,100.0,Weekday,Monday,Maximum_Load
117.54,42.91,0.0,93.94,100.0,Weekday,Wednesday,Maximum_Load
3.6,0.0,21.06,100.0,16.85,Weekend,Saturday,Medium_Load
31.21,0.11,7.7,100.0,97.09,Weekday,Monday,Medium_Load
72.86,56.81,0.0,78.86,100.0,Weekday,Tuesday,Light_Load
3.28,0.0,16.88,100.0,19.07,Weekend,Sunday,Light_Load
53.86,22.46,0.0,92.3,100.0,Weekday,Monday,Maximum_Load
53.39,27.61,0.0,88.83,100.0,Weekday,Friday,Medium_Load
3.1,3.64,0.0,64.84,100.0,Weekday,Monday,Light_Load
3.42,4.9,0.0,57.23,100.0,Weekday,Tuesday,Light_Load
4.46,4.75,0.0,68.45,100.0,Weekend,Sunday,Light_Load
48.89,16.85,0.0,94.54,100.0,Weekday,Friday,Medium_Load
2.77,5.26,0.0,46.6,100.0,Weekend,Sunday,Light_Load
65.74,28.19,0.0,91.91,100.0,Weekday,Friday,Medium_Load
3.2,4.39,0.0,58.9,100.0,Weekday,Tuesday,Light_Load
3.49,5.62,0.0,52.76,100.0,Weekday,Friday,Light_Load
2.48,4.97,0.0,44.65,100.0,Weekday,Thursday,Light_Load
62.24,23.15,0.0,93.73,100.0,Weekday,Wednesday,Medium_Load
45.68,10.55,0.36,97.44,100.0,Weekend,Saturday,Maximum_Load
3.24,5.0,0.0,54.38,100.0,Weekend,Saturday,Light_Load
4.61,4.72,0.0,69.87,100.0,Weekday,Wednesday,Light_Load
2.92,5.29,0.0,48.33,100.0,Weekday,Wednesday,Light_Load
56.2,31.32,0.0,87.35,100.0,Weekday,Wednesday,Maximum_Load
28.12,9.43,0.14,94.81,100.0,Weekday,Monday,Medium_Load
75.53,36.22,0.0,90.17,100.0,Weekday,Thursday,Maximum_Load
2.84,5.18,0.0,48.07,100.0,Weekday,Monday,Light_Load
64.84,28.55,0.0,91.52,100.0,Weekday,Tuesday,Light_Load
11.74,0.0,18.14,100.0,54.33,Weekend,Saturday,Maximum_Load
61.16,47.92,0.0,78.72,100.0,Weekday,Tuesday,Medium_Load
37.33,1.08,2.09,99.96,99.84,Weekday,Friday,Medium_Load
3.06,0.0,15.66,100.0,19.18,Weekday,Wednesday,Light_Load
2.95,4.72,0.0,53.0,100.0,Weekday,Monday,Light_Load
3.1,0.0,16.96,100.0,17.98,Weekday,Tuesday,Light_Load
62.42,32.9,0.0,88.46,100.0,Weekday,Wednesday,Light_Load
55.51,42.7,0.0,79.26,100.0,Weekday,Wednesday,Maximum_Load
2.88,4.75,0.0,51.85,100.0,Weekday,Tuesday,Light_Load
84.1,56.95,0.0,82.8,100.0,Weekday,Tuesday,Maximum_Load
3.78,6.7,0.0,49.14,100.0,Weekend,Saturday,Maximum_Load
3.02,0.0,12.53,100.0,23.43,Weekend,Sunday,Light_Load
57.1,42.34,0.0,80.33,100.0,Weekday,Wednesday,Maximum_Load
6.91,0.0,24.48,100.0,27.17,Weekday,Thursday,Medium_Load
4.18,3.96,0.0,72.6,100.0,Weekend,Saturday,Light_Load
86.94,42.66,0.0,89.77,100.0,Weekday,Thursday,Light_Load
70.02,34.52,0.0,89.69,100.0,Weekday,Tuesday,Medium_Load
3.06,2.16,0.07,81.7,99.97,Weekend,Sunday,Light_Load
34.92,5.22,0.83,98.9,99.97,Weekday,Monday,Medium_Load
2.7,4.79,0.0,49.1,100.0,Weekday,Friday,Light_Load
45.83,13.72,0.0,95.8,100.0,Weekday,Tuesday,Maximum_Load
2.95,5.54,0.0,47.0,100.0,Weekday,Friday,Light_Load
109.76,52.16,0.0,90.32,100.0,Weekday,Tuesday,Maximum_Load
58.21,21.64,0.0,93.73,100.0,Weekday,Monday,Medium_Load
2.92,5.4,0.0,47.57,100.0,Weekday,Friday,Light_Load
2.74,5.18,0.0,46.76,100.0,Weekday,Thursday,Light_Load
2.81,3.67,0.0,60.79,100.0,Weekend,Sunday,Light_Load
2.99,0.0,14.08,100.0,20.77,Weekend,Sunday,Light_Load
3.67,4.97,0.0,59.4,100.0,Weekday,Tuesday,Light_Load
3.6,3.17,0.0,75.05,100.0,Weekday,Thursday,Medium_Load
35.21,3.67,3.24,99.46,99.58,Weekday,Monday,Medium_Load
7.99,0.0,14.98,100.0,47.06,Weekday,Wednesday,Medium_Load
59.26,41.58,0.0,81.86,100.0,Weekday,Tuesday,Maximum_Load
63.04,47.52,0.0,79.85,100.0,Weekday,Thursday,Light_Load
2.84,5.29,0.0,47.3,100.0,Weekend,Sunday,Light_Load
2.77,4.54,0.0,52.08,100.0,Weekend,Sunday,Light_Load
55.98,21.85,0.0,93.16,100.0,Weekday,Tuesday,Medium_Load
2.77,5.72,0.0,43.58,100.0,Weekend,Sunday,Light_Load
24.62,0.79,2.56,99.95,99.46,Weekend,Sunday,Light_Load
5.15,3.67,0.0,81.44,100.0,Weekday,Tuesday,Maximum_Load
97.34,44.78,0.0,90.85,100.0,Weekday,Monday,Medium_Load
123.8,62.24,0.0,89.34,100.0,Weekday,Friday,Maximum_Load
115.81,48.6,0.0,92.21,100.0,Weekday,Wednesday,Medium_Load
83.45,22.21,0.0,96.64,100.0,Weekday,Monday,Medium_Load
3.28,3.74,0.0,65.94,100.0,Weekday,Monday,Light_Load
92.16,46.33,0.0,89.35,100.0,Weekday,Tuesday,Medium_Load
2.95,0.0,14.33,100.0,20.16,Weekend,Sunday,Light_Load
3.49,5.69,0.0,52.28,100.0,Weekday,Friday,Light_Load
3.35,2.59,0.04,79.11,99.99,Weekday,Tuesday,Light_Load
40.25,12.92,0.0,95.21,100.0,Weekday,Friday,Medium_Load
63.54,52.27,0.0,77.23,100.0,Weekday,Friday,Maximum_Load
3.06,3.49,0.0,65.93,100.0,Weekday,Monday,Light_Load
5.94,5.29,0.0,74.68,100.0,Weekday,Thursday,Light_Load
70.13,40.75,0.0,86.46,100.0,Weekday,Thursday,Medium_Load
3.02,2.7,0.0,74.55,100.0,Weekend,Saturday,Light_Load
37.33,34.49,0.0,73.45,100.0,Weekday,Friday,Light_Load
54.25,25.42,0.0,90.55,100.0,Weekday,Monday,Maximum_Load
81.58,22.18,0.0,96.5,100.0,Weekend,Sunday,Medium_Load
3.78,0.0,17.68,100.0,20.91,Weekend,Sunday,Light_Load
92.99,52.16,0.0,87.22,100.0,Weekday,Tuesday,Maximum_Load
3.2,5.11,0.0,53.07,100.0,Weekday,Friday,Light_Load
3.35,4.64,0.0,58.54,100.0,Weekday,Thursday,Light_Load
2.92,4.36,0.0,55.65,100.0,Weekday,Tuesday,Light_Load
34.42,2.27,0.32,99.78,100.0,Weekday,Wednesday,Medium_Load
3.17,3.35,0.0,68.73,100.0,Weekend,Saturday,Light_Load
3.02,0.0,11.38,100.0,25.65,Weekend,Sunday,Light_Load
2.92,5.58,0.0,46.37,100.0,Weekday,Monday,Light_Load
3.6,4.0,0.0,66.9,100.0,Weekday,Monday,Light_Load
37.94,0.86,1.58,99.97,99.91,Weekday,Wednesday,Maximum_Load
3.64,4.46,0.0,63.23,100.0,Weekday,Friday,Light_Load
87.05,32.51,0.0,93.68,100.0,Weekday,Tuesday,Medium_Load
3.38,4.21,0.0,62.6,100.0,Weekday,Friday,Light_Load
5.83,5.33,0.0,73.8,100.0,Weekday,Wednesday,Light_Load
3.64,5.26,0.0,56.9,100.0,Weekday,Friday,Light_Load
71.6,32.08,0.0,91.26,100.0,Weekday,Thursday,Maximum_Load
83.27,38.34,0.0,90.83,100.0,Weekday,Friday,Medium_Load
88.81,13.86,0.4,98.8,100.0,Weekday,Wednesday,Maximum_Load
3.35,5.22,0.0,54.01,100.0,Weekday,Wednesday,Light_Load
3.82,0.0,17.42,100.0,21.42,Weekday,Wednesday,Medium_Load
3.38,2.77,0.0,77.34,100.0,Weekend,Sunday,Light_Load
4.03,0.0,17.53,100.0,22.4,Weekend,Sunday,Maximum_Load
63.54,43.74,0.0,82.37,100.0,Weekday,Friday,Light_Load
2.81,5.54,0.0,45.24,100.0,Weekend,Sunday,Light_Load
5.51,0.0,15.95,100.0,32.65,Weekday,Tuesday,Medium_Load
99.68,28.8,0.0,96.07,100.0,Weekday,Tuesday,Medium_Load
55.8,21.56,0.0,93.28,100.0,Weekday,Monday,Medium_Load
4.25,3.38,0.07,78.27,99.99,Weekday,Wednesday,Light_Load
40.1,31.18,0.0,78.94,100.0,Weekend,Sunday,Light_Load
3.96,6.3,0.0,53.22,100.0,Weekend,Saturday,Light_Load
51.66,31.1,0.0,85.67,100.0,Weekday,Wednesday,Maximum_Load
3.13,2.88,0.0,73.59,100.0,Weekend,Saturday,Light_Load
65.95,10.22,1.58,98.82,99.97,Weekday,Thursday,Medium_Load
85.68,32.72,0.0,93.42,100.0,Weekday,Monday,Light_Load
3.06,2.74,0.0,74.5,100.0,Weekend,Saturday,Light_Load
3.31,4.46,0.0,59.6,100.0,Weekday,Thursday,Light_Load
2.88,5.11,0.0,49.1,100.0,Weekday,Tuesday,Light_Load
2.7,5.18,0.0,46.22,100.0,Weekday,Friday,Light_Load
3.46,0.0,18.0,100.0,18.88,Weekday,Monday,Medium_Load
107.46,58.75,0.0,87.74,100.0,Weekday,Friday,Maximum_Load
3.85,0.0,27.11,100.0,14.06,Weekend,Sunday,Light_Load
46.69,36.83,0.0,78.51,100.0,Weekday,Wednesday,Medium_Load
2.81,4.39,0.0,53.91,100.0,Weekend,Sunday,Light_Load
28.48,30.56,0.0,68.18,100.0,Weekday,Friday,Light_Load
66.49,35.32,0.0,88.31,100.0,Weekday,Wednesday,Medium_Load
3.06,5.51,0.0,48.55,100.0,Weekday,Friday,Light_Load
3.82,0.0,19.91,100.0,18.84,Weekend,Sunday,Light_Load
6.3,0.0,19.87,100.0,30.22,Weekday,Monday,Medium_Load
52.27,17.75,0.0,94.69,100.0,Weekday,Friday,Maximum_Load
49.28,16.56,0.0,94.79,100.0,Weekday,Wednesday,Maximum_Load
3.02,0.0,4.64,100.0,54.55,Weekday,Thursday,Light_Load
23.65,15.08,0.0,84.32,100.0,Weekday,Wednesday,Light_Load
4.9,6.91,0.0,57.84,100.0,Weekday,Tuesday,Light_Load
3.17,3.85,0.0,63.56,100.0,Weekday,Thursday,Light_Load
2.92,5.54,0.0,46.63,100.0,Weekend,Saturday,Light_Load
145.51,81.94,0.0,87.13,100.0,Weekday,Thursday,Maximum_Load
3.71,2.59,0.14,82.0,99.93,Weekend,Saturday,Light_Load
38.16,0.86,1.19,99.97,99.95,Weekend,Saturday,Maximum_Load
