Date,Start_Hour,End_Hour,Source,Production
12/18/2022,21,22,Wind,11400
1/29/2024,14,15,Wind,7917
8/1/2024,15,16,Solar,8835
11/10/2020,1,2,Wind,989
12/19/2022,1,2,Wind,12526
10/18/2024,13,14,Solar,4855
4/10/2020,17,18,Solar,3692
1/25/2023,0,1,Wind,2156
12/12/2021,12,13,Wind,5813
10/11/2020,13,14,Wind,6106
1/8/2024,23,0,Wind,5515
1/8/2020,18,19,Wind,2785
1/29/2022,20,21,Wind,8498
6/2/2021,15,16,Solar,5561
6/11/2024,7,8,Wind,2328
6/5/2020,21,22,Wind,6664
5/2/2021,13,14,Solar,4993
1/13/2022,0,1,Wind,3276
7/24/2020,3,4,Wind,1739
8/29/2024,5,6,Wind,2083
1/3/2024,0,1,Wind,17272
4/2/2024,2,3,Wind,12285
7/29/2020,16,17,Solar,3480
11/5/2024,6,7,Wind,1690
10/24/2022,8,9,Wind,11508
2/27/2023,10,11,Wind,15692
4/2/2020,15,16,Solar,4169
5/13/2020,3,4,Wind,3174
11/22/2023,14,15,Wind,7314
9/11/2021,11,12,Solar,4969
4/7/2025,15,16,Solar,9862
7/27/2025,22,23,Wind,3862
3/11/2021,13,14,Wind,16144
4/30/2022,16,17,Solar,8188
1/19/2023,23,0,Wind,1710
9/11/2022,4,5,Wind,472
9/25/2021,16,17,Solar,3402
8/8/2020,12,13,Solar,3996
6/8/2021,1,2,Wind,1148
6/10/2024,21,22,Wind,4062
6/18/2020,0,1,Wind,1443
5/30/2023,17,18,Wind,13363
2/17/2022,1,2,Wind,15609
5/11/2022,19,20,Wind,8878
5/7/2024,7,8,Wind,2974
11/22/2025,12,13,Wind,12324
4/9/2021,21,22,Wind,5279
12/24/2021,11,12,Wind,3872
3/11/2023,12,13,Wind,6406
8/13/2021,13,14,Solar,5323
2/1/2021,15,16,Wind,7166
9/11/2023,13,14,Solar,7117
7/1/2020,13,14,Wind,5874
3/10/2025,9,10,Solar,4807
6/23/2023,15,16,Solar,7976
2/9/2023,13,14,Solar,5168
5/24/2020,0,1,Wind,4384
7/26/2021,23,0,Wind,1465
9/28/2020,6,7,Wind,3962
8/25/2021,0,1,Wind,6786
12/16/2021,14,15,Wind,5553
3/11/2022,22,23,Wind,10557
4/13/2020,17,18,Wind,10961
10/4/2022,23,0,Wind,2160
6/12/2025,1,2,Wind,8382
8/18/2022,10,11,Solar,3688
10/25/2025,18,19,Wind,8209
10/24/2023,22,23,Wind,6448
10/13/2021,18,19,Wind,2194
7/19/2025,11,12,Wind,10173
6/1/2021,5,6,Wind,5221
6/30/2022,22,23,Wind,2181
1/4/2020,5,6,Wind,3143
4/23/2020,3,4,Wind,2541
9/19/2021,9,10,Wind,4133
2/1/2021,5,6,Wind,5020
7/8/2022,8,9,Wind,3748
7/8/2025,13,14,Solar,13125
7/7/2021,14,15,Solar,5096
1/22/2020,15,16,Wind,4074
6/28/2025,17,18,Solar,7681
2/25/2021,3,4,Wind,4820
5/22/2021,17,18,Wind,10961
2/16/2022,5,6,Wind,14822
6/22/2023,4,5,Wind,3376
6/18/2022,22,23,Wind,8199
6/8/2022,15,16,Wind,10512
12/1/2022,3,4,Wind,3869
4/17/2023,16,17,Wind,10404
12/9/2020,9,10,Wind,3334
2/7/2023,18,19,Wind,5042
9/28/2020,20,21,Wind,4228
2/12/2023,15,16,Solar,5718
11/23/2023,2,3,Wind,2948
12/12/2024,19,20,Wind,3528
5/11/2025,1,2,Wind,7504
5/30/2024,19,20,Wind,8561
7/29/2024,16,17,Solar,8215
8/27/2024,23,0,Wind,3000
11/13/2021,9,10,Wind,5084
9/20/2021,19,20,Wind,3112
2/13/2023,12,13,Solar,6722
11/14/2020,2,3,Wind,4362
1/29/2025,0,1,Wind,18199
3/2/2022,4,5,Wind,2961
6/6/2025,16,17,Wind,7448
7/15/2025,2,3,Wind,3144
5/15/2022,15,16,Solar,9252
6/6/2024,16,17,Solar,7935
12/1/2020,6,7,Wind,7577
2/1/2020,20,21,Wind,10073
12/5/2022,7,8,Wind,723
11/2/2021,17,18,Wind,1723
3/30/2024,15,16,Solar,7864
5/7/2020,14,15,Solar,4403
7/22/2024,4,5,Wind,3323
1/23/2022,23,0,Wind,3658
4/16/2024,8,9,Wind,14410
2/2/2021,17,18,Wind,9228
4/6/2025,12,13,Solar,8484
10/24/2025,20,21,Wind,12993
9/12/2024,19,20,Wind,4668
6/1/2021,20,21,Wind,3220
6/10/2022,4,5,Wind,2337
5/12/2024,4,5,Wind,3727
11/1/2025,1,2,Wind,13837
5/29/2022,9,10,Solar,7338
8/30/2023,18,19,Wind,7641
4/29/2023,20,21,Wind,2453
5/22/2022,15,16,Solar,5188
8/12/2022,12,13,Solar,8910
8/31/2020,13,14,Solar,4731
9/17/2020,1,2,Wind,5365
5/13/2023,10,11,Solar,7155
10/16/2021,15,16,Solar,4121
1/4/2022,8,9,Wind,6398
11/10/2024,22,23,Wind,2532
4/25/2022,21,22,Wind,2493
5/14/2021,11,12,Wind,7152
10/14/2020,8,9,Wind,3082
9/29/2021,13,14,Wind,11398
2/2/2020,2,3,Wind,6412
7/10/2021,19,20,Wind,3038
6/9/2022,0,1,Wind,6305
12/4/2021,2,3,Wind,8913
8/5/2020,4,5,Wind,1018
1/22/2020,16,17,Wind,3930
2/21/2024,0,1,Wind,3618
1/1/2021,12,13,Solar,1994
7/20/2021,22,23,Wind,3054
7/9/2025,11,12,Solar,9719
12/8/2024,6,7,Wind,16946
10/21/2024,20,21,Wind,4621
7/3/2025,13,14,Solar,9835
6/3/2022,8,9,Wind,3026
6/15/2022,13,14,Solar,6208
3/18/2022,5,6,Wind,8159
3/9/2021,8,9,Wind,2948
2/17/2022,19,20,Wind,8507
11/11/2021,5,6,Wind,982
6/6/2020,1,2,Wind,5766
10/24/2020,8,9,Wind,8585
9/18/2023,9,10,Wind,8347
11/24/2025,7,8,Wind,8309
9/9/2021,1,2,Wind,2685
9/25/2025,18,19,Wind,3302
5/12/2021,17,18,Wind,4435
6/2/2022,9,10,Solar,4378
1/14/2025,15,16,Solar,4353
3/22/2023,14,15,Wind,15456
7/7/2024,19,20,Wind,4892
1/28/2021,4,5,Wind,9675
2/12/2025,1,2,Wind,2685
8/25/2021,14,15,Solar,9454
7/17/2023,6,7,Wind,2269
6/25/2025,13,14,Solar,9397
3/3/2021,9,10,Wind,1845
6/22/2021,14,15,Wind,6749
3/19/2025,13,14,Solar,13786
5/31/2020,19,20,Wind,5250
2/21/2020,16,17,Wind,7148
6/4/2023,8,9,Wind,4706
3/3/2025,18,19,Wind,2282
8/17/2025,12,13,Solar,11455
1/3/2020,21,22,Wind,4570
5/19/2023,18,19,Wind,8236
4/3/2021,5,6,Wind,7508
7/16/2025,12,13,Solar,16160
6/8/2024,5,6,Wind,2141
9/29/2022,15,16,Solar,3999
9/19/2024,8,9,Wind,8855
5/23/2021,20,21,Wind,6519
11/19/2024,2,3,Wind,16568
11/2/2025,12,13,Wind,17124
3/6/2020,19,20,Wind,4409
9/24/2025,14,15,Wind,10617
3/6/2021,0,1,Wind,6907
1/8/2024,1,2,Wind,11458
1/29/2024,9,10,Wind,8026
6/8/2024,21,22,Wind,2990
9/5/2020,2,3,Wind,2313
8/29/2023,16,17,Solar,6026
3/31/2023,21,22,Wind,17308
8/2/2021,12,13,Solar,4915
11/12/2021,19,20,Wind,4622
4/7/2024,13,14,Wind,6534
8/23/2022,20,21,Wind,692
3/31/2025,12,13,Solar,12441
12/12/2024,23,0,Wind,3205
10/30/2023,14,15,Wind,6382
7/13/2025,23,0,Wind,2819
3/10/2020,16,17,Wind,12787
1/9/2021,3,4,Wind,2353
4/2/2021,2,3,Wind,7071
11/24/2022,21,22,Wind,10233
8/4/2025,4,5,Wind,2819
9/24/2021,10,11,Solar,3708
11/14/2020,14,15,Wind,9092
2/12/2025,11,12,Solar,3734
11/18/2024,17,18,Wind,7419
8/25/2025,11,12,Solar,7160
11/11/2025,13,14,Wind,13901
9/15/2021,9,10,Wind,2675
8/21/2022,7,8,Wind,794
11/14/2025,3,4,Wind,10916
4/30/2022,10,11,Solar,6810
10/9/2022,3,4,Wind,4965
4/26/2024,0,1,Wind,2294
3/12/2022,15,16,Wind,9696
2/21/2023,12,13,Solar,4252
3/29/2023,11,12,Solar,8491
4/27/2021,22,23,Wind,2003
2/17/2020,4,5,Wind,6453
1/19/2024,23,0,Wind,3521
3/31/2025,7,8,Wind,5090
11/2/2021,12,13,Wind,6192
11/11/2022,7,8,Wind,3461
10/26/2021,12,13,Solar,5605
9/22/2022,19,20,Wind,399
5/11/2025,13,14,Solar,4563
1/28/2022,1,2,Wind,2439
11/20/2022,10,11,Wind,9228
7/12/2022,1,2,Wind,4082
11/24/2024,12,13,Wind,22929
2/1/2020,4,5,Wind,9131
11/6/2024,5,6,Wind,189
10/28/2021,9,10,Wind,6796
10/22/2020,12,13,Wind,5144
3/10/2022,0,1,Wind,6808
11/3/2021,5,6,Wind,3819
12/8/2024,2,3,Wind,16670
6/3/2020,5,6,Wind,631
6/27/2020,11,12,Wind,9506
6/4/2021,3,4,Wind,1527
11/17/2020,22,23,Wind,2667
10/21/2021,8,9,Wind,11321
8/19/2021,23,0,Wind,940
6/4/2020,23,0,Wind,2918
8/14/2023,11,12,Solar,7955
5/13/2024,3,4,Wind,2321
8/11/2024,16,17,Solar,5870
5/4/2021,7,8,Wind,13322
4/26/2025,11,12,Solar,4018
1/21/2020,18,19,Wind,3303
11/2/2021,19,20,Wind,2311
7/29/2023,1,2,Wind,3618
5/21/2023,8,9,Wind,4686
2/7/2025,18,19,Wind,9119
7/25/2022,11,12,Wind,10186
10/16/2024,16,17,Wind,11196
1/11/2022,18,19,Wind,2621
4/19/2024,2,3,Wind,6475
7/28/2024,23,0,Wind,6281
4/5/2025,18,19,Wind,8043
1/4/2022,20,21,Wind,9372
7/6/2023,4,5,Wind,1028
3/22/2024,23,0,Wind,7326
1/16/2024,9,10,Wind,2207
5/8/2024,20,21,Wind,3372
1/26/2025,19,20,Wind,19633
7/20/2020,7,8,Wind,3155
3/2/2024,1,2,Wind,11147
5/17/2021,13,14,Wind,15419
9/22/2024,4,5,Wind,3577
7/18/2021,3,4,Wind,5140
3/20/2020,15,16,Wind,7700
4/14/2025,23,0,Wind,5469
2/19/2020,7,8,Wind,7659
11/21/2021,4,5,Wind,556
10/25/2023,10,11,Wind,10951
7/16/2023,19,20,Wind,5612
7/22/2020,12,13,Solar,3790
3/8/2024,1,2,Wind,10506
12/10/2020,14,15,Wind,3341
6/19/2022,8,9,Wind,7096
10/23/2024,20,21,Wind,5480
6/11/2024,23,0,Wind,2863
9/9/2021,5,6,Wind,1689
6/11/2020,15,16,Wind,5051
6/7/2024,4,5,Wind,1976
3/26/2024,23,0,Wind,8226
2/9/2022,9,10,Wind,4407
2/15/2025,20,21,Wind,5334
4/28/2021,6,7,Wind,857
8/27/2020,11,12,Solar,4553
10/1/2024,7,8,Wind,6398
5/21/2021,0,1,Wind,9704
12/5/2021,22,23,Wind,4707
8/1/2022,14,15,Solar,6729
9/18/2022,23,0,Wind,4648
1/14/2025,4,5,Wind,2738
1/4/2025,9,10,Wind,4819
8/23/2020,20,21,Wind,3074
12/11/2022,11,12,Solar,4059
7/5/2024,2,3,Wind,3591
7/12/2021,10,11,Wind,3055
12/4/2022,18,19,Wind,1267
9/29/2023,15,16,Wind,10069
10/6/2024,10,11,Wind,7982
2/27/2023,20,21,Wind,11622
6/6/2021,7,8,Wind,2047
4/6/2022,17,18,Wind,13616
1/29/2025,14,15,Wind,13601
10/30/2024,21,22,Wind,3374
6/14/2024,18,19,Wind,11508
2/5/2024,19,20,Wind,7217
11/16/2020,2,3,Wind,9712
11/3/2025,12,13,Wind,14275
5/28/2023,22,23,Wind,9225
1/24/2020,22,23,Wind,628
2/4/2022,5,6,Wind,6025
1/2/2020,18,19,Wind,5346
8/30/2022,0,1,Wind,5425
11/29/2025,0,1,Wind,5241
5/14/2025,10,11,Solar,7025
12/25/2024,2,3,Wind,1698
9/16/2024,11,12,Solar,8063
6/13/2020,2,3,Wind,3116
5/26/2025,10,11,Solar,10578
1/29/2022,9,10,Wind,8062
8/29/2021,7,8,Wind,3373
8/17/2023,4,5,Wind,2138
11/1/2021,16,17,Wind,6650
4/27/2025,13,14,Solar,4171
3/25/2020,20,21,Wind,7278
11/13/2025,13,14,Wind,10055
10/29/2022,9,10,Wind,8680
5/12/2025,3,4,Wind,2071
12/26/2021,18,19,Wind,2979
11/27/2022,5,6,Wind,6949
6/10/2025,19,20,Wind,4337
1/14/2020,11,12,Wind,13956
4/19/2025,14,15,Wind,4692
10/16/2022,4,5,Wind,3203
11/8/2025,12,13,Solar,5483
6/3/2023,0,1,Wind,7045
12/21/2022,4,5,Wind,5289
8/15/2022,6,7,Wind,2354
6/14/2025,21,22,Wind,2617
11/11/2021,19,20,Wind,904
4/2/2024,19,20,Wind,9355
12/3/2024,0,1,Wind,6322
8/18/2021,10,11,Solar,4153
2/18/2022,0,1,Wind,6361
6/15/2020,9,10,Solar,3227
6/6/2020,3,4,Wind,5774
10/31/2022,6,7,Wind,3071
8/2/2023,18,19,Wind,18182
6/8/2023,6,7,Wind,4578
4/21/2024,15,16,Wind,10808
11/2/2025,9,10,Wind,11230
1/11/2023,22,23,Wind,15390
3/19/2020,11,12,Solar,3951
8/17/2025,8,9,Wind,6183
8/7/2020,6,7,Wind,2021
11/22/2025,9,10,Wind,8243
9/4/2025,5,6,Wind,6876
7/22/2020,10,11,Solar,2606
4/26/2021,3,4,Wind,9366
8/19/2021,4,5,Wind,1485
10/25/2022,14,15,Solar,5213
4/6/2020,9,10,Wind,6188
7/8/2023,15,16,Solar,8194
5/10/2020,10,11,Wind,2276
1/17/2020,1,2,Wind,9434
1/10/2024,9,10,Wind,2524
3/29/2022,14,15,Solar,4278
12/7/2022,14,15,Solar,3789
6/6/2024,1,2,Wind,1268
1/30/2020,6,7,Wind,6684
8/18/2020,9,10,Solar,1797
12/12/2024,7,8,Wind,3380
4/4/2022,23,0,Wind,8520
10/13/2025,4,5,Wind,6073
6/18/2024,4,5,Wind,2793
5/10/2022,6,7,Wind,2478
4/26/2023,15,16,Solar,4624
6/16/2021,2,3,Wind,1499
9/3/2021,6,7,Wind,2094
4/7/2025,3,4,Wind,6184
7/21/2020,8,9,Wind,3014
5/12/2022,10,11,Solar,4025
12/22/2022,11,12,Wind,13135
10/8/2024,22,23,Wind,13096
6/13/2021,5,6,Wind,2592
3/9/2021,22,23,Wind,2083
1/3/2022,17,18,Wind,8634
2/15/2025,21,22,Wind,5507
12/3/2021,13,14,Wind,13277
5/7/2021,8,9,Wind,3061
6/27/2025,2,3,Wind,3511
2/1/2020,11,12,Wind,11252
7/1/2020,20,21,Wind,4054
5/1/2023,20,21,Wind,3856
7/8/2025,18,19,Solar,8997
2/18/2021,20,21,Wind,6214
11/28/2022,13,14,Wind,5047
7/1/2021,17,18,Solar,3901
11/15/2023,20,21,Wind,4554
1/14/2021,10,11,Wind,8411
5/27/2020,11,12,Solar,5832
4/16/2020,21,22,Wind,1491
6/29/2020,16,17,Wind,10010
4/2/2024,6,7,Wind,13175
5/8/2022,1,2,Wind,4285
12/29/2023,15,16,Wind,13922
3/15/2024,3,4,Wind,10445
6/7/2021,6,7,Wind,1268
3/31/2020,17,18,Wind,10262
9/13/2021,1,2,Wind,2586
1/16/2023,14,15,Wind,16385
2/1/2021,20,21,Wind,3405
9/13/2022,5,6,Wind,1654
7/29/2023,15,16,Wind,11966
8/9/2020,16,17,Solar,3364
9/23/2021,1,2,Wind,1404
3/18/2021,9,10,Wind,4597
1/13/2024,0,1,Wind,2503
6/27/2023,6,7,Wind,2239
12/15/2023,0,1,Wind,2968
6/12/2023,19,20,Wind,3168
12/14/2020,6,7,Wind,8437
5/4/2023,13,14,Solar,11275
1/6/2022,11,12,Solar,5010
5/5/2023,6,7,Wind,2188
3/24/2021,19,20,Wind,2191
11/6/2020,5,6,Wind,6584
10/13/2025,0,1,Wind,7395
4/9/2025,22,23,Wind,11401
6/13/2022,3,4,Wind,3888
12/6/2020,0,1,Wind,3896
12/26/2022,23,0,Wind,5200
7/7/2022,18,19,Wind,8067
9/27/2021,16,17,Wind,10010
1/29/2024,18,19,Wind,7099
3/25/2024,21,22,Wind,8820
12/27/2022,9,10,Wind,4677
12/3/2021,18,19,Wind,11102
4/4/2023,15,16,Solar,10833
3/28/2024,7,8,Wind,15504
12/23/2022,0,1,Wind,11216
4/27/2025,22,23,Wind,3364
4/20/2020,0,1,Wind,5506
10/17/2022,12,13,Wind,6996
1/2/2025,0,1,Wind,12035
7/24/2020,15,16,Solar,6901
11/21/2020,10,11,Wind,4830
8/22/2022,19,20,Wind,2515
12/29/2022,4,5,Wind,11261
11/11/2022,23,0,Wind,4623
7/15/2021,23,0,Wind,5085
6/29/2020,18,19,Wind,8918
11/2/2020,17,18,Wind,8515
6/8/2022,14,15,Wind,10122
11/27/2020,1,2,Wind,1637
3/1/2022,18,19,Wind,1775
8/19/2025,16,17,Solar,6355
11/13/2022,22,23,Wind,2673
11/6/2025,21,22,Wind,2696
7/13/2022,12,13,Solar,6334
12/27/2021,9,10,Wind,8156
10/25/2021,20,21,Wind,3029
9/12/2023,4,5,Wind,705
4/2/2023,4,5,Wind,8890
9/28/2021,2,3,Wind,2108
5/17/2024,14,15,Solar,7184
11/13/2025,1,2,Wind,12913
10/13/2020,16,17,Wind,5579
2/17/2021,22,23,Wind,7964
10/9/2020,18,19,Wind,3322
2/19/2025,20,21,Wind,7629
11/16/2021,16,17,Wind,1087
12/30/2020,23,0,Wind,5476
7/14/2022,14,15,Solar,8923
3/19/2023,13,14,Wind,7895
7/24/2024,11,12,Solar,6845
10/31/2024,20,21,Wind,1073
5/9/2023,19,20,Wind,7431
3/9/2021,6,7,Wind,2088
5/6/2024,20,21,Wind,3270
10/26/2022,17,18,Wind,3223
12/7/2021,12,13,Wind,11221
5/5/2024,23,0,Wind,2081
4/23/2023,18,19,Wind,14741
11/2/2022,19,20,Wind,7737
3/14/2021,15,16,Wind,13538
11/29/2021,10,11,Wind,3702
6/14/2025,14,15,Solar,4546
4/28/2024,9,10,Wind,7916
5/13/2020,1,2,Wind,3264
6/4/2025,16,17,Solar,8625
6/23/2024,12,13,Solar,4144
1/24/2024,10,11,Wind,15539
10/14/2021,4,5,Wind,1720
10/8/2021,23,0,Wind,5380
3/17/2023,23,0,Wind,6418
8/28/2023,5,6,Wind,2801
9/7/2022,12,13,Solar,7186
12/23/2023,11,12,Wind,15819
8/5/2023,10,11,Wind,11382
5/28/2023,23,0,Wind,9894
7/20/2022,1,2,Wind,3765
1/18/2023,2,3,Wind,4661
9/29/2024,2,3,Wind,1731
2/23/2024,12,13,Wind,16403
10/4/2021,23,0,Wind,7024
10/20/2025,0,1,Wind,13425
3/24/2023,8,9,Wind,12405
7/23/2020,18,19,Solar,1954
5/13/2020,23,0,Wind,7165
9/6/2022,23,0,Wind,2214
2/17/2021,7,8,Wind,7775
5/29/2021,12,13,Solar,6169
7/25/2024,21,22,Wind,2257
4/16/2022,20,21,Wind,6001
7/28/2020,5,6,Wind,4107
5/31/2021,19,20,Wind,3587
6/27/2024,21,22,Wind,4170
10/23/2021,22,23,Wind,3701
11/22/2022,20,21,Wind,10307
3/26/2020,20,21,Wind,4960
8/9/2020,7,8,Wind,963
11/23/2025,22,23,Wind,6568
6/17/2022,3,4,Wind,3147
9/6/2020,6,7,Wind,1309
1/8/2023,12,13,Wind,13363
5/27/2020,2,3,Wind,4422
12/29/2023,12,13,Wind,15941
1/6/2022,3,4,Wind,2846
3/8/2025,0,1,Wind,10805
6/25/2023,16,17,Solar,8815
10/31/2023,12,13,Wind,11825
4/18/2021,7,8,Wind,2893
5/5/2020,14,15,Wind,6849
5/3/2023,9,10,Solar,7624
9/3/2023,19,20,Wind,5905
10/25/2024,21,22,Wind,1798
5/11/2022,6,7,Wind,3550
1/30/2025,14,15,Wind,8803
4/29/2020,5,6,Wind,4808
4/3/2020,5,6,Wind,2053
5/14/2020,1,2,Wind,7248
8/22/2020,9,10,Wind,7218
4/24/2021,19,20,Wind,6192
6/26/2025,17,18,Wind,14166
10/7/2020,20,21,Wind,4044
2/11/2020,13,14,Wind,14541
10/21/2024,23,0,Wind,6386
8/7/2022,8,9,Wind,5411
1/8/2021,7,8,Wind,1043
3/27/2020,12,13,Solar,5875
9/14/2022,13,14,Solar,6213
2/9/2021,17,18,Wind,5404
4/25/2021,5,6,Wind,8275
12/20/2022,1,2,Wind,13886
3/15/2023,8,9,Wind,3420
1/9/2024,18,19,Wind,3646
6/5/2021,15,16,Solar,5731
11/28/2024,22,23,Wind,4321
4/28/2020,3,4,Wind,3006
10/8/2025,2,3,Wind,730
7/24/2025,12,13,Solar,8701
5/18/2021,20,21,Wind,3351
4/7/2023,6,7,Wind,1998
2/28/2022,18,19,Wind,2179
11/3/2023,23,0,Wind,10599
4/28/2021,23,0,Wind,2245
10/22/2023,19,20,Wind,1963
12/4/2023,16,17,Wind,14332
3/12/2023,10,11,Wind,11363
6/10/2024,16,17,Wind,9028
12/7/2023,7,8,Wind,7243
1/11/2020,13,14,Wind,6243
6/20/2022,18,19,Wind,6057
12/9/2021,12,13,Wind,6822
10/22/2021,4,5,Wind,2148
8/18/2023,12,13,Solar,7556
8/26/2020,15,16,Wind,10494
5/17/2023,1,2,Wind,7393
12/10/2024,14,15,Wind,9436
9/4/2023,16,17,Wind,10840
6/15/2023,21,22,Wind,2306
1/12/2021,6,7,Wind,12614
4/23/2021,7,8,Wind,5325
5/28/2020,21,22,Wind,4838
4/17/2023,0,1,Wind,3728
1/12/2020,6,7,Wind,7023
11/29/2024,4,5,Wind,7114
4/28/2025,20,21,Wind,4319
6/10/2020,10,11,Solar,3435
2/15/2025,17,18,Wind,3299
3/25/2023,18,19,Wind,9938
10/4/2021,19,20,Wind,4512
8/3/2023,6,7,Wind,11952
8/27/2022,1,2,Wind,2886
2/8/2021,17,18,Wind,1809
2/5/2023,16,17,Wind,10704
4/27/2021,21,22,Wind,1594
12/8/2021,1,2,Wind,10646
9/29/2022,21,22,Wind,1181
8/14/2025,0,1,Wind,3432
8/12/2023,8,9,Wind,2514
4/25/2022,0,1,Wind,3834
3/12/2025,6,7,Wind,2812
1/2/2023,23,0,Wind,4165
6/23/2021,23,0,Wind,2524
1/27/2024,14,15,Solar,5047
4/19/2022,12,13,Solar,5004
11/2/2020,6,7,Wind,11975
2/25/2025,22,23,Wind,11904
9/30/2025,4,5,Wind,1402
3/18/2023,22,23,Wind,3908
11/25/2020,7,8,Wind,6287
11/11/2020,15,16,Wind,3805
5/26/2022,5,6,Wind,3427
4/27/2020,20,21,Wind,2041
7/26/2021,6,7,Wind,1744
7/1/2024,7,8,Wind,2190
10/13/2022,12,13,Wind,6261
4/9/2021,18,19,Wind,5113
10/10/2021,0,1,Wind,2713
4/22/2023,11,12,Wind,8274
1/22/2022,23,0,Wind,1705
10/6/2024,21,22,Wind,8155
5/4/2020,4,5,Wind,772
11/6/2022,5,6,Wind,7347
8/16/2024,12,13,Solar,8933
12/15/2020,16,17,Wind,2633
1/4/2021,19,20,Wind,3018
2/17/2022,15,16,Wind,14562
2/22/2020,7,8,Wind,8585
2/3/2025,12,13,Solar,6618
5/16/2022,12,13,Solar,7824
3/20/2025,15,16,Wind,8861
10/8/2021,17,18,Wind,6180
1/11/2025,4,5,Wind,2047
10/29/2024,3,4,Wind,1443
5/25/2021,8,9,Wind,9963
4/20/2022,18,19,Wind,4079
7/28/2023,20,21,Wind,4401
1/25/2022,8,9,Wind,376
11/12/2024,0,1,Wind,8295
7/2/2021,4,5,Wind,524
4/30/2022,22,23,Wind,4244
3/18/2024,6,7,Wind,2178
12/28/2023,23,0,Wind,13532
4/4/2023,22,23,Wind,4225
6/19/2022,19,20,Wind,7351
10/27/2021,12,13,Solar,5370
1/24/2025,16,17,Wind,14158
6/22/2021,21,22,Wind,3591
7/25/2021,18,19,Wind,5105
12/1/2021,7,8,Wind,13835
3/1/2020,20,21,Wind,8419
3/28/2024,4,5,Wind,14967
1/3/2020,22,23,Wind,4207
11/25/2024,23,0,Wind,6573
5/5/2023,15,16,Solar,8449
4/27/2025,5,6,Wind,4156
5/21/2024,17,18,Solar,6724
10/17/2023,18,19,Wind,7943
5/15/2023,15,16,Wind,12236
4/20/2024,7,8,Wind,6623
4/28/2024,21,22,Wind,3181
6/17/2022,8,9,Wind,3818
3/26/2021,16,17,Wind,10584
10/7/2023,7,8,Wind,2231
2/2/2025,13,14,Solar,5898
7/28/2025,6,7,Wind,3946
10/25/2025,8,9,Wind,12427
12/2/2020,3,4,Wind,4378
6/10/2022,10,11,Solar,6486
11/17/2024,19,20,Wind,5733
11/13/2022,23,0,Wind,3184
6/17/2024,23,0,Wind,2344
10/27/2020,4,5,Wind,5881
5/6/2025,22,23,Wind,9412
7/1/2023,6,7,Wind,7665
11/10/2023,0,1,Wind,12598
7/4/2024,15,16,Wind,8892
6/15/2021,2,3,Wind,2314
8/9/2025,2,3,Wind,1411
10/18/2023,8,9,Wind,11434
5/23/2022,15,16,Wind,11353
9/27/2020,6,7,Wind,11628
4/15/2021,0,1,Wind,5536
11/5/2023,18,19,Wind,13494
11/3/2022,23,0,Wind,10983
5/2/2021,11,12,Solar,4597
2/20/2024,1,2,Wind,3775
7/11/2024,15,16,Solar,6569
10/23/2025,2,3,Wind,18020
6/26/2021,10,11,Solar,3463
1/26/2023,7,8,Wind,2785
4/21/2024,5,6,Wind,5440
2/7/2024,20,21,Wind,10078
11/19/2023,19,20,Wind,12727
1/14/2020,5,6,Wind,11947
10/10/2025,10,11,Solar,6209
5/6/2020,12,13,Solar,5389
6/11/2023,17,18,Solar,5511
7/10/2020,11,12,Wind,5812
8/6/2023,18,19,Wind,12828
9/28/2022,12,13,Solar,6478
4/17/2025,21,22,Wind,2201
2/28/2023,22,23,Wind,7116
8/17/2020,16,17,Wind,6027
5/13/2021,16,17,Solar,4826
8/28/2020,16,17,Wind,8440
2/28/2021,1,2,Wind,8031
3/22/2024,10,11,Solar,7476
5/4/2022,20,21,Wind,1854
9/27/2022,12,13,Wind,12571
8/8/2025,2,3,Wind,1497
7/20/2021,20,21,Wind,2246
11/6/2023,16,17,Wind,9657
10/9/2022,18,19,Wind,2019
3/3/2021,17,18,Wind,1043
6/27/2021,0,1,Wind,3833
5/27/2024,12,13,Solar,6999
10/26/2021,18,19,Wind,2863
7/31/2020,15,16,Solar,5827
3/27/2023,16,17,Solar,7513
10/8/2023,8,9,Wind,1493
7/4/2020,14,15,Wind,12039
1/29/2025,23,0,Wind,6217
4/20/2025,23,0,Wind,4459
9/11/2022,7,8,Wind,587
2/15/2020,15,16,Wind,10985
5/14/2025,23,0,Wind,6132
3/5/2021,10,11,Wind,7772
10/26/2023,1,2,Wind,4909
10/24/2025,1,2,Wind,14684
10/27/2023,2,3,Wind,8268
6/16/2025,15,16,Solar,10527
1/7/2020,3,4,Wind,3967
7/22/2025,0,1,Wind,7645
3/15/2023,9,10,Solar,4554
10/6/2020,11,12,Wind,11671
10/15/2024,7,8,Wind,3772
2/18/2025,19,20,Wind,11327
11/25/2020,14,15,Wind,4090
5/22/2024,23,0,Wind,3024
1/22/2021,10,11,Wind,3354
9/10/2023,16,17,Solar,6517
2/14/2020,19,20,Wind,4429
1/11/2022,12,13,Solar,5018
4/6/2022,10,11,Wind,7764
12/19/2020,10,11,Wind,10892
1/24/2023,12,13,Wind,6696
7/1/2021,18,19,Solar,3022
10/25/2024,12,13,Wind,6893
11/14/2021,12,13,Wind,4665
4/17/2021,4,5,Wind,4834
8/6/2024,22,23,Wind,2097
8/23/2024,2,3,Wind,9509
2/26/2023,17,18,Wind,18051
1/7/2023,5,6,Wind,10262
6/3/2020,23,0,Wind,3683
10/11/2024,17,18,Solar,3556
9/26/2020,9,10,Wind,11246
6/11/2020,22,23,Wind,3909
1/28/2020,10,11,Wind,12987
1/21/2025,0,1,Wind,1210
2/7/2023,11,12,Wind,9517
8/17/2024,22,23,Wind,2408
4/7/2020,19,20,Wind,1971
11/18/2021,8,9,Wind,1817
10/19/2020,18,19,Wind,6659
10/13/2025,17,18,Wind,9362
1/18/2024,8,9,Wind,7755
12/9/2020,3,4,Wind,2518
5/18/2022,11,12,Solar,5814
11/26/2021,14,15,Wind,12653
4/21/2022,4,5,Wind,3354
11/16/2021,17,18,Wind,997
3/3/2025,2,3,Wind,3177
11/15/2021,22,23,Wind,1190
1/28/2024,22,23,Wind,9203
11/24/2020,15,16,Wind,3478
12/28/2020,10,11,Wind,8666
5/26/2021,17,18,Wind,8501
3/20/2023,12,13,Solar,8613
9/29/2023,0,1,Wind,6503
5/28/2024,12,13,Wind,12992
5/7/2023,4,5,Wind,1644
3/7/2020,13,14,Wind,5851
8/21/2025,18,19,Wind,9974
8/16/2023,7,8,Wind,2047
11/14/2020,17,18,Wind,9187
6/9/2024,9,10,Solar,2265
4/28/2024,14,15,Wind,7361
10/20/2025,1,2,Wind,13116
6/10/2025,22,23,Wind,1822
8/25/2022,10,11,Solar,4870
7/11/2025,13,14,Solar,13057
6/19/2020,8,9,Solar,2120
10/2/2023,1,2,Wind,2511
12/24/2024,6,7,Wind,3087
6/21/2024,18,19,Wind,8537
11/10/2024,3,4,Wind,699
6/9/2024,16,17,Solar,4699
9/16/2020,10,11,Solar,2486
4/19/2020,0,1,Wind,1476
5/22/2020,4,5,Wind,3981
1/13/2021,14,15,Wind,8363
8/26/2020,22,23,Wind,2102
1/3/2023,15,16,Wind,9035
6/1/2024,0,1,Wind,6325
12/27/2021,4,5,Wind,4859
3/10/2020,19,20,Wind,11560
1/12/2024,10,11,Wind,7101
5/13/2025,3,4,Wind,778
7/11/2023,12,13,Solar,9090
5/2/2024,22,23,Wind,10099
4/11/2024,15,16,Solar,7830
4/2/2024,3,4,Wind,12881
1/5/2020,20,21,Wind,1866
5/6/2025,2,3,Wind,10973
11/1/2024,11,12,Solar,5193
11/5/2021,11,12,Solar,4471
1/23/2022,14,15,Solar,5443
7/12/2021,6,7,Wind,2449
12/17/2021,9,10,Wind,7522
4/12/2025,10,11,Wind,9316
12/2/2022,22,23,Wind,6777
12/26/2023,15,16,Wind,4387
1/11/2024,22,23,Wind,7264
1/30/2022,8,9,Wind,1935
5/9/2021,0,1,Wind,6909
6/8/2024,8,9,Solar,3057
1/3/2022,3,4,Wind,9945
3/23/2021,2,3,Wind,2209
12/24/2020,6,7,Wind,10656
10/10/2024,19,20,Wind,3695
5/6/2023,12,13,Solar,6882
6/26/2021,4,5,Wind,185
9/17/2025,21,22,Wind,2855
4/24/2023,16,17,Wind,9691
9/6/2020,10,11,Solar,3044
9/6/2023,5,6,Wind,2295
4/17/2020,2,3,Wind,2140
3/20/2025,16,17,Wind,7679
7/16/2021,11,12,Wind,6977
3/18/2025,10,11,Wind,15177
9/25/2025,17,18,Wind,4486
2/22/2024,23,0,Wind,15643
6/20/2022,13,14,Solar,7456
6/12/2022,8,9,Solar,3007
3/9/2023,18,19,Wind,13804
5/9/2022,6,7,Wind,2226
5/5/2024,7,8,Wind,2579
12/4/2023,7,8,Wind,13712
8/4/2023,14,15,Solar,9711
4/6/2020,3,4,Wind,8031
9/15/2024,5,6,Wind,3382
4/5/2021,3,4,Wind,3346
1/27/2024,3,4,Wind,2096
3/12/2023,4,5,Wind,6830
6/8/2022,21,22,Wind,6976
2/17/2021,13,14,Wind,11476
8/16/2020,1,2,Wind,2149
7/7/2020,12,13,Solar,5078
10/31/2023,13,14,Wind,12274
2/11/2024,20,21,Wind,8630
6/12/2025,10,11,Solar,9373
10/28/2024,4,5,Wind,1027
7/11/2022,23,0,Wind,4311
12/25/2023,19,20,Wind,12990
3/27/2022,12,13,Solar,6255
2/14/2022,23,0,Wind,6512
1/29/2025,6,7,Wind,12896
3/12/2021,0,1,Wind,12379
7/5/2022,2,3,Wind,3640
8/19/2021,13,14,Solar,4835
8/5/2025,12,13,Solar,7071
8/28/2024,22,23,Wind,2348
12/27/2021,16,17,Wind,9445
9/18/2021,2,3,Wind,1168
9/23/2025,14,15,Wind,13351
3/20/2020,6,7,Wind,3577
4/27/2020,17,18,Wind,2626
3/22/2025,16,17,Wind,7212
6/12/2020,4,5,Wind,4286
9/12/2020,1,2,Wind,1147
4/18/2021,11,12,Solar,5661
7/10/2024,13,14,Solar,10399
10/7/2023,6,7,Wind,1898
12/8/2024,8,9,Wind,17304
3/17/2024,4,5,Wind,3960
9/19/2023,3,4,Wind,3900
10/21/2020,9,10,Wind,13322
9/16/2025,16,17,Wind,13968
7/8/2022,18,19,Wind,6914
8/29/2022,20,21,Wind,3839
3/7/2024,9,10,Wind,9031
6/16/2021,19,20,Wind,1787
10/21/2020,10,11,Wind,14414
1/10/2025,6,7,Wind,3643
3/27/2024,23,0,Wind,13594
1/20/2022,19,20,Wind,5272
10/23/2023,20,21,Wind,4431
11/13/2023,2,3,Wind,10550
10/24/2023,13,14,Wind,9197
9/13/2024,15,16,Solar,11435
5/8/2025,3,4,Wind,5647
6/26/2023,12,13,Solar,9710
8/17/2024,16,17,Solar,5446
3/9/2022,15,16,Wind,7922
11/29/2020,4,5,Wind,4505
5/23/2020,19,20,Wind,7295
11/4/2022,23,0,Wind,4294
6/2/2024,23,0,Wind,3481
12/16/2024,10,11,Wind,7735
2/6/2021,20,21,Wind,5019
11/9/2021,23,0,Wind,871
5/12/2022,0,1,Wind,5274
5/11/2020,18,19,Wind,11450
3/11/2021,10,11,Wind,15343
7/19/2021,17,18,Wind,7420
7/11/2020,18,19,Wind,4848
3/20/2024,20,21,Wind,1807
1/29/2025,5,6,Wind,13127
2/4/2024,3,4,Wind,6061
3/2/2025,12,13,Solar,12731
2/6/2025,2,3,Wind,3446
9/12/2024,22,23,Wind,3733
4/22/2020,0,1,Wind,4913
11/2/2020,10,11,Wind,12708
9/17/2022,17,18,Wind,8890
4/20/2025,8,9,Wind,8177
1/25/2021,16,17,Wind,4070
12/4/2020,8,9,Wind,9046
8/1/2023,15,16,Wind,16234
10/31/2022,23,0,Wind,12858
11/12/2022,12,13,Solar,5376
8/20/2023,16,17,Solar,6206
6/14/2023,21,22,Wind,3516
4/23/2022,11,12,Wind,7331
10/2/2023,18,19,Wind,4842
1/3/2024,18,19,Wind,18044
10/14/2021,8,9,Wind,2391
1/12/2020,7,8,Wind,7395
7/8/2023,18,19,Solar,4324
4/6/2025,18,19,Wind,10223
11/1/2021,4,5,Wind,8718
4/20/2023,13,14,Wind,12448
6/29/2024,23,0,Wind,3681
11/28/2022,19,20,Wind,3265
3/10/2024,4,5,Wind,2756
3/28/2021,3,4,Wind,3508
8/25/2023,1,2,Wind,2215
10/19/2021,22,23,Wind,10753
9/2/2024,9,10,Solar,4316
5/23/2023,7,8,Wind,6042
5/3/2020,4,5,Wind,1977
5/9/2024,4,5,Wind,3813
5/17/2024,8,9,Solar,3361
2/12/2023,6,7,Wind,2940
7/29/2025,16,17,Solar,10808
9/29/2021,23,0,Wind,2764
7/4/2020,20,21,Wind,7973
12/27/2022,20,21,Wind,9837
11/12/2024,5,6,Wind,9736
9/6/2022,22,23,Wind,2980
11/26/2025,11,12,Solar,6772
5/20/2020,13,14,Solar,5433
8/30/2025,5,6,Wind,4447
4/14/2024,17,18,Solar,5047
9/30/2021,16,17,Wind,6986
8/25/2024,2,3,Wind,6839
3/23/2024,17,18,Wind,15588
3/7/2022,14,15,Wind,10522
8/29/2021,13,14,Solar,7380
5/3/2020,16,17,Solar,4316
3/4/2025,6,7,Wind,2904
8/19/2022,19,20,Wind,4511
11/5/2024,21,22,Wind,91
11/26/2020,13,14,Solar,3501
11/22/2023,20,21,Wind,4282
3/30/2021,6,7,Wind,2984
9/25/2025,7,8,Wind,3047
8/31/2022,10,11,Solar,4337
1/15/2024,8,9,Wind,3779
8/19/2022,6,7,Wind,2570
7/17/2022,11,12,Solar,8145
2/14/2022,8,9,Wind,11199
12/7/2020,0,1,Wind,1051
1/3/2025,20,21,Wind,3705
10/10/2024,6,7,Wind,8274
7/13/2024,19,20,Solar,2289
10/13/2021,10,11,Solar,4051
2/19/2021,7,8,Wind,5554
3/8/2025,20,21,Wind,12639
11/3/2020,22,23,Wind,3571
6/6/2024,22,23,Wind,2561
9/30/2024,16,17,Wind,11102
4/11/2020,2,3,Wind,3011
6/29/2022,8,9,Solar,2385
6/15/2021,8,9,Solar,2124
8/14/2022,2,3,Wind,4666
5/5/2022,3,4,Wind,2050
8/7/2022,20,21,Wind,6195
8/31/2024,16,17,Solar,7347
6/23/2022,18,19,Wind,3896
8/10/2025,7,8,Wind,3182
6/7/2020,6,7,Wind,2147
1/1/2021,4,5,Wind,998
1/25/2021,2,3,Wind,6191
8/20/2022,23,0,Wind,981
3/8/2021,22,23,Wind,2943
10/11/2023,23,0,Wind,7262
12/31/2020,1,2,Wind,5746
3/31/2021,9,10,Wind,3600
8/23/2020,13,14,Wind,8729
12/1/2021,21,22,Wind,5719
1/11/2024,14,15,Wind,8407
4/19/2022,21,22,Wind,4160
7/30/2023,22,23,Wind,5928
5/20/2025,18,19,Wind,8914
6/13/2025,17,18,Solar,8341
4/30/2025,12,13,Solar,5410
7/6/2022,14,15,Solar,7868
6/7/2020,10,11,Solar,3437
2/19/2021,16,17,Wind,6776
5/11/2024,0,1,Wind,6497
7/7/2021,12,13,Solar,5172
7/20/2020,14,15,Solar,5919
2/24/2025,16,17,Wind,9544
4/15/2020,20,21,Wind,3450
6/2/2023,6,7,Wind,7517
1/19/2023,2,3,Wind,3478
11/16/2021,19,20,Wind,1157
7/1/2025,4,5,Wind,1055
2/21/2023,9,10,Wind,3045
8/9/2024,7,8,Wind,5677
3/25/2020,9,10,Wind,4738
9/19/2024,15,16,Wind,15959
8/24/2025,21,22,Wind,3236
3/4/2022,18,19,Wind,3151
7/21/2023,21,22,Wind,3094
7/4/2025,18,19,Solar,5949
1/3/2024,7,8,Wind,17121
9/14/2025,18,19,Wind,13786
6/30/2024,2,3,Wind,3727
12/19/2023,16,17,Wind,12111
3/26/2022,13,14,Wind,13203
2/9/2021,5,6,Wind,1784
2/5/2025,3,4,Wind,2214
5/31/2025,5,6,Wind,1059
10/31/2021,7,8,Wind,10139
4/27/2025,14,15,Solar,4067
2/13/2022,21,22,Wind,15035
6/23/2024,5,6,Wind,2326
4/21/2025,11,12,Solar,8025
3/16/2021,5,6,Wind,3210
4/29/2023,2,3,Wind,1638
12/23/2022,20,21,Wind,12401
1/30/2021,16,17,Wind,6987
7/30/2020,1,2,Wind,2163
5/5/2021,18,19,Wind,8828
2/4/2021,23,0,Wind,3467
1/19/2021,9,10,Wind,11722
7/21/2023,23,0,Wind,3035
6/8/2023,4,5,Wind,4806
5/14/2023,21,22,Wind,3817
6/19/2025,6,7,Wind,4893
5/18/2023,10,11,Solar,7144
2/15/2025,7,8,Wind,5705
11/20/2024,12,13,Wind,9330
9/22/2020,15,16,Solar,2638
12/15/2024,17,18,Wind,8504
11/20/2024,8,9,Wind,5746
6/14/2023,0,1,Wind,4779
3/11/2022,17,18,Wind,11304
4/28/2023,18,19,Wind,6113
4/1/2024,14,15,Wind,9631
9/13/2023,14,15,Solar,5717
5/29/2021,10,11,Solar,4347
4/1/2024,19,20,Wind,9379
12/3/2021,2,3,Wind,2724
11/9/2023,18,19,Wind,13237
1/13/2023,7,8,Wind,14510
1/22/2023,8,9,Wind,5974
4/13/2020,7,8,Wind,5354
6/29/2022,3,4,Wind,1211
4/29/2020,20,21,Wind,6006
10/5/2021,14,15,Wind,12713
8/27/2025,8,9,Wind,3210
6/23/2023,4,5,Wind,1872
5/4/2021,4,5,Wind,13020
5/3/2021,3,4,Wind,632
9/10/2023,2,3,Wind,3759
7/22/2024,10,11,Solar,7974
6/20/2020,20,21,Wind,1472
9/1/2024,1,2,Wind,4179
8/7/2023,15,16,Solar,9917
8/9/2022,19,20,Wind,7289
5/11/2021,0,1,Wind,2157
2/5/2021,23,0,Wind,2434
11/23/2024,14,15,Wind,19392
2/4/2025,18,19,Wind,3899
12/24/2020,0,1,Wind,11579
6/19/2023,11,12,Solar,5286
2/24/2024,6,7,Wind,7785
11/20/2023,20,21,Wind,8192
10/26/2021,10,11,Wind,3866
9/3/2021,18,19,Solar,1713
8/21/2022,2,3,Wind,603
5/17/2024,22,23,Wind,897
3/5/2024,20,21,Wind,3263
5/24/2023,7,8,Wind,5947
9/13/2020,12,13,Solar,3974
10/7/2021,2,3,Wind,1888
10/26/2025,3,4,Wind,9730
11/13/2024,19,20,Wind,5232
3/5/2025,0,1,Wind,2433
3/17/2022,0,1,Wind,5222
11/3/2022,8,9,Wind,10595
4/22/2023,18,19,Wind,6589
9/6/2024,15,16,Solar,6409
8/23/2021,17,18,Wind,7555
2/6/2020,14,15,Solar,4784
10/24/2020,21,22,Wind,11731
4/6/2021,9,10,Wind,4798
11/12/2020,3,4,Wind,7385
4/22/2021,5,6,Wind,5855
6/18/2021,22,23,Wind,3480
12/6/2022,21,22,Wind,2155
11/17/2021,4,5,Wind,1951
10/18/2025,10,11,Solar,8416
4/15/2020,2,3,Wind,6207
2/17/2020,22,23,Wind,10239
3/16/2025,4,5,Wind,8436
5/9/2021,3,4,Wind,7771
8/12/2020,8,9,Wind,2236
10/13/2021,22,23,Wind,2205
9/11/2024,21,22,Wind,5700
11/7/2024,8,9,Wind,2657
3/31/2020,23,0,Wind,7111
10/18/2023,9,10,Wind,11888
12/30/2021,5,6,Wind,8676
6/5/2021,9,10,Solar,4441
2/18/2024,14,15,Wind,13623
8/7/2020,11,12,Solar,3922
2/12/2024,22,23,Wind,3745
3/9/2024,4,5,Wind,11240
9/5/2022,8,9,Wind,3208
10/14/2020,3,4,Wind,1902
10/12/2023,13,14,Solar,9093
12/20/2023,0,1,Wind,9136
11/28/2021,22,23,Wind,5114
8/29/2024,3,4,Wind,2495
4/22/2023,9,10,Wind,6597
10/2/2024,14,15,Solar,5400
5/25/2023,11,12,Wind,14511
1/21/2024,17,18,Wind,14481
5/21/2020,0,1,Wind,2748
3/4/2023,18,19,Wind,3131
3/21/2022,9,10,Wind,5460
1/2/2023,10,11,Wind,5987
1/20/2023,20,21,Wind,5467
7/22/2023,7,8,Wind,2381
11/17/2025,9,10,Wind,8893
1/15/2025,22,23,Wind,3441
10/15/2023,18,19,Wind,3213
7/5/2024,15,16,Solar,11741
8/15/2024,17,18,Solar,8514
10/1/2021,13,14,Wind,9911
1/21/2022,4,5,Wind,4963
12/19/2022,7,8,Wind,13202
8/13/2025,5,6,Wind,1029
12/22/2021,9,10,Wind,3623
5/26/2025,17,18,Wind,10107
3/19/2024,21,22,Wind,1227
1/17/2022,1,2,Wind,1358
10/15/2023,19,20,Wind,3573
2/16/2025,12,13,Solar,8762
10/7/2022,2,3,Wind,1154
9/15/2021,4,5,Wind,1977
3/6/2025,22,23,Wind,10880
12/9/2021,15,16,Wind,5400
1/2/2023,0,1,Wind,11969
4/17/2021,23,0,Wind,5520
7/30/2021,2,3,Wind,1817
8/24/2020,19,20,Wind,1914
5/15/2020,3,4,Wind,7329
11/24/2023,16,17,Wind,11600
9/6/2023,22,23,Wind,3137
11/3/2025,16,17,Wind,8685
10/27/2025,16,17,Wind,15610
6/28/2025,0,1,Wind,1627
6/10/2025,3,4,Wind,1674
5/31/2022,2,3,Wind,1818
10/14/2020,14,15,Wind,7046
8/14/2023,7,8,Wind,2587
7/23/2020,4,5,Wind,1527
4/16/2022,12,13,Solar,10869
4/16/2025,18,19,Wind,4853
6/5/2021,0,1,Wind,2191
4/24/2020,22,23,Wind,2176
11/23/2023,12,13,Wind,7931
11/10/2023,4,5,Wind,12591
9/24/2024,9,10,Wind,8855
2/22/2025,15,16,Wind,10495
5/5/2025,5,6,Wind,9828
3/5/2025,10,11,Solar,8585
6/28/2024,4,5,Wind,3214
10/16/2020,11,12,Wind,4358
1/6/2023,5,6,Wind,7744
9/5/2022,5,6,Wind,2599
11/25/2022,12,13,Wind,6116
12/14/2020,0,1,Wind,9700
12/23/2023,9,10,Wind,14222
10/4/2022,19,20,Wind,937
8/26/2020,7,8,Wind,8615
10/7/2023,2,3,Wind,1790
1/26/2020,9,10,Wind,3118
1/5/2022,20,21,Wind,4018
11/26/2025,20,21,Wind,2920
6/15/2022,22,23,Wind,2879
9/26/2021,1,2,Wind,2233
7/28/2023,21,22,Wind,3768
6/4/2022,8,9,Wind,3189
1/10/2020,10,11,Wind,6407
9/30/2024,4,5,Wind,12240
10/1/2024,5,6,Wind,7834
11/18/2025,21,22,Wind,8784
4/3/2024,23,0,Wind,11683
10/31/2025,2,3,Wind,10049
2/22/2025,2,3,Wind,10894
7/27/2023,14,15,Wind,16122
9/17/2024,18,19,Wind,13680
12/6/2021,10,11,Wind,3931
11/25/2023,2,3,Wind,8586
2/26/2021,10,11,Wind,3948
7/3/2020,23,0,Wind,2522
3/19/2024,1,2,Wind,1178
11/12/2021,12,13,Solar,4637
9/20/2023,16,17,Wind,14551
1/23/2022,16,17,Wind,3865
9/30/2024,12,13,Wind,20041
11/11/2020,22,23,Wind,7638
1/17/2021,4,5,Wind,5008
11/26/2020,6,7,Wind,2436
9/14/2023,5,6,Wind,710
12/17/2020,7,8,Wind,5368
11/10/2022,17,18,Wind,3142
7/2/2022,22,23,Wind,1832
3/17/2023,9,10,Wind,9108
3/29/2023,12,13,Solar,9902
6/27/2025,11,12,Solar,9500
2/9/2025,5,6,Wind,3088
9/18/2020,14,15,Wind,6021
11/18/2024,7,8,Wind,9481
4/19/2022,11,12,Solar,4623
11/27/2020,10,11,Wind,2632
11/16/2020,11,12,Wind,9214
2/12/2020,2,3,Wind,9274
7/15/2021,0,1,Wind,7907
11/27/2025,4,5,Wind,6967
8/5/2024,14,15,Solar,8671
5/16/2021,20,21,Wind,9142
2/24/2021,21,22,Wind,6699
3/5/2020,6,7,Wind,5871
6/3/2024,1,2,Wind,3047
2/6/2025,7,8,Wind,5595
9/2/2023,2,3,Wind,2089
11/14/2022,16,17,Wind,4420
1/31/2020,9,10,Wind,6229
6/13/2021,7,8,Wind,2420
8/14/2024,19,20,Wind,3688
5/25/2024,18,19,Solar,3720
12/27/2020,22,23,Wind,7389
4/1/2020,13,14,Solar,5326
1/18/2023,18,19,Wind,5216
3/13/2021,23,0,Wind,11499
7/25/2024,9,10,Solar,4811
12/25/2024,11,12,Solar,3467
6/23/2023,6,7,Wind,1435
4/22/2022,14,15,Solar,8327
3/16/2020,14,15,Wind,3423
6/6/2022,1,2,Wind,2710
12/11/2021,0,1,Wind,10034
10/12/2021,8,9,Wind,2616
4/8/2025,11,12,Solar,9010
7/30/2025,11,12,Solar,7443
12/19/2020,8,9,Wind,11340
7/6/2023,13,14,Solar,7124
6/13/2021,15,16,Solar,4905
7/11/2020,10,11,Solar,4169
9/4/2020,18,19,Solar,2508
8/18/2020,21,22,Wind,697
6/23/2024,19,20,Solar,3387
12/18/2020,5,6,Wind,5793
10/4/2025,6,7,Wind,17093
3/12/2024,22,23,Wind,8894
10/21/2024,9,10,Wind,5133
3/11/2025,22,23,Wind,4647
8/6/2021,13,14,Wind,12722
1/25/2025,15,16,Wind,5523
3/12/2020,3,4,Wind,10434
12/28/2021,1,2,Wind,12227
6/8/2023,7,8,Wind,4772
10/3/2024,11,12,Wind,11198
1/18/2023,19,20,Wind,5226
6/6/2022,4,5,Wind,1864
12/8/2021,18,19,Wind,5364
3/15/2020,1,2,Wind,3727
3/18/2022,12,13,Wind,14015
3/11/2022,20,21,Wind,10416
2/6/2025,16,17,Wind,12071
4/23/2022,0,1,Wind,5823
2/13/2023,14,15,Solar,6344
12/26/2023,20,21,Wind,2721
8/24/2020,0,1,Wind,2460
10/29/2020,13,14,Wind,8549
5/24/2022,23,0,Wind,1737
10/21/2024,8,9,Wind,4204
4/16/2022,18,19,Wind,8184
5/16/2022,19,20,Solar,1701
5/19/2024,23,0,Wind,1146
10/9/2022,17,18,Solar,3480
5/19/2022,10,11,Wind,7130
7/1/2022,7,8,Wind,2336
5/9/2023,8,9,Wind,4052
2/3/2022,16,17,Wind,2472
6/6/2021,14,15,Solar,5111
9/20/2021,4,5,Wind,1552
5/8/2024,19,20,Wind,4590
5/31/2020,17,18,Wind,6587
3/27/2022,22,23,Wind,2412
9/12/2022,18,19,Wind,2581
8/18/2024,11,12,Solar,8765
5/4/2020,15,16,Solar,5337
10/23/2024,6,7,Wind,1709
2/10/2022,6,7,Wind,5360
4/8/2020,17,18,Solar,2595
9/2/2022,1,2,Wind,2750
5/22/2022,2,3,Wind,2963
1/28/2022,8,9,Wind,1216
7/12/2021,5,6,Wind,2454
11/5/2023,1,2,Wind,14785
2/12/2024,7,8,Wind,2207
6/9/2024,4,5,Wind,3499
5/3/2023,18,19,Wind,8694
2/22/2025,9,10,Wind,10315
11/23/2024,3,4,Wind,9018
4/20/2024,23,0,Wind,6161
1/14/2022,10,11,Solar,2655
12/22/2024,14,15,Wind,18534
1/1/2023,16,17,Wind,9041
7/31/2023,6,7,Wind,8004
6/19/2021,15,16,Solar,4434
6/15/2025,7,8,Wind,2381
7/13/2023,11,12,Solar,8460
11/20/2022,14,15,Wind,11679
7/29/2023,16,17,Wind,11633
6/26/2024,17,18,Solar,5746
5/27/2025,2,3,Wind,6782
5/17/2023,11,12,Solar,12591
11/5/2021,8,9,Wind,3138
9/20/2024,9,10,Wind,6343
8/2/2023,15,16,Wind,20359
5/13/2024,23,0,Wind,6358
12/25/2024,16,17,Wind,1322
9/29/2020,18,19,Wind,1250
2/4/2021,9,10,Wind,2756
1/26/2021,12,13,Wind,5374
3/2/2023,11,12,Solar,5920
8/29/2020,0,1,Wind,3168
8/28/2020,14,15,Wind,8716
5/10/2023,8,9,Wind,7126
4/24/2023,17,18,Wind,8130
4/19/2022,2,3,Wind,2920
4/23/2022,13,14,Wind,8065
9/25/2025,1,2,Wind,3175
5/17/2023,10,11,Solar,10667
3/17/2020,21,22,Wind,596
7/6/2023,12,13,Solar,6939
4/9/2020,9,10,Solar,2595
5/1/2023,12,13,Solar,7715
4/21/2023,18,19,Solar,4021
5/5/2023,22,23,Wind,1319
4/24/2020,1,2,Wind,1022
7/17/2023,12,13,Solar,9207
11/6/2020,18,19,Wind,6817
3/17/2020,9,10,Solar,1714
7/28/2020,7,8,Wind,3211
7/19/2022,6,7,Wind,5940
7/9/2020,18,19,Wind,5677
6/24/2023,7,8,Wind,3270
11/27/2021,10,11,Wind,9185
2/12/2022,14,15,Solar,7521
11/6/2021,4,5,Wind,2796
2/14/2021,15,16,Wind,9763
6/24/2024,18,19,Solar,5797
4/4/2020,9,10,Wind,3591
10/23/2022,0,1,Wind,6954
12/10/2023,20,21,Wind,15601
5/26/2023,21,22,Wind,7754
5/22/2025,20,21,Wind,5574
12/27/2021,1,2,Wind,3966
6/27/2022,6,7,Wind,1238
3/24/2022,16,17,Solar,4803
9/27/2020,18,19,Wind,8052
5/2/2022,6,7,Wind,2029
1/5/2020,9,10,Wind,2245
2/15/2021,0,1,Wind,9792
1/16/2024,1,2,Wind,2010
1/16/2025,16,17,Wind,3827
6/20/2025,14,15,Solar,11681
5/14/2023,8,9,Wind,3884
6/16/2025,9,10,Solar,6557
2/4/2021,17,18,Wind,2798
10/22/2023,3,4,Wind,8628
5/19/2024,10,11,Solar,2455
5/17/2022,9,10,Solar,4347
6/4/2022,15,16,Solar,5828
2/22/2025,5,6,Wind,10238
12/7/2021,14,15,Wind,12122
9/6/2024,17,18,Solar,4893
7/12/2022,6,7,Wind,2572
11/15/2024,14,15,Solar,4951
3/22/2020,13,14,Wind,10827
9/30/2023,7,8,Wind,889
8/15/2025,1,2,Wind,4242
1/7/2023,14,15,Wind,15880
2/28/2024,2,3,Wind,3703
4/15/2023,17,18,Wind,13143
4/1/2021,15,16,Solar,6405
9/22/2025,12,13,Wind,15222
3/29/2023,2,3,Wind,4865
2/7/2021,8,9,Wind,4598
8/3/2022,18,19,Solar,3379
3/11/2022,16,17,Wind,12628
9/22/2021,20,21,Wind,1945
7/24/2024,6,7,Wind,1089
4/2/2025,18,19,Wind,15030
8/1/2024,0,1,Wind,1649
2/15/2020,9,10,Wind,8611
12/28/2020,16,17,Wind,9395
6/30/2023,13,14,Solar,8565
5/31/2022,0,1,Wind,2131
6/21/2024,6,7,Wind,1717
8/5/2021,17,18,Wind,9475
5/13/2022,16,17,Solar,6107
12/19/2022,11,12,Wind,14450
4/21/2024,7,8,Wind,5871
11/2/2023,0,1,Wind,17146
11/4/2023,13,14,Wind,18105
11/29/2020,16,17,Wind,2659
1/4/2021,7,8,Wind,1589
12/23/2020,22,23,Wind,12177
12/28/2024,23,0,Wind,638
5/28/2020,17,18,Wind,6840
4/12/2020,0,1,Wind,978
12/15/2020,21,22,Wind,4427
3/21/2022,18,19,Wind,3512
12/31/2022,19,20,Wind,16435
5/31/2021,15,16,Solar,7096
11/13/2024,4,5,Wind,6882
4/9/2023,12,13,Solar,7478
2/22/2021,1,2,Wind,7591
2/25/2025,4,5,Wind,3644
12/19/2021,18,19,Wind,3022
11/24/2020,23,0,Wind,6768
9/10/2021,22,23,Wind,1997
4/13/2021,1,2,Wind,1796
8/4/2022,0,1,Wind,1586
5/4/2025,18,19,Wind,12606
8/29/2020,14,15,Wind,5103
7/19/2023,8,9,Wind,4118
12/4/2023,3,4,Wind,13158
12/4/2022,4,5,Wind,3430
6/13/2024,20,21,Wind,4639
5/7/2025,1,2,Wind,8947
8/28/2023,19,20,Wind,4554
8/5/2023,20,21,Wind,14188
1/18/2025,3,4,Wind,1157
5/23/2022,0,1,Wind,3636
11/30/2025,6,7,Wind,4387
10/7/2021,16,17,Solar,4917
3/12/2020,6,7,Wind,9223
1/20/2021,15,16,Wind,14624
8/5/2024,22,23,Wind,1034
10/23/2025,3,4,Wind,12997
10/20/2020,6,7,Wind,10003
5/5/2022,12,13,Solar,5897
1/23/2020,22,23,Wind,2779
7/7/2021,13,14,Solar,5429
7/25/2020,1,2,Wind,1543
7/18/2020,1,2,Wind,1515
9/26/2021,6,7,Wind,2281
4/29/2024,1,2,Wind,2419
9/19/2021,22,23,Wind,2332
8/30/2022,4,5,Wind,3592
9/16/2023,13,14,Solar,8664
6/22/2022,1,2,Wind,3887
4/19/2020,19,20,Wind,4931
4/9/2024,22,23,Wind,8756
3/11/2025,17,18,Wind,5580
10/1/2024,9,10,Wind,7164
8/16/2024,19,20,Wind,3335
9/5/2024,1,2,Wind,3657
9/29/2025,11,12,Solar,7678
5/24/2020,5,6,Wind,3046
4/15/2023,10,11,Wind,10771
6/7/2023,3,4,Wind,4685
9/2/2021,17,18,Wind,5612
1/2/2023,22,23,Wind,4218
11/4/2021,16,17,Wind,3606
12/6/2024,11,12,Wind,12425
12/13/2023,4,5,Wind,9180
11/30/2024,13,14,Solar,4668
9/16/2025,6,7,Wind,9715
3/3/2023,20,21,Wind,5832
2/17/2023,3,4,Wind,7265
7/19/2024,3,4,Wind,1551
5/9/2022,10,11,Solar,4782
4/8/2022,9,10,Wind,6382
8/30/2023,19,20,Wind,5549
2/15/2023,16,17,Solar,3695
6/9/2022,16,17,Solar,8567
2/13/2020,6,7,Wind,11612
3/20/2023,16,17,Solar,5436
11/15/2023,14,15,Wind,10772
12/12/2024,22,23,Wind,3318
5/14/2021,21,22,Wind,3668
5/18/2024,9,10,Solar,3617
10/24/2020,0,1,Wind,5673
11/19/2020,11,12,Wind,10362
5/17/2023,0,1,Wind,7939
8/19/2021,14,15,Solar,5079
8/7/2024,9,10,Solar,3763
8/10/2022,7,8,Wind,5109
5/30/2020,0,1,Wind,5257
10/14/2021,19,20,Wind,884
10/30/2020,0,1,Wind,8074
11/30/2021,23,0,Wind,12923
10/18/2024,3,4,Wind,5240
11/13/2021,10,11,Wind,5285
6/17/2023,14,15,Solar,6725
3/26/2021,9,10,Wind,5822
7/11/2022,15,16,Solar,8839
10/6/2022,8,9,Wind,1848
11/21/2020,18,19,Wind,2645
6/2/2020,20,21,Wind,1623
12/8/2021,8,9,Wind,7536
6/10/2021,5,6,Wind,1077
8/31/2021,15,16,Solar,8581
1/14/2022,8,9,Wind,891
4/17/2023,9,10,Solar,5631
4/28/2023,4,5,Wind,4743
2/2/2023,16,17,Wind,7966
5/26/2024,22,23,Wind,3079
3/17/2022,18,19,Wind,5041
6/12/2021,5,6,Wind,1612
8/22/2022,23,0,Wind,1343
4/13/2021,5,6,Wind,2747
5/25/2024,22,23,Wind,1939
7/23/2024,4,5,Wind,5296
10/22/2024,14,15,Solar,5151
9/8/2025,1,2,Wind,3247
2/5/2024,0,1,Wind,7250
11/2/2025,0,1,Wind,8891
5/30/2021,20,21,Wind,3606
7/18/2021,15,16,Wind,8491
10/4/2023,8,9,Wind,2909
12/16/2020,20,21,Wind,7854
11/18/2022,15,16,Wind,4771
8/6/2022,19,20,Wind,7487
8/10/2022,5,6,Wind,5582
4/8/2024,4,5,Wind,3115
12/30/2021,14,15,Wind,8402
11/27/2022,16,17,Wind,6863
4/25/2024,3,4,Wind,1051
2/7/2022,21,22,Wind,4624
5/29/2022,7,8,Wind,4550
11/26/2021,9,10,Wind,5880
3/6/2022,20,21,Wind,7259
4/9/2024,18,19,Wind,14993
7/5/2020,19,20,Wind,9243
11/8/2020,14,15,Solar,3198
7/3/2021,4,5,Wind,2200
8/18/2024,21,22,Wind,3802
2/3/2024,15,16,Wind,7256
2/22/2020,5,6,Wind,8212
8/24/2025,17,18,Solar,7445
1/31/2025,7,8,Wind,4032
1/29/2022,6,7,Wind,6295
5/16/2024,4,5,Wind,1985
9/9/2025,5,6,Wind,1712
5/7/2025,22,23,Wind,5970
11/4/2021,5,6,Wind,3125
8/26/2024,14,15,Solar,10162
5/24/2022,5,6,Wind,6008
8/21/2022,17,18,Solar,4032
11/3/2021,8,9,Wind,3933
4/8/2020,16,17,Solar,3264
8/30/2024,8,9,Wind,4148
6/30/2022,0,1,Wind,1528
8/27/2022,12,13,Solar,7198
11/5/2021,12,13,Solar,4648
5/3/2022,2,3,Wind,4519
6/14/2020,20,21,Wind,1888
10/9/2024,0,1,Wind,12523
11/24/2024,20,21,Wind,19513
12/17/2024,20,21,Wind,9136
4/2/2024,4,5,Wind,13180
9/2/2021,5,6,Wind,5765
12/29/2020,8,9,Wind,4269
3/16/2023,20,21,Wind,10081
2/4/2024,19,20,Wind,8459
4/20/2023,18,19,Wind,6268
3/23/2022,9,10,Solar,5419
3/5/2024,19,20,Wind,3141
1/17/2020,2,3,Wind,9390
9/7/2023,1,2,Wind,2893
12/23/2024,22,23,Wind,4916
6/23/2024,14,15,Solar,4090
9/27/2021,11,12,Wind,10123
7/18/2025,2,3,Wind,1564
12/10/2022,4,5,Wind,1533
4/19/2023,18,19,Wind,7115
5/30/2025,15,16,Solar,4444
11/15/2024,10,11,Solar,5039
8/22/2022,3,4,Wind,1609
6/14/2022,16,17,Solar,5556
1/29/2023,20,21,Wind,4213
12/1/2022,23,0,Wind,2895
12/5/2024,18,19,Wind,16688
10/16/2022,20,21,Wind,7022
8/21/2020,3,4,Wind,6690
12/22/2021,6,7,Wind,2824
7/21/2025,6,7,Wind,11030
1/2/2024,5,6,Wind,17248
4/11/2025,7,8,Wind,3644
8/2/2025,15,16,Solar,12289
4/2/2021,19,20,Wind,11290
3/13/2023,8,9,Wind,15437
11/2/2024,2,3,Wind,1771
5/16/2023,11,12,Wind,13805
9/22/2024,18,19,Wind,4071
10/28/2021,10,11,Wind,7333
8/31/2021,1,2,Wind,4199
2/6/2023,1,2,Wind,8096
10/3/2025,9,10,Wind,6874
7/8/2023,20,21,Wind,1493
11/7/2024,15,16,Wind,3966
8/1/2023,20,21,Wind,7412
12/4/2024,4,5,Wind,1527
3/18/2024,8,9,Wind,2921
12/30/2020,19,20,Wind,5298
5/20/2023,13,14,Wind,11018
2/23/2022,6,7,Wind,915
6/24/2024,6,7,Wind,3013
12/9/2020,22,23,Wind,4120
12/2/2020,6,7,Wind,3538
4/18/2025,20,21,Wind,7067
4/17/2022,22,23,Wind,5787
10/6/2020,21,22,Wind,11000
7/28/2024,18,19,Solar,7133
9/14/2021,6,7,Wind,2764
9/3/2025,6,7,Wind,13678
5/5/2025,17,18,Wind,12722
9/1/2020,14,15,Solar,4740
6/6/2022,5,6,Wind,1806
10/4/2020,2,3,Wind,8818
6/26/2021,7,8,Solar,633
6/2/2023,2,3,Wind,7043
2/15/2025,4,5,Wind,5875
1/29/2022,10,11,Wind,9123
2/13/2025,20,21,Wind,4432
9/19/2022,11,12,Solar,6983
6/29/2024,3,4,Wind,4100
7/11/2025,12,13,Solar,12811
3/7/2021,14,15,Solar,2799
3/7/2022,4,5,Wind,6613
6/17/2020,20,21,Wind,1500
3/14/2022,2,3,Wind,6130
5/2/2024,2,3,Wind,5050
3/8/2025,22,23,Wind,12431
5/5/2022,6,7,Wind,1715
6/23/2024,0,1,Wind,2581
2/14/2020,8,9,Wind,3683
8/2/2025,1,2,Wind,4270
5/5/2024,1,2,Wind,3256
4/30/2023,9,10,Wind,4169
2/9/2025,17,18,Wind,1709
8/11/2025,18,19,Solar,6420
3/10/2025,8,9,Wind,3471
4/3/2020,19,20,Wind,1256
2/1/2022,14,15,Wind,14323
4/9/2024,21,22,Wind,9329
5/2/2022,19,20,Wind,3754
10/8/2022,0,1,Wind,3051
11/11/2022,6,7,Wind,3328
10/5/2022,11,12,Wind,11975
5/26/2025,14,15,Solar,6702
2/16/2023,4,5,Wind,3973
12/14/2022,15,16,Wind,2542
2/14/2020,12,13,Wind,5860
3/13/2020,7,8,Wind,6097
12/7/2021,8,9,Wind,5489
9/23/2021,19,20,Wind,1224
9/5/2024,6,7,Wind,5710
11/16/2022,22,23,Wind,15448
3/12/2022,6,7,Wind,6239
2/19/2024,17,18,Wind,7758
3/8/2022,10,11,Wind,7990
9/7/2020,9,10,Solar,3027
9/6/2020,15,16,Solar,4473
1/21/2022,8,9,Wind,4551
9/16/2021,10,11,Solar,1635
4/6/2024,18,19,Wind,8976
11/12/2024,1,2,Wind,8188
10/19/2025,2,3,Wind,6818
5/13/2023,22,23,Wind,5777
12/8/2022,21,22,Wind,2632
3/22/2022,11,12,Solar,8531
12/25/2023,15,16,Wind,12985
2/6/2025,20,21,Wind,12160
2/7/2022,2,3,Wind,13497
1/18/2023,16,17,Wind,5234
1/26/2025,1,2,Wind,10365
5/4/2024,23,0,Wind,3298
6/4/2024,23,0,Wind,4473
1/18/2021,8,9,Wind,2915
11/22/2021,15,16,Wind,11582
2/28/2024,6,7,Wind,2370
11/12/2020,9,10,Wind,5105
8/24/2022,12,13,Solar,6402
11/8/2021,14,15,Solar,4153
1/14/2022,5,6,Wind,1127
6/3/2025,13,14,Wind,6959
1/1/2020,15,16,Wind,1323
5/19/2023,5,6,Wind,5256
7/3/2022,20,21,Wind,2890
6/16/2020,23,0,Wind,1468
2/19/2024,12,13,Wind,10225
1/9/2020,21,22,Wind,10944
6/12/2022,18,19,Wind,5222
4/11/2020,20,21,Wind,725
9/6/2022,4,5,Wind,3166
6/8/2020,1,2,Wind,1496
12/13/2022,3,4,Wind,6816
10/7/2024,15,16,Wind,7138
8/13/2024,0,1,Wind,1600
5/26/2024,8,9,Wind,5565
8/19/2024,15,16,Solar,9088
11/4/2023,18,19,Wind,15770
4/14/2021,10,11,Solar,5528
11/2/2023,7,8,Wind,15300
7/31/2023,22,23,Wind,10752
8/1/2022,18,19,Solar,3859
2/13/2025,1,2,Wind,1112
11/6/2021,7,8,Wind,2797
10/11/2025,9,10,Wind,5515
11/28/2020,4,5,Wind,3659
9/17/2025,19,20,Wind,3567
2/1/2024,22,23,Wind,1902
8/9/2025,5,6,Wind,1061
10/22/2021,22,23,Wind,2376
12/16/2022,2,3,Wind,6144
2/22/2022,12,13,Wind,14675
9/15/2023,21,22,Wind,4226
8/6/2021,21,22,Wind,2893
9/6/2024,3,4,Wind,1393
7/28/2025,12,13,Solar,11478
7/26/2024,16,17,Solar,6307
9/15/2021,8,9,Wind,2190
3/26/2025,15,16,Solar,7167
7/22/2025,21,22,Wind,1826
6/9/2020,12,13,Solar,4970
12/31/2022,11,12,Wind,17264
2/15/2025,15,16,Solar,7084
8/9/2020,18,19,Wind,3103
10/18/2023,23,0,Wind,11879
3/9/2023,21,22,Wind,15820
9/17/2023,16,17,Wind,5366
11/18/2023,18,19,Wind,12524
11/22/2020,13,14,Solar,3338
12/31/2024,16,17,Wind,8495
11/9/2025,14,15,Solar,7371
6/29/2021,16,17,Solar,5193
10/20/2025,18,19,Wind,16757
5/3/2024,19,20,Wind,2964
9/16/2025,20,21,Wind,3536
4/12/2025,18,19,Wind,11549
5/24/2021,18,19,Wind,12791
3/10/2025,10,11,Solar,6063
6/20/2021,9,10,Wind,3324
8/16/2020,7,8,Wind,1272
8/25/2023,4,5,Wind,2460
1/22/2025,17,18,Wind,5102
1/6/2025,9,10,Wind,18975
5/15/2023,12,13,Solar,9340
7/12/2020,10,11,Solar,4498
6/13/2024,21,22,Wind,5123
7/3/2025,14,15,Solar,9855
8/26/2024,16,17,Solar,8375
9/29/2025,15,16,Solar,8318
4/19/2020,9,10,Wind,2105
3/4/2023,4,5,Wind,4490
7/13/2021,15,16,Wind,7535
10/9/2025,11,12,Solar,5069
9/6/2021,10,11,Solar,3616
10/3/2025,18,19,Wind,10465
4/24/2024,16,17,Wind,10914
7/3/2023,9,10,Wind,6964
4/9/2020,1,2,Wind,894
8/8/2020,1,2,Wind,1875
9/26/2021,15,16,Solar,5531
12/25/2023,11,12,Wind,15160
4/2/2022,22,23,Wind,4539
12/14/2023,5,6,Wind,7047
1/23/2020,16,17,Wind,3347
10/15/2023,15,16,Solar,6957
5/31/2020,6,7,Wind,4859
3/29/2025,21,22,Wind,5649
10/8/2020,22,23,Wind,4432
2/17/2021,2,3,Wind,8531
5/11/2020,5,6,Wind,10139
9/5/2022,7,8,Wind,2789
7/7/2021,3,4,Wind,4006
10/12/2024,6,7,Wind,6023
6/20/2022,4,5,Wind,3009
10/26/2024,7,8,Wind,2152
5/18/2020,3,4,Wind,2064
8/2/2022,0,1,Wind,1397
1/14/2022,2,3,Wind,1410
7/25/2024,16,17,Solar,8796
5/26/2023,11,12,Solar,10688
8/22/2024,10,11,Solar,10231
3/22/2024,5,6,Wind,2130
10/26/2021,16,17,Wind,5120
7/19/2025,13,14,Wind,14450
7/28/2024,6,7,Wind,2348
2/1/2024,15,16,Wind,3444
12/26/2022,13,14,Wind,10092
7/30/2024,17,18,Solar,4665
8/18/2022,2,3,Wind,1182
4/16/2025,17,18,Solar,6246
11/15/2020,21,22,Wind,12149
2/26/2025,9,10,Wind,9755
2/20/2022,7,8,Wind,12571
2/20/2025,9,10,Wind,9967
2/27/2022,3,4,Wind,9685
12/31/2021,18,19,Wind,3904
7/28/2022,12,13,Solar,5588
4/28/2021,2,3,Wind,1371
12/23/2021,5,6,Wind,6602
3/14/2024,23,0,Wind,10690
7/14/2023,9,10,Solar,6490
10/18/2025,4,5,Wind,5140
4/7/2021,3,4,Wind,4251
1/14/2024,13,14,Solar,3639
4/18/2022,3,4,Wind,4344
6/1/2024,9,10,Wind,8993
4/24/2020,15,16,Solar,3799
3/13/2022,18,19,Wind,5913
2/23/2025,12,13,Wind,11643
11/6/2021,12,13,Solar,5852
4/4/2025,15,16,Wind,6218
2/10/2022,13,14,Solar,6325
8/15/2021,2,3,Wind,1057
6/22/2023,14,15,Wind,9306
2/23/2020,10,11,Wind,13480
3/10/2022,22,23,Wind,7481
8/14/2021,0,1,Wind,1478
6/5/2020,3,4,Wind,3542
5/22/2020,21,22,Wind,2177
8/26/2025,20,21,Wind,3405
7/5/2022,7,8,Wind,2105
3/30/2024,13,14,Solar,7615
1/4/2022,11,12,Wind,5975
8/19/2025,10,11,Solar,4540
8/12/2023,3,4,Wind,1596
3/23/2024,10,11,Wind,17377
7/7/2025,23,0,Wind,4873
1/20/2023,10,11,Wind,4641
3/2/2024,16,17,Wind,6629
1/5/2022,14,15,Wind,7511
9/12/2025,13,14,Wind,15434
2/8/2025,18,19,Wind,3104
4/11/2020,7,8,Wind,1900
1/23/2020,18,19,Wind,3556
9/30/2025,8,9,Wind,2872
5/1/2020,22,23,Wind,6712
8/10/2021,13,14,Solar,5911
9/16/2021,18,19,Solar,1495
10/27/2023,12,13,Wind,12650
11/11/2025,3,4,Wind,7897
3/24/2020,7,8,Wind,5774
10/20/2023,17,18,Wind,6907
10/29/2025,15,16,Wind,8506
11/21/2023,16,17,Wind,6703
3/26/2024,20,21,Wind,8261
6/30/2022,20,21,Wind,2522
12/25/2020,4,5,Wind,6542
6/26/2021,15,16,Solar,4697
8/4/2020,0,1,Wind,3666
8/22/2022,2,3,Wind,1927
4/17/2022,16,17,Solar,7694
1/7/2021,5,6,Wind,487
5/12/2025,9,10,Solar,5922
6/26/2024,18,19,Solar,4295
7/1/2025,2,3,Wind,778
6/9/2023,5,6,Wind,4644
8/24/2023,17,18,Wind,9861
7/28/2025,9,10,Solar,6834
8/15/2021,3,4,Wind,883
9/23/2024,16,17,Wind,9135
3/25/2024,13,14,Wind,10853
10/7/2025,4,5,Wind,1733
11/15/2020,1,2,Wind,10998
9/14/2023,14,15,Solar,6131
7/1/2024,4,5,Wind,1845
3/13/2022,12,13,Wind,10835
3/4/2021,22,23,Wind,3145
8/24/2022,5,6,Wind,956
6/6/2025,18,19,Wind,10880
12/30/2021,9,10,Wind,8720
4/1/2021,2,3,Wind,1907
8/6/2023,22,23,Wind,5369
6/13/2025,19,20,Wind,5374
10/10/2022,19,20,Wind,2196
9/20/2025,18,19,Wind,11616
9/8/2023,17,18,Solar,4384
12/30/2021,22,23,Wind,5452
3/30/2024,7,8,Wind,3497
5/8/2023,17,18,Solar,5446
4/25/2021,11,12,Wind,10262
7/15/2022,4,5,Wind,4379
11/26/2021,1,2,Wind,2597
10/15/2025,23,0,Wind,5351
1/18/2025,10,11,Solar,3129
3/16/2025,16,17,Wind,9489
10/18/2022,14,15,Solar,5808
2/10/2020,4,5,Wind,10052
4/25/2020,5,6,Wind,1788
5/18/2023,5,6,Wind,5769
4/16/2022,23,0,Wind,8150
3/29/2020,10,11,Wind,13965
3/28/2025,20,21,Wind,8242
12/18/2024,9,10,Wind,15999
3/9/2020,8,9,Wind,6477
5/22/2023,0,1,Wind,3806
11/2/2024,13,14,Solar,7954
3/7/2022,0,1,Wind,7417
1/25/2023,8,9,Wind,2111
1/15/2021,9,10,Wind,6240
5/19/2022,5,6,Wind,3542
10/24/2020,6,7,Wind,7495
10/28/2021,8,9,Wind,5807
1/8/2025,21,22,Wind,12892
4/4/2024,0,1,Wind,12543
12/18/2020,8,9,Wind,6733
9/25/2022,15,16,Solar,6102
10/19/2020,3,4,Wind,1464
2/6/2024,11,12,Wind,14493
4/18/2023,6,7,Wind,6520
5/2/2023,18,19,Wind,7162
6/26/2025,9,10,Wind,9995
9/18/2024,16,17,Wind,16325
11/22/2024,1,2,Wind,6061
3/20/2023,1,2,Wind,1521
1/13/2022,1,2,Wind,3054
6/15/2021,5,6,Wind,1611
1/9/2021,9,10,Wind,4051
2/15/2022,0,1,Wind,6687
3/18/2020,12,13,Solar,4055
8/31/2025,1,2,Wind,8549
11/23/2023,8,9,Wind,3718
9/12/2023,12,13,Solar,4437
9/10/2020,21,22,Wind,2030
7/11/2023,15,16,Solar,9554
9/15/2021,13,14,Solar,3942
5/21/2023,9,10,Wind,5307
4/15/2021,10,11,Solar,6346
11/26/2024,19,20,Wind,4935
10/14/2025,5,6,Wind,5919
3/22/2021,18,19,Wind,2993
2/9/2025,10,11,Solar,4315
7/14/2024,8,9,Solar,2477
2/5/2021,16,17,Wind,1998
8/26/2020,6,7,Wind,8678
4/27/2023,4,5,Wind,1206
3/6/2023,0,1,Wind,1228
5/12/2025,1,2,Wind,2951
2/6/2023,15,16,Wind,8670
8/4/2020,14,15,Solar,5625
3/1/2023,21,22,Wind,7713
10/1/2022,22,23,Wind,7629
11/17/2023,13,14,Wind,7387
10/2/2023,5,6,Wind,2482
2/26/2025,1,2,Wind,10324
12/12/2021,0,1,Wind,5469
9/8/2022,20,21,Wind,5147
5/26/2020,17,18,Wind,6931
3/10/2021,23,0,Wind,13439
5/24/2024,4,5,Wind,712
6/9/2020,13,14,Solar,5042
9/3/2023,0,1,Wind,4539
9/16/2020,12,13,Solar,3732
9/19/2024,1,2,Wind,8994
6/7/2023,23,0,Wind,5602
10/14/2023,0,1,Wind,14148
1/12/2022,7,8,Wind,2263
5/13/2022,6,7,Wind,1900
11/4/2021,2,3,Wind,2836
5/2/2020,2,3,Wind,5334
9/18/2022,0,1,Wind,3466
6/8/2023,15,16,Solar,8328
9/15/2022,4,5,Wind,1546
3/17/2023,1,2,Wind,8075
1/9/2025,13,14,Wind,13396
4/12/2024,15,16,Solar,4291
9/2/2024,10,11,Solar,5818
8/16/2020,2,3,Wind,1867
9/30/2020,7,8,Wind,1223
6/20/2022,17,18,Solar,6713
6/5/2021,3,4,Wind,2400
4/21/2022,16,17,Wind,6557
6/22/2024,3,4,Wind,6081
10/27/2024,5,6,Wind,1792
5/30/2023,21,22,Wind,9690
5/20/2024,5,6,Wind,1434
4/3/2025,23,0,Wind,6528
8/18/2025,14,15,Solar,8983
9/16/2022,23,0,Wind,5346
1/30/2020,0,1,Wind,5384
4/10/2022,17,18,Solar,5961
7/29/2024,21,22,Wind,2404
12/3/2020,1,2,Wind,3330
7/30/2022,6,7,Wind,936
10/20/2023,3,4,Wind,4769
8/17/2022,17,18,Solar,3938
7/7/2022,1,2,Wind,3488
12/27/2024,6,7,Wind,1298
9/13/2024,23,0,Wind,4267
5/20/2020,15,16,Solar,5220
9/19/2020,21,22,Wind,2449
2/19/2022,22,23,Wind,13745
6/22/2023,10,11,Wind,5018
12/17/2024,16,17,Wind,5399
3/4/2023,2,3,Wind,4916
1/19/2022,3,4,Wind,1605
6/8/2023,9,10,Solar,6235
9/10/2023,17,18,Solar,4930
4/29/2021,11,12,Wind,3791
11/19/2025,16,17,Wind,13285
11/6/2023,9,10,Wind,12593
7/18/2022,11,12,Solar,6471
9/15/2021,2,3,Wind,2419
5/8/2022,8,9,Wind,4118
5/27/2022,15,16,Solar,8174
10/4/2022,20,21,Wind,1168
6/19/2020,1,2,Wind,2319
6/12/2022,10,11,Solar,4684
10/8/2022,9,10,Wind,2465
5/24/2025,19,20,Wind,8852
9/30/2025,20,21,Wind,2697
7/6/2025,20,21,Wind,8639
7/6/2020,15,16,Wind,9681
8/11/2023,7,8,Wind,1918
8/20/2025,16,17,Wind,8881
4/19/2021,22,23,Wind,906
5/10/2021,7,8,Wind,7041
3/7/2021,2,3,Wind,2521
1/22/2021,16,17,Wind,3696
4/23/2021,10,11,Solar,5659
12/8/2021,5,6,Wind,9297
8/4/2020,22,23,Wind,1340
2/18/2023,23,0,Wind,8067
12/14/2022,21,22,Wind,2161
7/9/2023,3,4,Wind,2355
7/11/2024,2,3,Wind,1053
2/24/2020,10,11,Wind,11258
2/3/2021,2,3,Wind,9275
12/5/2022,23,0,Wind,1854
4/23/2023,0,1,Wind,6724
6/8/2021,10,11,Solar,4183
2/26/2023,10,11,Wind,20500
3/2/2024,10,11,Wind,12926
5/18/2024,1,2,Wind,713
8/30/2020,11,12,Wind,5251
9/29/2021,14,15,Wind,11739
8/3/2021,0,1,Wind,930
1/11/2023,1,2,Wind,14468
2/21/2024,15,16,Wind,15550
3/16/2020,6,7,Wind,3309
11/10/2020,21,22,Wind,805
11/8/2022,1,2,Wind,12163
11/14/2022,2,3,Wind,3659
2/15/2024,18,19,Wind,10200
11/3/2023,0,1,Wind,12874
1/24/2025,8,9,Wind,18114
1/2/2024,0,1,Wind,17307
8/4/2023,21,22,Wind,3747
7/18/2020,23,0,Wind,1750
7/21/2021,4,5,Wind,2191
3/31/2023,15,16,Wind,21172
1/5/2023,12,13,Wind,7199
3/27/2022,19,20,Wind,1675
9/24/2023,10,11,Solar,7784
7/7/2021,20,21,Wind,2231
5/18/2024,4,5,Wind,556
4/1/2022,18,19,Wind,13751
12/1/2023,7,8,Wind,2590
3/10/2024,18,19,Wind,975
3/2/2020,20,21,Wind,8827
9/19/2025,10,11,Solar,9787
12/21/2020,1,2,Wind,6095
6/30/2023,4,5,Wind,2629
5/13/2024,12,13,Solar,6365
11/25/2024,2,3,Wind,17724
6/2/2022,23,0,Wind,4438
3/1/2022,10,11,Solar,4347
9/12/2020,9,10,Solar,2461
5/8/2021,19,20,Wind,6309
9/25/2022,2,3,Wind,2749
3/6/2021,9,10,Wind,6040
1/15/2022,21,22,Wind,1036
11/17/2023,7,8,Wind,4109
7/5/2025,20,21,Wind,5175
6/12/2021,12,13,Solar,4821
7/31/2022,19,20,Wind,5209
3/20/2024,15,16,Solar,5622
4/23/2020,7,8,Wind,1746
5/9/2022,20,21,Wind,514
3/6/2024,10,11,Solar,5162
2/26/2021,5,6,Wind,2352
11/20/2025,5,6,Wind,7116
5/9/2020,5,6,Wind,1685
8/21/2025,1,2,Wind,3653
6/11/2025,20,21,Wind,5029
8/27/2022,11,12,Solar,6767
9/10/2023,12,13,Solar,8323
4/20/2023,0,1,Wind,8926
3/24/2021,4,5,Wind,1493
11/19/2022,12,13,Solar,5271
12/5/2024,10,11,Wind,16407
4/22/2025,3,4,Wind,2038
9/14/2021,19,20,Wind,1986
11/23/2020,3,4,Wind,245
2/3/2023,16,17,Wind,7659
11/2/2023,4,5,Wind,15164
5/29/2025,14,15,Solar,5853
1/12/2020,12,13,Wind,9137
8/28/2021,20,21,Wind,4826
12/11/2023,0,1,Wind,13562
8/20/2021,20,21,Wind,525
2/14/2024,9,10,Wind,10647
11/9/2022,17,18,Wind,4408
10/13/2020,9,10,Wind,4332
9/25/2023,21,22,Wind,525
10/8/2024,7,8,Wind,10208
8/16/2021,2,3,Wind,4074
4/25/2022,9,10,Wind,4334
6/5/2025,22,23,Wind,12352
5/30/2023,12,13,Solar,13676
8/22/2020,3,4,Wind,4955
12/9/2021,16,17,Wind,5379
1/25/2020,12,13,Solar,2654
5/16/2023,1,2,Wind,7661
10/28/2023,11,12,Wind,16187
6/19/2021,0,1,Wind,3276
2/14/2023,15,16,Solar,5164
3/21/2022,10,11,Solar,6419
9/22/2023,21,22,Wind,5871
10/17/2021,1,2,Wind,1752
7/29/2024,4,5,Wind,5316
2/9/2024,4,5,Wind,16307
3/17/2022,13,14,Wind,5469
4/2/2022,19,20,Wind,7493
9/25/2022,7,8,Wind,2772
9/26/2025,18,19,Solar,1324
10/28/2024,0,1,Wind,477
1/21/2023,4,5,Wind,7168
10/23/2024,18,19,Wind,2844
6/27/2020,22,23,Wind,4430
7/29/2020,20,21,Wind,708
7/9/2022,9,10,Solar,4215
12/31/2021,4,5,Wind,5884
3/1/2025,10,11,Wind,12156
2/16/2021,23,0,Wind,9342
1/13/2022,7,8,Wind,2614
2/14/2024,20,21,Wind,7478
11/9/2024,2,3,Wind,1560
3/2/2020,2,3,Wind,8017
6/18/2020,19,20,Wind,3276
9/8/2021,18,19,Wind,3479
4/16/2022,8,9,Wind,5476
1/26/2024,18,19,Wind,3375
9/5/2020,15,16,Solar,5374
11/28/2021,6,7,Wind,9221
12/13/2021,12,13,Solar,3477
4/7/2024,19,20,Wind,6864
10/23/2023,7,8,Wind,7522
10/26/2021,19,20,Wind,3013
4/25/2020,10,11,Solar,3420
12/10/2022,7,8,Wind,1455
9/7/2022,21,22,Wind,3796
9/10/2022,23,0,Wind,1212
1/31/2023,9,10,Wind,4810
5/24/2025,22,23,Wind,6806
10/18/2022,12,13,Solar,5685
11/8/2023,13,14,Wind,18274
11/18/2020,17,18,Wind,6191
12/7/2020,10,11,Wind,1923
3/30/2024,17,18,Wind,6296
5/13/2023,9,10,Wind,6102
12/19/2022,15,16,Wind,13925
5/27/2022,12,13,Solar,6760
4/18/2022,13,14,Solar,5569
2/7/2023,4,5,Wind,8388
6/13/2022,4,5,Wind,3562
5/20/2022,9,10,Wind,5745
8/31/2025,8,9,Wind,4739
7/16/2024,8,9,Wind,9494
6/22/2025,22,23,Wind,2524
12/6/2023,21,22,Wind,2268
8/29/2025,12,13,Wind,16980
5/24/2022,18,19,Wind,4509
9/10/2023,23,0,Wind,2891
4/14/2025,15,16,Solar,8284
2/14/2025,12,13,Solar,9622
5/24/2025,1,2,Wind,2417
7/19/2022,10,11,Solar,6985
11/30/2023,23,0,Wind,1459
2/3/2025,0,1,Wind,1663
7/2/2020,17,18,Wind,6989
3/29/2025,15,16,Wind,12588
10/20/2025,21,22,Wind,17019
7/11/2020,8,9,Wind,2387
8/13/2021,10,11,Solar,3071
5/13/2025,19,20,Wind,3028
5/28/2022,7,8,Wind,3736
5/25/2024,19,20,Solar,2497
3/1/2024,16,17,Wind,15488
2/1/2025,12,13,Solar,6265
1/29/2020,11,12,Wind,8656
6/24/2025,6,7,Wind,2381
7/25/2024,19,20,Wind,3757
12/12/2021,15,16,Wind,3406
7/30/2023,10,11,Wind,10162
8/10/2021,12,13,Solar,5674
4/19/2023,6,7,Wind,6801
9/12/2025,21,22,Wind,6028
3/14/2023,13,14,Wind,20075
8/19/2022,13,14,Solar,8025
8/28/2021,16,17,Wind,9387
3/3/2022,12,13,Solar,4140
2/19/2020,12,13,Wind,8496
3/9/2022,22,23,Wind,6290
8/25/2023,10,11,Wind,7231
8/26/2023,18,19,Wind,3633
1/5/2025,2,3,Wind,11792
6/15/2023,17,18,Solar,6607
6/22/2022,10,11,Solar,4827
7/28/2021,12,13,Wind,8959
8/9/2022,2,3,Wind,6809
9/19/2021,0,1,Wind,3579
6/5/2022,22,23,Wind,3284
5/17/2021,1,2,Wind,10855
1/6/2024,22,23,Wind,7362
6/22/2025,8,9,Wind,4620
5/24/2021,15,16,Wind,13322
12/16/2021,4,5,Wind,1969
9/9/2021,14,15,Wind,5286
11/28/2020,23,0,Wind,4754
6/5/2020,15,16,Wind,14071
11/15/2024,16,17,Wind,1821
9/13/2024,16,17,Solar,10679
7/19/2022,17,18,Wind,8845
6/17/2021,2,3,Wind,4974
2/22/2022,21,22,Wind,8837
1/17/2024,20,21,Wind,7330
4/8/2022,2,3,Wind,7881
10/30/2022,18,19,Wind,1624
7/9/2023,9,10,Solar,4410
6/2/2020,11,12,Solar,3384
7/21/2025,4,5,Wind,10394
10/18/2024,18,19,Wind,2532
9/2/2022,22,23,Wind,1024
5/27/2023,14,15,Solar,5976
3/15/2020,8,9,Wind,5982
10/23/2024,9,10,Wind,3405
12/25/2020,9,10,Wind,6570
3/12/2025,21,22,Wind,2248
3/3/2023,21,22,Wind,5856
10/10/2022,22,23,Wind,2564
6/24/2020,8,9,Wind,3766
10/26/2020,2,3,Wind,5700
1/10/2022,21,22,Wind,2603
9/3/2024,2,3,Wind,513
2/3/2021,7,8,Wind,9834
10/5/2020,6,7,Wind,9314
8/18/2021,18,19,Wind,3918
7/8/2021,3,4,Wind,1458
8/20/2022,12,13,Solar,6090
2/24/2023,13,14,Solar,6198
7/5/2025,9,10,Solar,6839
1/21/2024,2,3,Wind,11855
2/27/2021,23,0,Wind,8380
10/13/2024,5,6,Wind,2418
6/20/2022,3,4,Wind,4084
12/3/2023,5,6,Wind,6861
8/4/2021,14,15,Solar,3337
7/7/2020,9,10,Solar,3236
10/10/2023,15,16,Solar,6674
2/11/2020,2,3,Wind,12337
7/2/2021,13,14,Solar,4836
8/27/2024,0,1,Wind,2350
7/18/2022,19,20,Wind,3281
10/8/2025,18,19,Wind,2375
12/6/2023,1,2,Wind,3323
9/30/2024,9,10,Wind,15849
5/5/2022,1,2,Wind,2097
4/17/2020,18,19,Wind,2983
9/29/2020,12,13,Solar,3747
3/29/2023,17,18,Wind,9807
2/26/2025,5,6,Wind,7888
2/1/2025,23,0,Wind,3977
4/30/2025,6,7,Wind,3827
4/23/2021,3,4,Wind,6116
7/11/2022,22,23,Wind,3652
6/26/2020,6,7,Wind,3199
8/2/2025,7,8,Wind,4482
5/11/2025,17,18,Wind,4090
11/16/2021,18,19,Wind,1101
4/20/2021,19,20,Wind,1160
3/24/2022,14,15,Solar,6833
12/9/2020,7,8,Wind,2764
2/21/2020,10,11,Wind,5295
4/5/2025,21,22,Wind,8059
9/6/2024,0,1,Wind,764
4/5/2025,4,5,Wind,7492
7/13/2025,0,1,Wind,4224
3/9/2024,21,22,Wind,5774
4/7/2023,19,20,Wind,3276
8/2/2022,12,13,Solar,6726
6/17/2022,14,15,Solar,6767
8/14/2020,14,15,Solar,4993
12/3/2024,20,21,Wind,1073
10/13/2024,22,23,Wind,2745
8/29/2023,0,1,Wind,2934
2/22/2023,4,5,Wind,3066
9/8/2021,5,6,Wind,5438
5/5/2022,10,11,Solar,4537
11/4/2022,7,8,Wind,6522
7/16/2021,23,0,Wind,3250
7/23/2022,7,8,Wind,1348
3/18/2025,15,16,Wind,14023
9/21/2023,22,23,Wind,6683
4/24/2023,9,10,Wind,7316
9/3/2021,7,8,Wind,2116
9/2/2023,23,0,Wind,4684
10/20/2021,6,7,Wind,10876
3/12/2021,23,0,Wind,13614
10/3/2025,6,7,Wind,5127
9/19/2023,23,0,Wind,6877
2/17/2020,1,2,Wind,8444
10/17/2022,6,7,Wind,7788
1/5/2022,3,4,Wind,7616
7/17/2025,9,10,Solar,5531
9/22/2021,18,19,Wind,2088
6/20/2025,11,12,Solar,10259
2/18/2022,15,16,Wind,14791
4/3/2022,22,23,Wind,1510
10/16/2020,18,19,Wind,1636
10/6/2022,5,6,Wind,2090
4/28/2020,23,0,Wind,4946
3/13/2023,23,0,Wind,15758
5/26/2020,21,22,Wind,4408
9/29/2022,6,7,Wind,1419
6/29/2025,4,5,Wind,2696
6/26/2025,12,13,Wind,14264
5/26/2020,18,19,Wind,6277
9/7/2021,17,18,Wind,6012
10/16/2020,5,6,Wind,3142
6/20/2025,22,23,Wind,4161
12/2/2020,14,15,Wind,2577
4/3/2020,13,14,Solar,5002
6/19/2023,12,13,Solar,6321
7/14/2022,21,22,Wind,5239
3/17/2021,21,22,Wind,5437
12/8/2022,3,4,Wind,1242
12/12/2020,19,20,Wind,6484
9/15/2022,18,19,Wind,3250
11/19/2023,6,7,Wind,11720
3/8/2024,11,12,Wind,10265
11/13/2025,18,19,Wind,10591
3/22/2020,21,22,Wind,9593
5/22/2024,1,2,Wind,4611
7/25/2022,23,0,Wind,5596
1/1/2023,1,2,Wind,11283
12/11/2020,1,2,Wind,6767
7/1/2023,5,6,Wind,7440
5/3/2021,4,5,Wind,657
8/27/2020,15,16,Wind,7459
12/27/2023,12,13,Wind,13912
4/11/2024,17,18,Solar,5597
10/1/2021,22,23,Wind,4034
9/23/2025,12,13,Wind,12969
3/19/2021,20,21,Wind,7181
12/27/2020,19,20,Wind,8326
5/10/2021,18,19,Wind,4506
11/3/2020,5,6,Wind,3252
11/3/2024,22,23,Wind,2791
5/9/2021,4,5,Wind,8251
6/10/2025,9,10,Solar,7037
3/6/2024,22,23,Wind,2314
11/3/2020,11,12,Wind,7836
9/18/2021,7,8,Wind,1755
5/4/2020,19,20,Wind,4587
2/14/2022,18,19,Wind,6618
10/18/2020,18,19,Wind,522
11/11/2020,6,7,Wind,733
5/13/2024,20,21,Wind,3925
1/14/2025,23,0,Wind,2984
8/26/2022,17,18,Solar,5462
6/26/2020,18,19,Wind,3680
4/24/2025,21,22,Wind,4076
11/24/2025,22,23,Wind,9801
7/13/2023,5,6,Wind,2155
8/28/2021,6,7,Wind,3722
9/23/2025,15,16,Wind,12917
9/16/2022,10,11,Solar,4975
3/10/2022,17,18,Wind,4799
6/7/2025,8,9,Wind,9072
7/25/2025,4,5,Wind,2111
12/14/2020,13,14,Wind,6019
4/21/2021,20,21,Wind,5054
10/19/2022,21,22,Wind,7426
4/13/2025,13,14,Wind,4783
11/7/2025,0,1,Wind,2662
8/20/2024,7,8,Wind,3600
7/30/2024,21,22,Wind,2502
3/7/2023,22,23,Wind,6916
12/13/2020,3,4,Wind,4008
3/17/2023,13,14,Wind,12263
9/11/2023,4,5,Wind,1317
3/12/2023,1,2,Wind,6082
10/14/2020,18,19,Wind,5325
11/6/2025,12,13,Wind,6278
4/26/2024,16,17,Solar,5775
11/3/2024,3,4,Wind,3106
6/22/2022,23,0,Wind,1640
3/20/2020,23,0,Wind,8105
8/19/2025,19,20,Wind,4330
9/28/2021,10,11,Solar,3345
8/22/2021,12,13,Wind,8102
5/4/2024,12,13,Wind,9129
10/4/2024,3,4,Wind,4898
3/4/2022,23,0,Wind,3137
12/10/2022,19,20,Wind,1861
1/29/2025,3,4,Wind,15556
1/10/2021,10,11,Wind,4394
11/15/2020,0,1,Wind,10818
4/18/2020,15,16,Solar,2973
2/3/2022,5,6,Wind,2929
9/13/2022,21,22,Wind,2822
11/26/2024,17,18,Wind,3769
1/27/2021,10,11,Wind,5277
8/21/2025,17,18,Wind,10878
7/11/2025,1,2,Wind,4862
12/31/2022,4,5,Wind,15764
8/8/2023,10,11,Solar,7019
12/29/2020,21,22,Wind,3155
9/1/2021,11,12,Wind,9100
12/7/2020,5,6,Wind,910
10/4/2025,15,16,Wind,13739
6/19/2025,5,6,Wind,4974
9/3/2022,17,18,Wind,5467
7/1/2024,16,17,Solar,9539
9/18/2021,15,16,Solar,3777
1/14/2020,12,13,Wind,14254
9/20/2021,2,3,Wind,1783
12/11/2021,3,4,Wind,7886
4/4/2020,21,22,Wind,5074
11/5/2022,18,19,Wind,5536
7/26/2021,20,21,Wind,2420
11/26/2022,12,13,Wind,5590
9/18/2020,13,14,Wind,6346
2/4/2020,16,17,Wind,11924
5/14/2024,4,5,Wind,7995
7/28/2023,19,20,Wind,5624
6/29/2022,17,18,Solar,5001
6/24/2023,23,0,Wind,2828
5/27/2023,8,9,Wind,5721
6/16/2025,20,21,Wind,2901
6/10/2023,18,19,Solar,4468
8/1/2025,8,9,Solar,3518
10/18/2023,2,3,Wind,10652
3/18/2020,16,17,Solar,2387
3/14/2024,8,9,Wind,7457
5/16/2025,23,0,Wind,8373
2/18/2023,0,1,Wind,5548
7/23/2022,16,17,Solar,6197
8/16/2022,12,13,Solar,6043
2/18/2024,12,13,Wind,14825
12/20/2024,3,4,Wind,8808
10/25/2022,22,23,Wind,6592
12/11/2022,21,22,Wind,1627
11/4/2025,18,19,Wind,14445
8/14/2020,0,1,Wind,2144
5/10/2020,13,14,Wind,2623
3/3/2020,20,21,Wind,2875
12/18/2022,0,1,Wind,4061
10/11/2022,17,18,Solar,1835
11/3/2021,16,17,Wind,3274
3/3/2023,2,3,Wind,4064
7/30/2022,14,15,Solar,7363
4/27/2022,19,20,Wind,6697
11/8/2025,1,2,Wind,1793
5/31/2025,3,4,Wind,879
8/8/2020,13,14,Solar,4095
5/31/2025,18,19,Solar,5672
8/16/2025,10,11,Solar,10645
12/25/2023,14,15,Wind,14253
6/1/2022,19,20,Wind,2649
4/13/2023,1,2,Wind,15743
7/21/2020,22,23,Wind,5093
5/1/2020,21,22,Wind,7037
1/1/2024,3,4,Wind,9309
1/16/2024,15,16,Solar,1871
7/11/2025,14,15,Solar,13109
6/29/2020,3,4,Wind,2917
1/17/2024,18,19,Wind,9363
3/31/2025,10,11,Solar,9527
9/22/2021,3,4,Wind,2010
1/3/2021,8,9,Wind,1604
4/1/2023,15,16,Wind,16341
2/14/2025,9,10,Wind,6637
9/14/2024,23,0,Wind,3929
2/9/2023,6,7,Wind,1172
10/23/2023,4,5,Wind,5375
1/31/2021,6,7,Wind,3009
2/26/2023,11,12,Wind,22043
7/25/2025,14,15,Solar,9373
11/23/2024,21,22,Wind,19031
7/1/2022,22,23,Wind,845
6/6/2021,21,22,Wind,1802
7/8/2024,8,9,Solar,3111
4/7/2024,23,0,Wind,4677
5/17/2021,12,13,Wind,15300
3/15/2023,19,20,Wind,2059
2/18/2024,0,1,Wind,5504
3/25/2025,21,22,Wind,3839
5/5/2020,8,9,Wind,5591
5/3/2025,3,4,Wind,6936
6/4/2023,23,0,Wind,6760
9/22/2023,22,23,Wind,6457
5/10/2020,5,6,Wind,2056
7/11/2020,11,12,Solar,4885
7/21/2024,0,1,Wind,3435
7/18/2023,9,10,Solar,4325
6/29/2025,1,2,Wind,3834
5/22/2024,9,10,Wind,8005
4/8/2024,22,23,Wind,9778
7/5/2020,1,2,Wind,7405
1/11/2021,17,18,Wind,6090
2/28/2021,3,4,Wind,7607
8/13/2024,5,6,Wind,1209
5/29/2020,10,11,Solar,5407
2/25/2022,19,20,Wind,3155
8/24/2024,13,14,Wind,10581
8/19/2023,11,12,Solar,6990
3/3/2020,7,8,Wind,4102
8/17/2021,17,18,Wind,7713
3/3/2024,0,1,Wind,2949
8/30/2020,0,1,Wind,2869
10/9/2021,2,3,Wind,3926
5/10/2020,17,18,Wind,4035
3/27/2020,18,19,Wind,2867
11/11/2023,13,14,Solar,5880
10/31/2023,1,2,Wind,7202
3/15/2025,10,11,Wind,15859
9/22/2023,14,15,Wind,13152
2/19/2023,9,10,Wind,5578
5/4/2023,8,9,Wind,7756
6/13/2021,14,15,Solar,5069
1/25/2022,9,10,Solar,1114
7/8/2023,21,22,Wind,1136
9/29/2021,6,7,Wind,6686
6/26/2020,11,12,Solar,4861
7/26/2022,12,13,Solar,6546
6/13/2022,14,15,Solar,7174
7/3/2021,8,9,Wind,2116
1/14/2024,12,13,Solar,3571
3/7/2024,8,9,Wind,7880
6/17/2021,10,11,Wind,5129
3/17/2025,17,18,Wind,12710
8/20/2023,23,0,Wind,2891
2/16/2021,7,8,Wind,10321
11/13/2022,16,17,Wind,1605
8/19/2020,18,19,Wind,5719
5/19/2024,16,17,Solar,2867
1/13/2022,20,21,Wind,2891
6/7/2025,6,7,Wind,7180
4/18/2021,23,0,Wind,1954
8/1/2021,5,6,Wind,2357
4/27/2021,0,1,Wind,6406
5/31/2023,9,10,Wind,7949
10/3/2023,9,10,Wind,9763
5/13/2020,19,20,Wind,8135
6/12/2023,22,23,Wind,2753
11/11/2022,4,5,Wind,2858
4/14/2021,13,14,Wind,8978
12/16/2023,2,3,Wind,1986
7/17/2021,22,23,Wind,4501
4/18/2024,16,17,Solar,8128
7/19/2025,18,19,Wind,8795
1/26/2023,6,7,Wind,2238
8/11/2022,21,22,Wind,4852
6/21/2024,21,22,Wind,4798
3/22/2023,9,10,Wind,13652
8/3/2025,14,15,Solar,6657
2/13/2020,1,2,Wind,7835
1/4/2021,8,9,Wind,1699
5/7/2022,11,12,Solar,6711
7/31/2020,10,11,Solar,4357
5/23/2024,6,7,Wind,2688
7/11/2021,21,22,Wind,868
9/26/2025,22,23,Wind,313
5/6/2024,6,7,Wind,3361
9/12/2023,13,14,Solar,4933
5/25/2023,20,21,Wind,7031
11/30/2021,21,22,Wind,12769
5/12/2024,17,18,Wind,6724
11/2/2023,10,11,Wind,15126
8/5/2023,5,6,Wind,2691
2/4/2024,23,0,Wind,7222
6/2/2022,8,9,Wind,3841
1/29/2021,10,11,Wind,14856
10/11/2021,5,6,Wind,2918
8/15/2024,3,4,Wind,1492
4/28/2020,1,2,Wind,2577
5/8/2020,17,18,Solar,3383
11/26/2023,9,10,Wind,3686
11/22/2022,23,0,Wind,8882
12/9/2020,17,18,Wind,2329
4/27/2022,14,15,Solar,9731
11/6/2022,7,8,Wind,8112
6/15/2023,19,20,Wind,3676
5/8/2022,10,11,Solar,6177
10/11/2021,0,1,Wind,3875
6/24/2020,4,5,Wind,4432
5/9/2021,19,20,Wind,9742
5/30/2020,19,20,Wind,4315
11/24/2020,0,1,Wind,1746
12/27/2021,10,11,Wind,8533
10/20/2020,7,8,Wind,10025
6/8/2025,23,0,Wind,2194
2/15/2021,8,9,Wind,10609
3/18/2021,19,20,Wind,3876
5/17/2021,15,16,Wind,15134
1/20/2020,21,22,Wind,5336
4/10/2022,0,1,Wind,1683
10/15/2025,18,19,Wind,5526
1/7/2020,13,14,Wind,4300
8/28/2021,5,6,Wind,3976
12/21/2020,11,12,Wind,12351
10/22/2023,8,9,Wind,6622
9/13/2023,6,7,Wind,1142
3/18/2023,0,1,Wind,6164
11/11/2022,13,14,Solar,6121
8/4/2020,7,8,Wind,1848
9/24/2021,19,20,Wind,811
4/6/2023,17,18,Wind,9974
1/24/2025,12,13,Wind,20266
2/27/2024,7,8,Wind,11863
7/13/2024,2,3,Wind,1314
10/16/2025,18,19,Wind,4569
1/19/2023,0,1,Wind,3941
10/29/2020,12,13,Wind,8304
4/13/2023,10,11,Wind,12488
11/16/2020,12,13,Wind,8614
7/29/2023,18,19,Wind,9214
11/12/2025,22,23,Wind,13981
10/26/2025,5,6,Wind,9488
10/2/2025,13,14,Solar,10562
9/1/2020,16,17,Solar,4322
9/19/2024,7,8,Wind,8099
5/15/2021,4,5,Wind,4140
2/13/2021,18,19,Wind,6179
8/20/2023,3,4,Wind,1018
3/17/2025,9,10,Solar,9414
4/15/2023,19,20,Wind,10025
10/6/2022,6,7,Wind,1907
12/20/2023,1,2,Wind,8716
4/20/2025,21,22,Wind,3971
11/28/2024,6,7,Wind,2505
9/7/2025,5,6,Wind,6061
8/19/2024,14,15,Solar,9521
11/20/2022,17,18,Wind,9046
2/9/2021,3,4,Wind,2115
5/10/2021,16,17,Wind,7215
12/23/2020,0,1,Wind,7054
9/12/2020,12,13,Solar,4331
10/11/2024,5,6,Wind,622
1/21/2024,16,17,Wind,14424
6/30/2023,15,16,Wind,9841
2/17/2023,2,3,Wind,7016
8/3/2023,15,16,Wind,12675
12/28/2023,20,21,Wind,13984
5/10/2020,12,13,Wind,2636
11/3/2025,18,19,Wind,8937
2/3/2025,21,22,Wind,1946
2/24/2024,0,1,Wind,6656
9/6/2020,0,1,Wind,2406
8/19/2020,14,15,Wind,7727
2/22/2021,20,21,Wind,5302
9/6/2021,11,12,Solar,4607
4/5/2024,7,8,Wind,14615
12/24/2020,7,8,Wind,11043
4/11/2023,21,22,Wind,8468
5/6/2025,23,0,Wind,9254
3/10/2023,19,20,Wind,6183
7/27/2024,13,14,Solar,6448
8/15/2022,9,10,Wind,4944
1/24/2024,8,9,Wind,15725
6/11/2024,6,7,Wind,1917
10/5/2024,20,21,Wind,7671
5/22/2020,6,7,Wind,3939
12/31/2021,0,1,Wind,5685
7/26/2025,4,5,Wind,2368
1/25/2020,11,12,Solar,2622
11/30/2021,8,9,Wind,11135
6/2/2022,20,21,Wind,2050
12/12/2024,21,22,Wind,3531
8/25/2024,16,17,Solar,4862
1/2/2020,12,13,Wind,4169
9/7/2023,5,6,Wind,2215
7/17/2023,21,22,Wind,1150
6/4/2025,11,12,Solar,6538
9/12/2022,23,0,Wind,2700
9/16/2020,0,1,Wind,800
4/6/2020,14,15,Wind,6087
3/6/2022,21,22,Wind,7693
12/20/2022,5,6,Wind,13622
3/19/2023,18,19,Wind,3522
5/14/2021,22,23,Wind,3321
3/19/2022,20,21,Wind,9623
4/15/2023,11,12,Wind,12042
11/10/2020,0,1,Wind,1153
10/8/2025,4,5,Wind,584
7/29/2025,19,20,Wind,5792
10/8/2021,2,3,Wind,3432
3/11/2022,18,19,Wind,10430
10/7/2025,17,18,Solar,3781
2/26/2025,16,17,Wind,15275
1/27/2023,20,21,Wind,7462
7/4/2024,1,2,Wind,6505
8/27/2025,5,6,Wind,2086
4/13/2020,3,4,Wind,3469
11/3/2020,0,1,Wind,3597
4/21/2025,20,21,Wind,3158
4/13/2021,18,19,Wind,4444
11/14/2024,23,0,Wind,3238
3/1/2022,2,3,Wind,2865
3/20/2023,20,21,Wind,1690
7/15/2024,12,13,Solar,8737
7/27/2025,2,3,Wind,2172
8/5/2022,4,5,Wind,2957
12/10/2024,10,11,Wind,10560
12/19/2023,20,21,Wind,11260
8/11/2022,8,9,Wind,4398
7/15/2021,6,7,Wind,7253
3/29/2025,16,17,Wind,11249
9/5/2025,20,21,Wind,687
11/11/2025,7,8,Wind,8058
6/18/2024,17,18,Solar,6244
4/4/2020,0,1,Wind,996
3/31/2024,11,12,Wind,10457
8/2/2022,21,22,Wind,957
7/20/2025,1,2,Wind,4506
8/3/2023,1,2,Wind,14771
7/12/2025,11,12,Solar,9607
1/26/2020,21,22,Wind,8371
5/16/2022,8,9,Wind,5803
5/23/2021,0,1,Wind,5905
3/18/2021,2,3,Wind,3524
2/4/2021,1,2,Wind,5125
6/10/2020,22,23,Wind,731
7/9/2023,18,19,Solar,4652
8/13/2023,5,6,Wind,931
3/20/2025,0,1,Wind,6946
8/8/2023,3,4,Wind,1820
7/3/2023,14,15,Wind,11480
9/30/2023,1,2,Wind,663
1/10/2020,22,23,Wind,1571
12/30/2024,12,13,Solar,3281
5/2/2021,18,19,Solar,3016
8/7/2021,18,19,Wind,11586
5/28/2021,0,1,Wind,2572
5/16/2022,11,12,Solar,7699
1/4/2020,23,0,Wind,1931
11/8/2020,8,9,Wind,3916
7/27/2023,7,8,Wind,9065
9/10/2024,0,1,Wind,4683
3/19/2021,6,7,Wind,5907
2/28/2020,3,4,Wind,2643
5/18/2023,0,1,Wind,7850
4/20/2020,3,4,Wind,5296
4/9/2020,6,7,Wind,723
5/3/2025,13,14,Solar,5971
7/30/2025,3,4,Wind,1452
4/28/2020,4,5,Wind,3067
2/26/2023,21,22,Wind,14492
4/11/2021,14,15,Wind,7658
5/8/2024,14,15,Solar,9558
4/8/2020,8,9,Wind,2303
7/4/2021,4,5,Wind,862
1/28/2025,17,18,Wind,19004
11/14/2020,19,20,Wind,11103
7/21/2020,0,1,Wind,4876
10/4/2022,1,2,Wind,1416
8/4/2024,17,18,Solar,6580
1/2/2020,23,0,Wind,6857
7/10/2021,20,21,Wind,2043
2/26/2022,21,22,Wind,9716
11/29/2022,17,18,Wind,1111
6/8/2025,7,8,Wind,8306
4/5/2022,18,19,Wind,8495
3/10/2024,7,8,Wind,2181
8/23/2020,19,20,Wind,4332
11/24/2020,3,4,Wind,1768
7/23/2024,5,6,Wind,5404
5/23/2024,2,3,Wind,2979
4/16/2023,5,6,Wind,5054
6/6/2025,13,14,Wind,7339
1/19/2024,2,3,Wind,2193
12/17/2023,15,16,Solar,3018
3/21/2025,18,19,Wind,8152
9/6/2020,2,3,Wind,1961
12/4/2020,2,3,Wind,12264
7/17/2024,10,11,Solar,6067
10/1/2025,13,14,Solar,10058
3/30/2021,11,12,Solar,4810
5/24/2024,23,0,Wind,703
2/16/2023,11,12,Solar,7999
11/2/2025,22,23,Wind,8643
7/31/2024,21,22,Wind,1578
12/31/2024,8,9,Wind,4218
1/12/2023,5,6,Wind,15968
3/9/2024,0,1,Wind,11075
4/21/2025,6,7,Wind,3806
6/19/2022,16,17,Wind,12018
3/24/2022,9,10,Solar,4911
12/6/2023,14,15,Solar,3145
10/22/2020,15,16,Wind,4372
9/1/2022,3,4,Wind,3514
2/17/2023,6,7,Wind,7645
6/14/2025,19,20,Wind,4111
9/28/2025,15,16,Solar,5298
11/4/2025,11,12,Wind,13899
7/5/2021,12,13,Solar,7806
2/21/2022,3,4,Wind,14976
11/17/2025,20,21,Wind,5188
8/23/2024,7,8,Wind,11855
3/31/2022,13,14,Wind,11938
9/28/2021,17,18,Wind,3222
6/24/2024,4,5,Wind,2733
9/3/2021,22,23,Wind,1704
10/3/2022,19,20,Wind,1114
8/22/2022,5,6,Wind,1373
2/27/2022,4,5,Wind,8949
6/28/2022,23,0,Wind,1723
8/22/2025,0,1,Wind,6431
5/5/2023,18,19,Solar,4662
3/19/2022,13,14,Wind,12710
4/18/2021,9,10,Solar,3757
7/11/2025,17,18,Solar,11291
9/4/2025,19,20,Wind,8069
10/21/2022,14,15,Wind,9441
7/27/2020,10,11,Wind,6801
7/9/2020,16,17,Wind,7247
6/19/2023,16,17,Solar,4302
8/13/2020,7,8,Wind,1791
9/21/2023,23,0,Wind,7242
7/25/2022,10,11,Wind,8474
11/27/2023,18,19,Wind,11622
4/9/2022,10,11,Solar,5360
11/2/2022,5,6,Wind,6705
8/17/2022,5,6,Wind,1436
4/20/2021,7,8,Wind,703
8/15/2024,6,7,Wind,1268
7/11/2022,6,7,Wind,3830
7/2/2022,2,3,Wind,670
5/24/2021,5,6,Wind,8343
2/24/2023,9,10,Wind,5199
4/14/2021,15,16,Wind,9278
4/12/2025,22,23,Wind,8931
12/22/2022,10,11,Wind,12428
1/18/2024,2,3,Wind,7810
5/31/2024,16,17,Wind,7089
9/9/2021,13,14,Wind,5141
4/13/2025,12,13,Wind,4906
3/23/2024,22,23,Wind,9137
2/26/2025,23,0,Wind,8535
8/3/2022,0,1,Wind,1047
4/7/2025,22,23,Wind,5598
9/15/2021,12,13,Solar,3974
3/26/2023,3,4,Wind,9201
2/19/2020,5,6,Wind,8999
9/14/2020,9,10,Wind,3828
7/23/2022,23,0,Wind,1099
6/4/2021,8,9,Wind,2095
4/12/2020,2,3,Wind,748
1/2/2021,3,4,Wind,1281
5/16/2025,20,21,Wind,7218
1/28/2024,5,6,Wind,8152
10/2/2021,16,17,Wind,14843
9/18/2020,10,11,Wind,5286
11/24/2020,21,22,Wind,6481
12/21/2022,12,13,Wind,10235
7/19/2021,2,3,Wind,5773
6/29/2022,10,11,Solar,5357
12/22/2023,12,13,Wind,19987
12/4/2024,12,13,Solar,6363
2/21/2021,13,14,Wind,8829
6/20/2022,2,3,Wind,5728
11/19/2020,23,0,Wind,3854
11/10/2025,13,14,Wind,12666
12/20/2024,8,9,Wind,5569
5/11/2025,12,13,Solar,3967
11/18/2024,2,3,Wind,8530
3/3/2025,11,12,Solar,8311
12/28/2021,22,23,Wind,12013
10/31/2021,4,5,Wind,6221
12/5/2020,21,22,Wind,5385
5/12/2024,8,9,Wind,4245
4/15/2022,22,23,Wind,5750
12/22/2024,9,10,Wind,19398
2/5/2021,14,15,Wind,3021
7/12/2022,14,15,Solar,6997
6/15/2020,23,0,Wind,2022
10/23/2023,9,10,Wind,8658
2/2/2023,8,9,Wind,6057
7/28/2024,14,15,Solar,5654
10/9/2024,13,14,Wind,12421
2/15/2023,10,11,Solar,6270
11/18/2021,14,15,Solar,3326
6/28/2022,19,20,Wind,3348
1/12/2024,1,2,Wind,6624
6/16/2020,5,6,Wind,1461
7/7/2020,7,8,Wind,1906
9/12/2022,10,11,Solar,4987
6/6/2023,14,15,Solar,8282
12/31/2023,16,17,Wind,17690
2/22/2025,3,4,Wind,10776
2/12/2020,23,0,Wind,5618
7/27/2025,4,5,Wind,1887
10/28/2023,8,9,Wind,12258
5/22/2025,14,15,Solar,6175
12/23/2024,2,3,Wind,17302
8/17/2025,22,23,Wind,7604
4/23/2024,3,4,Wind,4610
3/26/2021,17,18,Wind,9646
12/4/2021,15,16,Wind,12295
2/12/2021,15,16,Wind,9320
8/8/2023,21,22,Wind,2130
1/20/2021,0,1,Wind,11737
8/15/2025,9,10,Solar,6084
3/31/2025,6,7,Wind,5157
11/11/2022,2,3,Wind,2683
7/9/2022,18,19,Wind,8525
9/5/2023,0,1,Wind,7414
11/19/2022,10,11,Solar,4418
10/23/2023,17,18,Wind,5596
1/13/2023,1,2,Wind,13913
4/21/2020,23,0,Wind,4642
12/19/2020,11,12,Wind,10820
1/6/2021,6,7,Wind,1187
6/12/2025,3,4,Wind,6737
6/1/2020,16,17,Solar,4570
12/29/2020,22,23,Wind,3005
3/8/2023,9,10,Wind,13908
2/19/2020,2,3,Wind,11122
7/30/2023,20,21,Wind,7195
1/23/2025,6,7,Wind,5894
5/11/2025,19,20,Wind,4469
7/15/2020,18,19,Wind,3632
4/23/2021,16,17,Wind,8565
7/2/2023,18,19,Wind,6804
4/13/2022,22,23,Wind,1032
12/14/2021,23,0,Wind,1053
1/22/2021,18,19,Wind,4478
12/30/2024,14,15,Solar,2676
1/19/2020,7,8,Wind,5048
1/8/2021,0,1,Wind,1507
8/3/2023,12,13,Wind,13262
10/25/2025,4,5,Wind,13923
5/13/2023,7,8,Wind,4856
7/21/2023,22,23,Wind,3097
10/3/2024,1,2,Wind,4843
3/30/2023,23,0,Wind,12402
7/8/2022,12,13,Solar,8283
8/18/2021,1,2,Wind,2488
6/29/2023,5,6,Wind,748
5/28/2021,23,0,Wind,3329
5/11/2024,7,8,Wind,4906
4/8/2022,19,20,Wind,9607
7/27/2025,21,22,Wind,4242
10/14/2023,11,12,Solar,5525
10/12/2020,11,12,Solar,3848
1/18/2025,23,0,Wind,1679
5/31/2023,12,13,Wind,12628
9/21/2021,16,17,Solar,4522
11/21/2023,21,22,Wind,6769
4/12/2024,12,13,Solar,8049
3/17/2024,9,10,Wind,6278
4/5/2024,4,5,Wind,10352
11/1/2022,20,21,Wind,12061
5/27/2024,21,22,Wind,2538
7/15/2021,4,5,Wind,7756
3/5/2024,15,16,Wind,8619
10/10/2025,13,14,Solar,9343
6/21/2023,11,12,Solar,4377
10/29/2023,10,11,Wind,15308
5/21/2020,17,18,Solar,2989
6/10/2023,0,1,Wind,3204
8/20/2025,4,5,Wind,3073
4/16/2024,0,1,Wind,13826
3/5/2025,17,18,Solar,3558
11/15/2025,14,15,Solar,5714
3/12/2022,21,22,Wind,9414
6/4/2024,3,4,Wind,456
7/28/2020,17,18,Wind,6769
11/6/2021,21,22,Wind,6134
4/25/2025,1,2,Wind,3293
7/25/2021,5,6,Wind,2988
11/1/2022,12,13,Wind,15812
11/10/2024,19,20,Wind,1932
4/19/2021,5,6,Wind,1278
3/29/2021,11,12,Solar,5469
3/12/2021,4,5,Wind,9635
6/7/2025,23,0,Wind,12317
9/2/2023,22,23,Wind,4625
10/27/2023,20,21,Wind,9132
8/10/2021,22,23,Wind,590
9/29/2021,8,9,Wind,7118
5/31/2022,18,19,Wind,5487
6/25/2021,4,5,Wind,1451
5/27/2022,11,12,Solar,6179
3/3/2024,22,23,Wind,5144
12/7/2022,2,3,Wind,2507
8/17/2021,21,22,Wind,3684
3/24/2020,16,17,Wind,6133
10/12/2025,18,19,Wind,5244
7/24/2023,17,18,Wind,11156
7/8/2024,11,12,Solar,8159
7/16/2022,14,15,Solar,8810
4/1/2024,1,2,Wind,4949
1/14/2024,18,19,Wind,1253
1/8/2020,13,14,Wind,4927
11/12/2021,4,5,Wind,1575
11/19/2024,13,14,Wind,20597
8/17/2020,2,3,Wind,1750
6/11/2023,19,20,Wind,4575
8/21/2025,20,21,Wind,7365
8/26/2021,4,5,Wind,2542
9/10/2020,19,20,Wind,1247
7/13/2021,23,0,Wind,5065
4/5/2022,19,20,Wind,7386
6/13/2020,1,2,Wind,3366
10/18/2023,17,18,Wind,14535
8/22/2020,10,11,Wind,9129
8/3/2021,2,3,Wind,1153
7/23/2023,17,18,Wind,12004
7/2/2021,8,9,Solar,1628
6/3/2022,15,16,Solar,5923
12/4/2021,8,9,Wind,8370
10/9/2023,14,15,Solar,6407
9/15/2021,11,12,Solar,3648
6/18/2021,7,8,Wind,3517
9/10/2025,1,2,Wind,3815
4/11/2020,9,10,Solar,2530
1/26/2024,1,2,Wind,7990
3/27/2025,4,5,Wind,3169
9/21/2025,6,7,Wind,3184
7/13/2024,20,21,Solar,1101
11/14/2021,3,4,Wind,2421
7/1/2022,23,0,Wind,863
7/10/2023,3,4,Wind,1054
11/23/2022,20,21,Wind,12891
12/12/2024,15,16,Wind,3478
4/27/2025,19,20,Wind,2748
1/17/2023,16,17,Wind,4665
4/3/2022,1,2,Wind,5119
10/18/2020,4,5,Wind,672
10/11/2021,17,18,Wind,4388
11/16/2023,16,17,Wind,13386
3/9/2025,3,4,Wind,9672
12/31/2022,12,13,Wind,17332
8/16/2023,13,14,Solar,6675
1/6/2021,19,20,Wind,495
2/8/2025,9,10,Wind,8261
9/26/2022,7,8,Wind,6086
11/10/2025,0,1,Wind,6004
2/1/2020,18,19,Wind,10703
4/22/2022,18,19,Wind,4256
1/24/2023,21,22,Wind,2611
5/5/2025,7,8,Wind,9361
5/8/2020,12,13,Solar,4778
6/16/2021,8,9,Solar,2085
2/16/2020,22,23,Wind,11230
7/4/2023,10,11,Solar,5603
10/26/2023,15,16,Wind,6529
2/28/2024,3,4,Wind,3223
11/29/2022,10,11,Solar,2249
1/6/2020,20,21,Wind,6469
11/9/2025,4,5,Wind,2430
5/12/2024,6,7,Wind,3904
4/30/2021,22,23,Wind,1359
8/27/2023,4,5,Wind,2263
7/27/2024,9,10,Solar,3124
9/26/2025,12,13,Solar,5213
4/1/2022,3,4,Wind,9699
5/12/2020,12,13,Wind,5747
10/7/2024,16,17,Wind,7311
6/30/2022,13,14,Solar,4931
9/20/2024,20,21,Wind,3245
8/10/2024,16,17,Solar,4012
4/30/2023,4,5,Wind,3814
1/23/2025,5,6,Wind,6304
12/3/2022,12,13,Wind,6285
4/24/2025,7,8,Wind,2699
10/2/2025,18,19,Wind,2959
8/9/2020,11,12,Solar,3372
7/10/2020,19,20,Wind,4171
12/26/2023,4,5,Wind,7229
4/28/2024,0,1,Wind,10556
10/12/2024,13,14,Wind,6790
11/25/2022,16,17,Wind,3351
1/14/2023,15,16,Wind,17545
11/8/2022,20,21,Wind,11901
8/29/2024,19,20,Wind,2703
3/16/2025,9,10,Wind,9888
1/19/2020,3,4,Wind,4619
3/13/2025,0,1,Wind,2661
4/4/2024,19,20,Wind,8108
12/5/2023,18,19,Wind,6714
1/16/2020,6,7,Wind,4609
10/15/2025,19,20,Wind,5080
6/3/2020,16,17,Solar,3604
5/11/2024,8,9,Wind,5428
9/25/2020,7,8,Wind,10168
10/5/2022,10,11,Wind,9771
7/2/2024,4,5,Wind,2631
4/21/2023,20,21,Wind,2543
12/5/2024,8,9,Wind,14145
8/7/2025,18,19,Solar,5653
4/5/2020,11,12,Wind,7848
1/26/2024,4,5,Wind,9936
9/3/2023,14,15,Solar,9204
4/12/2022,22,23,Wind,2275
12/29/2020,13,14,Wind,5165
9/8/2023,9,10,Solar,3666
4/26/2024,13,14,Solar,6436
4/14/2024,15,16,Solar,4067
9/7/2020,13,14,Solar,5438
2/18/2022,21,22,Wind,13040
5/21/2020,5,6,Wind,1502
5/4/2020,14,15,Solar,5337
6/10/2023,9,10,Solar,4098
4/3/2024,11,12,Wind,15839
5/23/2020,7,8,Wind,3360
9/4/2020,7,8,Wind,1232
10/7/2020,12,13,Wind,8717
12/2/2023,5,6,Wind,3249
6/28/2024,16,17,Solar,6716
8/22/2021,21,22,Wind,3345
2/17/2023,9,10,Wind,9868
2/16/2022,13,14,Wind,16745
12/3/2022,2,3,Wind,6803
4/8/2021,14,15,Solar,5202
1/5/2025,15,16,Wind,19348
10/8/2024,8,9,Wind,10350
2/12/2022,6,7,Wind,4558
7/7/2023,5,6,Wind,4486
7/14/2020,21,22,Wind,2101
12/9/2022,20,21,Wind,2064
7/5/2022,0,1,Wind,3667
11/20/2021,18,19,Wind,210
2/9/2023,8,9,Wind,1322
3/1/2025,23,0,Wind,10187
7/25/2023,9,10,Wind,7186
12/25/2024,10,11,Solar,2874
5/8/2024,7,8,Wind,5427
10/3/2021,15,16,Wind,8606
4/18/2024,23,0,Wind,3786
11/4/2023,7,8,Wind,15504
5/25/2022,22,23,Wind,5875
1/22/2022,20,21,Wind,2136
8/18/2022,13,14,Solar,5355
8/14/2025,9,10,Solar,4159
1/1/2023,9,10,Wind,11283
1/20/2024,18,19,Wind,4846
11/17/2021,18,19,Wind,1887
9/29/2020,2,3,Wind,2642
8/8/2020,23,0,Wind,2390
1/18/2024,18,19,Wind,4246
10/18/2024,0,1,Wind,4798
6/27/2025,22,23,Wind,1584
2/11/2025,8,9,Wind,3812
8/25/2023,16,17,Wind,9893
12/2/2021,5,6,Wind,6952
1/25/2022,7,8,Wind,328
9/26/2022,14,15,Wind,15890
12/17/2022,16,17,Wind,2347
2/21/2020,8,9,Wind,4193
9/13/2021,19,20,Wind,1554
7/12/2020,14,15,Solar,5689
5/29/2023,9,10,Wind,9264
8/30/2024,4,5,Wind,2456
7/28/2021,14,15,Wind,10176
3/29/2023,5,6,Wind,4271
5/11/2021,19,20,Wind,6405
1/9/2025,15,16,Wind,10749
1/5/2022,2,3,Wind,7802
8/26/2024,23,0,Wind,2045
2/19/2023,14,15,Solar,7077
6/23/2025,18,19,Wind,12740
8/4/2020,19,20,Wind,2445
2/11/2023,8,9,Wind,2391
9/16/2022,6,7,Wind,1953
10/13/2025,3,4,Wind,6119
7/3/2025,0,1,Wind,5539
12/7/2022,23,0,Wind,1410
2/10/2024,3,4,Wind,4487
7/9/2021,3,4,Wind,1208
2/16/2025,0,1,Wind,4574
11/24/2024,10,11,Wind,21544
12/11/2024,19,20,Wind,5916
5/20/2025,21,22,Wind,5566
1/21/2022,9,10,Wind,5002
1/30/2025,7,8,Wind,5813
1/29/2021,17,18,Wind,12983
4/19/2024,5,6,Wind,9003
12/1/2020,12,13,Wind,8412
2/19/2024,3,4,Wind,4002
9/21/2023,13,14,Wind,6474
3/17/2025,2,3,Wind,5489
8/2/2024,18,19,Wind,7412
7/15/2020,3,4,Wind,1451
10/15/2022,16,17,Wind,8245
5/11/2025,10,11,Solar,3050
1/21/2025,13,14,Solar,5754
8/2/2023,8,9,Wind,15356
10/6/2025,19,20,Wind,2272
3/22/2024,16,17,Solar,7952
4/4/2021,2,3,Wind,6551
11/8/2022,6,7,Wind,13306
9/19/2023,9,10,Wind,7887
5/5/2022,16,17,Solar,6137
3/16/2021,3,4,Wind,3759
3/18/2023,21,22,Wind,4032
1/4/2023,19,20,Wind,13392
1/5/2021,19,20,Wind,1794
12/7/2020,22,23,Wind,3434
4/24/2024,15,16,Wind,11510
4/27/2025,16,17,Solar,3352
10/16/2021,7,8,Wind,1545
4/17/2022,9,10,Wind,6232
11/15/2022,10,11,Wind,10920
1/6/2021,1,2,Wind,1467
6/9/2020,11,12,Solar,4734
3/14/2023,17,18,Wind,10320
1/31/2021,17,18,Wind,5433
1/28/2021,22,23,Wind,9207
2/14/2023,20,21,Wind,4137
8/29/2024,10,11,Solar,5199
10/3/2022,13,14,Solar,5084
2/23/2022,10,11,Solar,3903
8/24/2025,7,8,Wind,3233
2/6/2021,12,13,Wind,3255
4/29/2023,15,16,Solar,4800
4/22/2023,4,5,Wind,4492
5/24/2020,13,14,Solar,5849
2/7/2023,16,17,Wind,6303
7/6/2022,3,4,Wind,3439
11/25/2023,22,23,Wind,3662
12/9/2022,14,15,Wind,3163
12/15/2020,0,1,Wind,5961
3/10/2022,21,22,Wind,6888
6/15/2024,16,17,Wind,10230
10/27/2025,10,11,Wind,20785
7/2/2020,23,0,Wind,3158
9/21/2021,18,19,Wind,2741
4/3/2022,20,21,Wind,1788
1/4/2025,22,23,Wind,10639
9/6/2021,16,17,Solar,4649
1/12/2022,10,11,Wind,3948
3/3/2023,17,18,Wind,5441
11/21/2021,12,13,Wind,3618
7/28/2022,20,21,Wind,1737
1/28/2023,21,22,Wind,2799
12/22/2024,11,12,Wind,19928
3/12/2024,3,4,Wind,4768
11/11/2022,17,18,Wind,2888
11/7/2024,21,22,Wind,3242
6/27/2024,3,4,Wind,839
11/23/2020,14,15,Solar,2374
6/19/2025,22,23,Wind,6052
8/7/2024,2,3,Wind,1802
7/5/2020,15,16,Wind,10632
5/27/2023,11,12,Solar,8746
4/21/2021,5,6,Wind,1068
9/15/2024,20,21,Wind,3333
7/1/2025,6,7,Wind,1421
9/9/2024,9,10,Wind,9339
9/12/2021,10,11,Solar,3552
1/13/2022,4,5,Wind,2645
7/23/2025,1,2,Wind,1307
8/27/2023,2,3,Wind,1781
2/19/2024,6,7,Wind,3287
6/16/2022,16,17,Solar,5124
9/11/2025,3,4,Wind,10615
6/27/2021,23,0,Wind,748
6/13/2025,6,7,Wind,2429
12/10/2020,9,10,Wind,4988
11/29/2022,20,21,Wind,1194
11/13/2021,4,5,Wind,5812
7/22/2025,16,17,Wind,13809
2/21/2024,23,0,Wind,15375
8/7/2021,21,22,Wind,9544
11/24/2023,10,11,Wind,9941
6/3/2021,19,20,Wind,1771
12/2/2020,20,21,Wind,2043
4/29/2023,7,8,Wind,1622
4/16/2021,11,12,Solar,7807
2/13/2020,13,14,Wind,13233
11/21/2021,13,14,Wind,3948
12/18/2023,3,4,Wind,2101
6/1/2020,10,11,Solar,4181
7/24/2025,15,16,Solar,9540
6/24/2023,13,14,Solar,8820
3/7/2022,12,13,Wind,10894
10/21/2021,1,2,Wind,13513
2/11/2024,1,2,Wind,9448
9/7/2023,17,18,Solar,4368
11/25/2023,13,14,Wind,10661
10/2/2020,14,15,Wind,6441
1/5/2022,10,11,Wind,6918
3/28/2022,19,20,Wind,1643
9/1/2020,8,9,Wind,1448
9/19/2025,16,17,Solar,10145
11/3/2023,11,12,Wind,10759
11/25/2020,19,20,Wind,3453
10/1/2022,1,2,Wind,13589
8/2/2021,0,1,Wind,1434
8/8/2020,10,11,Solar,2968
9/14/2022,3,4,Wind,1861
5/31/2021,8,9,Wind,3833
12/27/2023,15,16,Wind,12667
8/1/2024,19,20,Wind,4264
4/4/2023,19,20,Wind,4139
5/3/2024,0,1,Wind,9022
9/15/2024,22,23,Wind,4322
9/13/2021,6,7,Wind,1809
12/7/2021,18,19,Wind,13600
11/30/2023,4,5,Wind,1780
3/10/2022,1,2,Wind,6777
3/30/2022,11,12,Solar,2186
8/9/2022,3,4,Wind,6466
5/4/2023,17,18,Wind,9901
12/13/2023,10,11,Wind,6869
9/29/2022,13,14,Solar,4400
8/28/2024,13,14,Solar,10829
9/17/2024,8,9,Wind,10111
1/6/2020,11,12,Wind,5665
9/7/2022,16,17,Wind,6353
10/21/2022,2,3,Wind,7894
5/26/2021,19,20,Wind,4996
6/26/2022,4,5,Wind,1831
7/13/2025,20,21,Wind,3952
6/29/2024,7,8,Wind,4387
11/8/2024,14,15,Solar,4482
7/11/2022,10,11,Solar,7469
1/10/2022,6,7,Wind,1005
3/21/2025,0,1,Wind,7350
2/15/2023,13,14,Solar,6445
4/17/2025,1,2,Wind,2336
2/15/2025,1,2,Wind,7209
9/28/2020,18,19,Wind,4748
6/30/2021,4,5,Wind,2097
7/20/2022,6,7,Wind,2316
4/22/2020,2,3,Wind,5000
9/23/2021,20,21,Wind,1171
2/27/2020,0,1,Wind,5262
3/26/2021,20,21,Wind,8311
1/13/2020,8,9,Wind,3845
9/22/2025,23,0,Wind,8892
1/13/2023,8,9,Wind,14537
7/16/2024,6,7,Wind,7743
6/4/2024,18,19,Wind,7459
11/2/2020,22,23,Wind,4458
10/7/2022,11,12,Solar,4853
2/24/2022,17,18,Wind,12191
11/27/2021,6,7,Wind,7605
8/7/2020,9,10,Solar,2665
7/10/2022,2,3,Wind,5201
7/13/2021,1,2,Wind,3421
5/1/2025,2,3,Wind,5525
11/30/2025,5,6,Wind,4365
12/25/2020,6,7,Wind,6272
4/19/2021,11,12,Solar,4484
3/29/2024,22,23,Wind,5301
7/29/2023,8,9,Wind,5340
6/5/2022,4,5,Wind,1412
8/11/2021,6,7,Wind,508
11/27/2022,12,13,Wind,8438
6/11/2025,8,9,Solar,5524
6/1/2023,11,12,Solar,8686
10/14/2022,9,10,Wind,5617
5/7/2025,13,14,Solar,11508
3/30/2022,14,15,Solar,3152
3/13/2025,15,16,Solar,5712
9/23/2021,15,16,Solar,5575
2/4/2020,4,5,Wind,10605
5/14/2021,19,20,Wind,5623
5/30/2022,2,3,Wind,4110
1/30/2021,6,7,Wind,5748
6/20/2024,7,8,Wind,4284
8/7/2025,19,20,Solar,3099
8/24/2024,3,4,Wind,6102
9/15/2022,7,8,Wind,1704
7/6/2020,1,2,Wind,6827
8/28/2022,6,7,Wind,3890
9/14/2020,12,13,Solar,4786
5/24/2024,22,23,Wind,645
8/8/2025,6,7,Wind,1464
7/10/2020,10,11,Wind,5130
1/17/2020,18,19,Wind,7402
7/17/2024,18,19,Solar,4046
1/2/2023,7,8,Wind,6552
2/14/2021,0,1,Wind,7245
7/26/2025,5,6,Wind,2295
10/23/2020,10,11,Wind,2714
7/3/2024,1,2,Wind,1771
11/12/2024,22,23,Wind,8223
11/12/2025,17,18,Wind,13595
4/26/2024,19,20,Wind,3091
12/20/2023,11,12,Wind,9752
4/4/2024,20,21,Wind,7001
3/18/2025,20,21,Wind,10105
4/14/2020,18,19,Wind,6515
3/2/2020,23,0,Wind,8448
1/11/2020,7,8,Wind,3308
2/10/2022,19,20,Wind,3020
10/13/2024,4,5,Wind,3330
1/16/2024,0,1,Wind,2197
9/10/2020,17,18,Solar,2293
8/25/2025,8,9,Wind,3906
3/5/2024,16,17,Wind,6764
8/23/2022,7,8,Wind,1085
7/17/2021,18,19,Wind,6467
4/27/2025,11,12,Solar,3596
2/27/2020,18,19,Wind,10596
11/6/2024,7,8,Wind,292
11/22/2024,14,15,Wind,15122
11/19/2024,21,22,Wind,11992
5/26/2021,1,2,Wind,5335
11/29/2021,12,13,Wind,4389
4/9/2023,3,4,Wind,3548
5/20/2024,11,12,Solar,5874
9/6/2021,9,10,Solar,2723
12/16/2020,23,0,Wind,7220
6/11/2021,11,12,Solar,4809
3/15/2024,4,5,Wind,9923
2/20/2023,2,3,Wind,3288
5/2/2025,18,19,Wind,4524
4/30/2021,7,8,Wind,1408
8/30/2024,23,0,Wind,5577
9/30/2021,7,8,Wind,1829
2/13/2024,9,10,Wind,7108
1/10/2023,4,5,Wind,7471
5/20/2023,6,7,Wind,6415
9/1/2023,22,23,Wind,1142
6/6/2024,15,16,Solar,8506
7/13/2025,12,13,Solar,9654
10/18/2021,16,17,Wind,5039
3/1/2021,5,6,Wind,4453
3/18/2023,13,14,Wind,11176
10/21/2020,15,16,Wind,14758
3/2/2020,13,14,Wind,7175
6/30/2023,1,2,Wind,2631
4/19/2022,9,10,Solar,2972
7/25/2020,6,7,Wind,1509
11/3/2021,2,3,Wind,3878
9/20/2024,22,23,Wind,3712
7/6/2020,10,11,Wind,7270
6/18/2023,7,8,Wind,2716
4/22/2024,11,12,Solar,11915
10/31/2022,2,3,Wind,1886
12/8/2022,19,20,Wind,2320
2/19/2021,8,9,Wind,6408
7/4/2024,7,8,Wind,7653
8/12/2022,18,19,Solar,4606
6/22/2020,5,6,Wind,1871
5/14/2022,19,20,Wind,1781
3/14/2022,23,0,Wind,5813
4/28/2021,9,10,Solar,1431
2/22/2020,18,19,Wind,8683
11/1/2024,9,10,Solar,3028
8/31/2025,20,21,Wind,3822
8/21/2024,10,11,Solar,7369
11/10/2023,6,7,Wind,13482
5/4/2025,7,8,Wind,5384
9/21/2024,13,14,Solar,4430
3/19/2020,5,6,Wind,1145
10/2/2020,8,9,Wind,9401
9/25/2022,17,18,Wind,4472
8/25/2022,19,20,Wind,4858
8/10/2023,8,9,Wind,3790
9/21/2024,3,4,Wind,3321
1/22/2022,3,4,Wind,3202
11/9/2023,8,9,Wind,9159
11/25/2024,0,1,Wind,18407
7/8/2023,3,4,Wind,4740
9/11/2025,4,5,Wind,10679
7/15/2023,3,4,Wind,6810
11/3/2021,20,21,Wind,3050
11/23/2025,6,7,Wind,9347
5/18/2021,14,15,Wind,5821
2/4/2024,10,11,Wind,8994
7/16/2020,0,1,Wind,1763
7/3/2020,2,3,Wind,3011
3/4/2024,12,13,Solar,9667
10/15/2020,11,12,Wind,6069
1/25/2023,22,23,Wind,1037
2/4/2023,17,18,Wind,2961
2/3/2023,19,20,Wind,5209
2/24/2025,14,15,Wind,13295
11/11/2025,21,22,Wind,14313
5/7/2025,14,15,Wind,11125
6/18/2024,15,16,Solar,7585
4/13/2021,11,12,Solar,6733
1/6/2024,14,15,Wind,9159
1/19/2020,2,3,Wind,4247
6/1/2021,2,3,Wind,5282
5/28/2023,16,17,Wind,6446
9/19/2025,13,14,Solar,12989
8/17/2025,6,7,Wind,5923
8/29/2023,12,13,Solar,6385
8/13/2020,23,0,Wind,2213
8/30/2021,7,8,Wind,3173
7/26/2020,0,1,Wind,4306
2/25/2023,2,3,Wind,3671
8/16/2025,9,10,Wind,8918
7/15/2024,15,16,Wind,10900
3/6/2020,1,2,Wind,11303
9/2/2023,7,8,Wind,2084
1/21/2022,13,14,Solar,6900
5/6/2023,4,5,Wind,1719
9/21/2023,15,16,Wind,8784
7/17/2025,13,14,Solar,9602
10/5/2023,13,14,Solar,6634
6/13/2023,3,4,Wind,3141
1/8/2023,1,2,Wind,12173
12/10/2020,4,5,Wind,5097
3/21/2023,13,14,Wind,8403
4/25/2022,14,15,Solar,7151
9/14/2025,1,2,Wind,4414
9/29/2024,1,2,Wind,1277
2/6/2025,18,19,Wind,11486
12/20/2022,11,12,Wind,11990
11/26/2024,8,9,Wind,6210
3/13/2023,16,17,Wind,16408
9/3/2025,10,11,Wind,18721
11/9/2024,3,4,Wind,1300
2/23/2020,19,20,Wind,9881
8/3/2020,20,21,Wind,4530
11/3/2021,6,7,Wind,3960
12/10/2022,14,15,Solar,3935
11/22/2024,11,12,Wind,15569
6/15/2020,0,1,Wind,2040
2/22/2021,3,4,Wind,6815
1/28/2025,13,14,Wind,20885
6/5/2022,14,15,Wind,8904
7/30/2022,20,21,Wind,2584
7/29/2021,21,22,Wind,965
9/7/2023,18,19,Solar,2452
11/11/2023,1,2,Wind,6863
3/21/2020,5,6,Wind,7494
10/19/2020,4,5,Wind,1525
3/15/2024,9,10,Wind,14005
2/25/2022,5,6,Wind,7242
5/11/2025,21,22,Wind,3052
4/4/2023,13,14,Solar,11558
2/27/2022,21,22,Wind,6470
6/23/2025,2,3,Wind,5291
10/8/2020,4,5,Wind,6790
7/3/2023,17,18,Wind,11708
2/6/2023,20,21,Wind,7870
3/30/2023,13,14,Wind,18316
5/16/2020,20,21,Wind,3193
10/3/2023,14,15,Wind,9033
11/20/2020,19,20,Wind,2773
8/15/2020,5,6,Wind,384
6/21/2024,8,9,Wind,2878
12/2/2021,2,3,Wind,5934
12/19/2020,13,14,Wind,9422
4/10/2021,9,10,Wind,5393
12/25/2022,18,19,Wind,9466
7/19/2023,4,5,Wind,2823
5/14/2024,17,18,Wind,6999
5/23/2020,13,14,Wind,7862
10/3/2021,23,0,Wind,5964
1/29/2024,13,14,Wind,8687
10/15/2021,19,20,Wind,1124
6/12/2021,7,8,Wind,1829
9/22/2020,1,2,Wind,894
10/19/2021,10,11,Wind,8475
11/7/2022,17,18,Wind,8246
8/21/2023,1,2,Wind,2603
4/8/2022,23,0,Wind,6694
11/10/2020,12,13,Solar,2552
8/30/2025,8,9,Wind,5384
9/26/2020,10,11,Wind,11643
9/3/2024,23,0,Wind,1253
3/10/2025,6,7,Wind,2663
2/16/2023,3,4,Wind,3980
3/11/2020,15,16,Wind,11361
12/27/2023,8,9,Wind,9035
10/15/2021,15,16,Solar,4028
10/14/2021,1,2,Wind,1908
3/11/2022,19,20,Wind,10317
3/8/2021,5,6,Wind,3070
10/23/2025,19,20,Wind,17992
8/22/2021,6,7,Wind,3212
6/19/2022,12,13,Solar,9444
1/2/2022,4,5,Wind,6918
12/17/2020,3,4,Wind,5845
3/8/2020,0,1,Wind,7440
5/22/2020,23,0,Wind,1663
8/1/2023,10,11,Wind,11387
11/12/2024,20,21,Wind,9661
6/26/2022,14,15,Solar,4430
5/13/2025,20,21,Wind,1684
10/12/2021,17,18,Wind,5195
3/26/2021,8,9,Wind,5079
6/20/2024,18,19,Wind,3344
3/3/2020,21,22,Wind,3260
11/18/2022,13,14,Wind,7173
3/14/2021,8,9,Wind,10637
11/17/2025,22,23,Wind,4027
6/25/2021,0,1,Wind,2162
5/16/2021,14,15,Wind,10947
9/22/2025,8,9,Wind,9995
2/17/2022,13,14,Wind,16410
1/8/2025,11,12,Wind,9828
3/8/2021,3,4,Wind,2869
4/8/2025,15,16,Solar,8550
9/25/2022,9,10,Wind,3647
6/17/2022,11,12,Solar,6029
2/24/2024,12,13,Wind,15371
11/7/2021,21,22,Wind,3223
8/23/2025,21,22,Wind,2569
3/1/2022,21,22,Wind,2721
4/3/2021,13,14,Wind,14891
2/13/2021,17,18,Wind,6349
12/26/2023,6,7,Wind,9160
3/13/2022,9,10,Wind,9151
6/22/2024,1,2,Wind,5101
1/15/2025,13,14,Solar,6285
8/14/2022,16,17,Wind,7767
9/13/2021,21,22,Wind,2957
6/4/2020,14,15,Wind,5751
10/6/2022,19,20,Wind,459
12/19/2022,4,5,Wind,12566
3/4/2022,9,10,Wind,4002
5/23/2023,9,10,Wind,8084
10/12/2025,2,3,Wind,5142
4/2/2022,5,6,Wind,9702
3/7/2022,16,17,Wind,9049
11/23/2022,6,7,Wind,8193
1/24/2022,11,12,Solar,4385
1/31/2021,2,3,Wind,4875
10/22/2025,13,14,Solar,7336
9/26/2024,6,7,Wind,12407
8/17/2025,17,18,Solar,9585
5/10/2023,3,4,Wind,7707
3/21/2021,15,16,Wind,8663
1/2/2020,21,22,Wind,6813
7/5/2023,13,14,Wind,12672
7/10/2022,21,22,Wind,4249
11/19/2022,19,20,Wind,3365
2/23/2024,0,1,Wind,15206
6/3/2021,22,23,Wind,1289
4/17/2021,11,12,Wind,8185
5/15/2024,18,19,Solar,4141
10/9/2022,1,2,Wind,4252
12/28/2022,17,18,Wind,15714
5/17/2021,8,9,Wind,11934
3/10/2021,17,18,Wind,10787
3/29/2020,20,21,Wind,12637
12/9/2022,11,12,Wind,3573
7/17/2022,17,18,Solar,6303
2/23/2022,18,19,Wind,1715
5/1/2020,11,12,Wind,8478
2/20/2020,12,13,Wind,12752
9/12/2023,3,4,Wind,1028
5/30/2022,8,9,Solar,2738
3/12/2020,22,23,Wind,8034
12/16/2024,18,19,Wind,3165
2/8/2022,19,20,Wind,2613
2/10/2023,19,20,Wind,1779
12/10/2024,0,1,Wind,11211
3/25/2020,10,11,Solar,5257
1/23/2023,5,6,Wind,4215
3/31/2022,3,4,Wind,3308
8/7/2020,23,0,Wind,2007
2/10/2025,18,19,Wind,6846
7/21/2021,15,16,Solar,6031
9/4/2021,10,11,Solar,2823
6/23/2025,1,2,Wind,4846
2/23/2025,15,16,Wind,13530
9/27/2024,20,21,Wind,10616
3/17/2025,0,1,Wind,5188
6/24/2025,1,2,Wind,2704
12/1/2024,19,20,Wind,7486
7/26/2021,21,22,Wind,1779
1/15/2023,12,13,Wind,19266
11/2/2020,3,4,Wind,9919
2/25/2022,20,21,Wind,2846
1/17/2025,13,14,Solar,5413
9/8/2020,23,0,Wind,895
4/12/2021,18,19,Wind,3967
7/27/2021,0,1,Wind,1566
12/17/2020,0,1,Wind,7100
4/9/2023,0,1,Wind,4433
5/1/2022,16,17,Solar,5604
10/23/2023,15,16,Wind,7230
4/6/2024,16,17,Wind,6760
3/25/2021,23,0,Wind,2424
12/29/2020,11,12,Wind,4941
4/9/2020,3,4,Wind,746
6/6/2022,8,9,Wind,3575
5/8/2020,21,22,Wind,2057
2/6/2023,10,11,Wind,7478
3/25/2024,1,2,Wind,1448
6/11/2023,1,2,Wind,1826
1/14/2025,11,12,Solar,6088
2/15/2022,18,19,Wind,13036
2/6/2025,23,0,Wind,12066
12/22/2023,19,20,Wind,15656
7/7/2020,8,9,Solar,2361
7/20/2021,1,2,Wind,4074
12/2/2021,21,22,Wind,4111
10/19/2021,11,12,Wind,8741
2/2/2022,20,21,Wind,2853
8/14/2025,3,4,Wind,2267
5/23/2023,8,9,Wind,6766
4/24/2023,18,19,Wind,6416
8/30/2021,21,22,Wind,5261
11/10/2020,11,12,Solar,2271
10/17/2023,10,11,Wind,6810
8/3/2024,12,13,Solar,8860
9/16/2021,6,7,Wind,631
5/23/2021,8,9,Wind,5138
2/15/2020,7,8,Wind,6365
3/16/2020,13,14,Wind,3587
4/9/2024,6,7,Wind,13710
5/18/2021,12,13,Solar,5550
8/4/2025,13,14,Solar,13010
1/5/2022,18,19,Wind,3791
12/1/2023,23,0,Wind,4345
7/28/2021,6,7,Wind,3178
2/24/2023,14,15,Wind,5858
7/26/2022,19,20,Wind,4218
3/18/2020,18,19,Wind,380
5/18/2025,7,8,Wind,3318
9/30/2023,8,9,Wind,1568
2/20/2020,8,9,Wind,7848
5/16/2022,20,21,Wind,691
5/27/2021,3,4,Wind,1412
2/12/2025,10,11,Solar,3450
9/13/2023,8,9,Wind,1595
6/24/2025,21,22,Wind,1094
8/21/2025,15,16,Wind,11238
9/29/2022,20,21,Wind,1057
5/1/2024,21,22,Wind,5445
12/9/2022,22,23,Wind,1529
11/25/2025,0,1,Wind,9734
10/23/2025,16,17,Wind,15398
3/21/2024,5,6,Wind,2243
5/3/2022,15,16,Solar,5540
1/14/2023,2,3,Wind,8733
10/3/2022,18,19,Wind,1731
10/6/2021,4,5,Wind,8240
1/17/2025,22,23,Wind,1503
7/11/2024,22,23,Wind,3990
2/19/2024,16,17,Wind,9227
3/8/2025,13,14,Wind,14741
10/5/2022,15,16,Wind,14688
11/24/2024,6,7,Wind,18598
5/6/2024,1,2,Wind,2849
4/10/2020,22,23,Wind,3686
7/22/2025,8,9,Wind,9162
10/23/2024,0,1,Wind,1780
11/6/2024,3,4,Wind,148
10/30/2022,14,15,Solar,5627
2/16/2024,11,12,Wind,9141
10/29/2022,12,13,Wind,9218
6/29/2024,17,18,Wind,5896
10/28/2020,15,16,Wind,11856
11/23/2020,13,14,Solar,2770
8/7/2020,17,18,Solar,2939
4/28/2021,15,16,Wind,4461
10/8/2025,17,18,Solar,4242
9/16/2024,18,19,Wind,8604
9/1/2025,10,11,Wind,8188
4/5/2025,20,21,Wind,6463
3/7/2022,17,18,Wind,7396
2/25/2023,18,19,Wind,8199
1/31/2020,8,9,Wind,5824
8/9/2022,22,23,Wind,7621
4/26/2025,16,17,Wind,4158
12/29/2023,22,23,Wind,10568
7/30/2025,15,16,Solar,9183
3/17/2023,17,18,Wind,8029
2/11/2025,1,2,Wind,5637
2/8/2021,8,9,Wind,1234
3/3/2024,3,4,Wind,2805
2/2/2024,2,3,Wind,3042
8/30/2020,5,6,Wind,3412
8/29/2024,12,13,Solar,6094
11/8/2020,5,6,Wind,4481
2/25/2024,10,11,Wind,11356
11/30/2023,20,21,Wind,1743
11/3/2022,14,15,Wind,10359
1/29/2023,16,17,Wind,2807
3/24/2025,17,18,Wind,3751
3/10/2024,11,12,Solar,4489
7/22/2022,19,20,Wind,2905
2/9/2024,19,20,Wind,9829
12/19/2024,11,12,Wind,17655
1/7/2024,5,6,Wind,7382
12/3/2020,20,21,Wind,12392
8/7/2025,3,4,Wind,930
11/15/2025,3,4,Wind,4692
11/2/2022,9,10,Wind,5751
5/12/2024,18,19,Wind,7203
3/1/2021,20,21,Wind,4546
6/25/2025,14,15,Solar,9154
6/12/2022,19,20,Wind,4471
8/9/2024,15,16,Solar,7538
7/17/2022,22,23,Wind,3664
10/7/2023,4,5,Wind,1842
10/26/2025,19,20,Wind,11977
8/1/2024,13,14,Solar,7736
11/14/2022,12,13,Wind,4986
9/6/2025,9,10,Wind,9528
3/1/2023,0,1,Wind,7633
12/13/2024,21,22,Wind,718
9/26/2025,6,7,Wind,990
6/23/2025,4,5,Wind,5544
2/27/2023,16,17,Wind,16405
1/8/2022,14,15,Wind,15893
1/23/2025,9,10,Wind,7687
3/17/2022,15,16,Wind,5379
12/25/2021,11,12,Solar,2139
7/29/2025,15,16,Solar,11049
5/17/2022,7,8,Wind,3135
2/29/2024,5,6,Wind,7464
12/13/2021,15,16,Solar,1959
1/7/2025,22,23,Wind,6904
6/15/2020,19,20,Wind,3068
2/1/2022,9,10,Wind,9308
7/24/2025,18,19,Wind,7239
3/22/2022,12,13,Solar,8895
1/22/2024,5,6,Wind,16728
8/26/2024,22,23,Wind,1669
6/20/2024,12,13,Solar,5316
5/27/2024,15,16,Wind,8313
3/27/2025,7,8,Wind,4075
9/30/2024,14,15,Wind,17990
11/14/2022,21,22,Wind,6382
7/2/2023,8,9,Wind,2882
8/7/2023,17,18,Solar,8202
4/3/2023,12,13,Wind,11111
7/8/2025,15,16,Solar,12184
9/16/2025,7,8,Wind,9343
4/13/2022,6,7,Wind,1107
6/26/2022,0,1,Wind,2699
10/26/2024,5,6,Wind,2085
5/15/2024,3,4,Wind,2598
8/4/2020,5,6,Wind,2214
9/16/2021,22,23,Wind,842
10/29/2024,1,2,Wind,1733
2/20/2025,17,18,Wind,8149
12/18/2023,8,9,Wind,2271
4/21/2025,21,22,Wind,2788
9/21/2022,16,17,Solar,6437
3/11/2025,16,17,Wind,6371
6/23/2023,11,12,Solar,7189
4/6/2023,9,10,Wind,4765
6/7/2025,4,5,Wind,6797
9/20/2025,19,20,Wind,10122
11/30/2022,1,2,Wind,1058
10/30/2025,6,7,Wind,4783
1/21/2025,8,9,Wind,2522
6/2/2024,15,16,Wind,5303
3/23/2025,6,7,Wind,4373
6/10/2024,4,5,Wind,3938
6/12/2025,14,15,Solar,5717
1/2/2025,5,6,Wind,8804
5/13/2021,15,16,Solar,5509
6/17/2022,18,19,Solar,3404
10/13/2025,23,0,Wind,6944
9/16/2020,8,9,Wind,1013
12/18/2022,7,8,Wind,6542
8/3/2024,5,6,Wind,3203
9/26/2020,15,16,Wind,11741
3/29/2020,6,7,Wind,11027
7/1/2020,8,9,Wind,3679
6/19/2023,7,8,Wind,1807
11/2/2021,23,0,Wind,2889
3/1/2022,3,4,Wind,2612
3/17/2021,23,0,Wind,5240
4/26/2022,14,15,Solar,7982
11/15/2021,23,0,Wind,1107
8/18/2023,19,20,Wind,3018
8/15/2025,0,1,Wind,4269
7/9/2020,19,20,Wind,4573
7/25/2022,21,22,Wind,7106
2/6/2023,12,13,Solar,9036
2/4/2025,3,4,Wind,1737
1/10/2020,5,6,Wind,7774
4/25/2023,7,8,Wind,2753
4/8/2024,23,0,Wind,9139
8/11/2020,16,17,Solar,3542
6/2/2025,8,9,Wind,2742
7/29/2022,21,22,Wind,2125
4/4/2024,13,14,Wind,20481
3/1/2021,22,23,Wind,4978
2/20/2025,21,22,Wind,9773
4/16/2020,19,20,Wind,1414
3/28/2025,17,18,Wind,9362
5/21/2021,1,2,Wind,9817
7/13/2020,7,8,Wind,2341
8/31/2024,3,4,Wind,4579
12/9/2024,9,10,Wind,15224
9/2/2023,13,14,Solar,6760
4/14/2024,21,22,Wind,2636
1/9/2020,0,1,Wind,6309
10/19/2020,8,9,Wind,3178
6/29/2023,19,20,Wind,4840
3/8/2022,19,20,Wind,4726
8/16/2025,4,5,Wind,7037
1/6/2022,14,15,Solar,5505
12/8/2021,22,23,Wind,5949
5/29/2023,5,6,Wind,8702
4/29/2022,19,20,Wind,4185
1/21/2024,13,14,Wind,15113
10/28/2021,2,3,Wind,4894
4/21/2025,19,20,Wind,4219
6/27/2020,6,7,Wind,3501
3/18/2025,3,4,Wind,12324
6/15/2025,1,2,Wind,2950
1/28/2023,16,17,Wind,4875
10/21/2024,0,1,Wind,7969
2/7/2023,10,11,Wind,8915
2/12/2021,18,19,Wind,8474
11/6/2025,17,18,Wind,2204
7/12/2025,17,18,Solar,7623
10/6/2021,13,14,Wind,12605
11/10/2025,14,15,Wind,12527
1/10/2023,2,3,Wind,8206
5/8/2022,0,1,Wind,4571
11/25/2024,20,21,Wind,6940
10/26/2020,21,22,Wind,7511
8/16/2022,0,1,Wind,994
4/25/2025,17,18,Solar,7637
10/6/2021,5,6,Wind,8206
11/1/2023,2,3,Wind,12791
3/27/2025,8,9,Wind,5016
10/5/2024,2,3,Wind,2709
2/26/2021,11,12,Wind,4537
10/8/2025,7,8,Wind,703
5/19/2022,9,10,Wind,5194
9/17/2021,6,7,Wind,638
12/16/2021,20,21,Wind,5347
6/24/2023,19,20,Solar,3126
2/9/2023,11,12,Solar,5239
5/13/2024,5,6,Wind,1791
10/4/2025,10,11,Wind,19412
7/17/2025,8,9,Solar,3408
7/6/2022,5,6,Wind,2998
2/11/2020,4,5,Wind,11863
8/20/2024,2,3,Wind,3228
8/29/2022,2,3,Wind,5234
8/21/2021,8,9,Wind,2289
3/22/2022,4,5,Wind,4874
2/25/2024,5,6,Wind,7291
1/17/2025,12,13,Solar,5260
12/8/2022,17,18,Wind,2074
3/27/2024,1,2,Wind,5339
10/29/2022,20,21,Wind,5791
9/25/2023,5,6,Wind,3360
5/29/2025,3,4,Wind,2576
10/14/2021,3,4,Wind,1743
10/11/2023,15,16,Solar,9015
5/20/2023,11,12,Wind,10266
5/27/2022,10,11,Solar,5628
11/26/2020,1,2,Wind,2773
6/29/2021,7,8,Wind,1489
9/30/2023,0,1,Wind,1029
7/7/2023,13,14,Solar,10199
8/18/2021,5,6,Wind,2082
5/30/2020,13,14,Solar,7142
12/3/2023,13,14,Wind,12003
1/5/2024,9,10,Wind,7892
6/5/2024,18,19,Solar,6522
9/4/2020,3,4,Wind,1556
7/20/2023,19,20,Wind,3428
5/15/2020,0,1,Wind,8261
11/23/2021,13,14,Wind,9773
12/22/2021,23,0,Wind,5802
11/13/2023,11,12,Wind,18876
11/25/2023,20,21,Wind,4410
6/29/2023,7,8,Solar,1265
6/1/2025,7,8,Wind,2320
5/5/2023,2,3,Wind,2941
3/25/2021,14,15,Solar,4960
7/7/2021,11,12,Solar,4779
1/6/2022,5,6,Wind,2049
7/16/2024,1,2,Wind,8767
1/24/2024,2,3,Wind,17178
6/26/2020,0,1,Wind,3797
6/24/2020,12,13,Solar,6632
11/30/2023,16,17,Wind,1216
2/6/2020,20,21,Wind,6009
9/5/2022,0,1,Wind,5892
8/6/2025,17,18,Solar,6728
10/27/2023,4,5,Wind,9172
7/24/2023,11,12,Wind,10535
10/14/2021,22,23,Wind,1373
1/12/2023,18,19,Wind,16129
5/31/2021,0,1,Wind,5070
11/4/2021,19,20,Wind,4199
6/20/2024,11,12,Solar,4899
4/26/2023,18,19,Solar,2020
6/29/2025,23,0,Wind,4676
1/23/2020,7,8,Wind,5287
1/30/2022,2,3,Wind,4507
8/3/2022,16,17,Solar,5552
9/13/2024,22,23,Wind,4252
4/25/2023,19,20,Wind,2273
9/25/2022,8,9,Wind,3110
2/2/2025,20,21,Wind,1338
2/16/2024,1,2,Wind,10687
8/28/2025,7,8,Wind,3117
10/26/2023,18,19,Wind,4654
5/18/2021,17,18,Wind,4730
7/18/2020,8,9,Solar,1804
6/22/2024,12,13,Solar,7746
3/17/2025,4,5,Wind,5414
6/25/2021,16,17,Solar,5149
7/26/2022,14,15,Solar,7335
6/10/2025,18,19,Solar,7100
2/16/2025,8,9,Wind,4873
4/7/2022,13,14,Wind,17696
2/3/2020,21,22,Wind,10771
10/17/2024,8,9,Wind,3165
9/3/2024,13,14,Solar,5281
7/10/2024,6,7,Wind,3100
11/26/2023,13,14,Solar,6070
8/13/2024,6,7,Wind,1141
6/7/2024,3,4,Wind,2329
4/29/2025,0,1,Wind,6877
5/23/2024,3,4,Wind,3036
4/21/2021,14,15,Solar,5592
1/14/2020,15,16,Wind,13814
1/24/2025,21,22,Wind,11590
1/8/2020,16,17,Wind,3069
4/7/2023,20,21,Wind,2704
5/23/2020,6,7,Wind,2524
2/11/2020,6,7,Wind,11631
10/6/2020,10,11,Wind,11206
2/24/2022,16,17,Wind,14179
7/6/2023,7,8,Solar,1340
6/6/2025,8,9,Wind,7508
4/6/2021,23,0,Wind,3992
9/14/2025,21,22,Wind,14751
7/20/2023,22,23,Wind,2071
10/24/2021,4,5,Wind,4056
4/3/2025,3,4,Wind,10072
3/12/2025,11,12,Solar,4529
11/27/2020,16,17,Wind,1662
4/15/2022,4,5,Wind,1294
4/25/2023,2,3,Wind,2620
4/30/2024,3,4,Wind,3529
2/21/2025,22,23,Wind,12234
3/10/2022,3,4,Wind,5858
10/10/2023,16,17,Solar,5527
5/17/2025,1,2,Wind,7119
9/29/2023,10,11,Wind,11544
3/12/2024,23,0,Wind,8268
4/24/2022,6,7,Wind,2801
2/7/2025,20,21,Wind,9209
3/11/2022,1,2,Wind,8811
11/13/2021,0,1,Wind,6028
11/21/2025,15,16,Wind,7003
3/26/2024,1,2,Wind,7721
3/21/2025,8,9,Wind,12665
8/15/2024,14,15,Solar,9758
5/28/2025,17,18,Wind,17702
12/23/2023,21,22,Wind,14387
9/17/2022,11,12,Wind,10410
8/4/2024,10,11,Solar,6165
2/1/2024,7,8,Wind,5460
1/3/2023,6,7,Wind,4994
7/15/2022,17,18,Solar,6073
2/1/2020,2,3,Wind,8897
8/26/2022,5,6,Wind,3140
11/25/2024,12,13,Wind,12182
3/30/2023,21,22,Wind,9358
9/8/2025,15,16,Solar,6288
12/4/2020,10,11,Wind,7773
12/24/2024,22,23,Wind,2401
3/5/2023,7,8,Wind,1899
8/11/2020,1,2,Wind,1697
8/26/2022,10,11,Solar,5642
7/6/2022,20,21,Wind,3478
8/22/2024,21,22,Wind,5770
12/6/2022,3,4,Wind,1862
9/1/2020,6,7,Wind,1006
9/19/2023,12,13,Wind,15144
9/9/2021,15,16,Wind,5383
11/2/2022,13,14,Wind,10158
3/5/2025,18,19,Wind,2008
7/22/2023,22,23,Wind,4175
1/5/2020,14,15,Solar,2952
6/26/2025,7,8,Wind,7668
12/18/2023,4,5,Wind,1948
8/6/2025,23,0,Wind,1318
6/26/2021,12,13,Solar,4649
2/2/2022,6,7,Wind,7485
9/18/2024,7,8,Wind,8921
2/25/2025,1,2,Wind,3638
3/14/2022,21,22,Wind,6052
10/29/2022,11,12,Wind,9396
7/19/2024,17,18,Solar,6264
8/21/2022,16,17,Solar,4951
4/10/2023,20,21,Wind,10159
11/28/2023,11,12,Wind,6161
11/4/2021,7,8,Wind,3133
3/9/2020,23,0,Wind,9741
7/10/2020,17,18,Wind,4992
1/16/2025,10,11,Wind,7073
5/19/2025,1,2,Wind,6109
7/7/2022,11,12,Solar,8621
12/10/2020,13,14,Wind,4035
10/12/2023,11,12,Solar,7762
11/29/2024,15,16,Wind,5912
10/5/2021,1,2,Wind,7372
4/15/2025,16,17,Wind,8585
5/1/2021,23,0,Wind,3890
11/16/2025,4,5,Wind,1691
3/9/2023,12,13,Wind,17554
8/27/2024,19,20,Wind,2062
11/3/2021,9,10,Wind,3955
3/5/2022,23,0,Wind,3949
2/28/2020,22,23,Wind,11274
11/23/2023,10,11,Wind,6141
10/27/2020,14,15,Wind,12379
11/24/2024,5,6,Wind,18615
8/6/2021,5,6,Wind,6003
5/19/2020,23,0,Wind,4187
4/4/2025,6,7,Wind,6856
6/17/2025,0,1,Wind,3635
2/21/2025,10,11,Wind,15847
1/21/2022,23,0,Wind,3197
2/5/2024,15,16,Wind,9118
9/15/2021,17,18,Wind,3067
9/21/2025,8,9,Wind,2363
9/6/2024,9,10,Wind,4227
1/18/2024,0,1,Wind,6778
4/17/2020,19,20,Wind,2302
4/11/2023,5,6,Wind,8115
8/21/2023,20,21,Wind,1191
7/14/2023,13,14,Solar,13917
11/3/2025,5,6,Wind,7218
10/17/2021,21,22,Wind,2556
11/30/2024,12,13,Solar,4832
11/25/2023,21,22,Wind,4113
1/31/2021,13,14,Wind,4830
1/28/2023,4,5,Wind,5832
5/26/2024,9,10,Wind,6474
10/26/2024,20,21,Wind,1387
3/23/2025,17,18,Wind,3278
4/30/2022,7,8,Wind,4322
4/20/2022,6,7,Wind,4805
6/2/2021,6,7,Wind,3681
1/24/2024,23,0,Wind,5801
1/1/2023,15,16,Wind,8841
4/3/2023,10,11,Wind,9447
6/16/2024,23,0,Wind,2819
8/3/2025,5,6,Wind,1935
7/30/2023,11,12,Wind,8461
11/18/2024,16,17,Wind,7512
12/24/2024,4,5,Wind,3896
11/18/2023,5,6,Wind,6173
4/18/2023,10,11,Wind,9947
2/18/2020,10,11,Wind,8878
4/4/2025,9,10,Wind,8435
9/14/2022,1,2,Wind,2222
1/29/2020,6,7,Wind,7788
1/28/2024,2,3,Wind,7220
4/10/2023,22,23,Wind,9987
11/26/2025,17,18,Wind,2667
11/14/2021,17,18,Wind,3983
8/29/2020,23,0,Wind,3146
10/20/2021,23,0,Wind,14105
12/18/2022,14,15,Wind,9866
6/12/2023,23,0,Wind,2822
8/26/2020,2,3,Wind,9996
3/26/2024,16,17,Wind,5861
3/21/2021,13,14,Wind,9194
7/17/2021,7,8,Wind,2997
10/17/2021,13,14,Solar,5154
3/26/2022,4,5,Wind,7484
6/29/2022,16,17,Solar,5599
1/1/2020,19,20,Wind,1181
7/20/2024,5,6,Wind,1022
2/14/2020,4,5,Wind,5436
9/10/2025,17,18,Wind,10232
4/25/2025,18,19,Solar,5940
10/20/2021,19,20,Wind,12501
4/16/2021,12,13,Wind,9475
2/21/2022,16,17,Wind,16981
9/3/2025,20,21,Wind,13651
6/7/2020,17,18,Solar,3557
4/27/2023,11,12,Solar,6242
4/10/2021,20,21,Wind,4730
12/4/2021,10,11,Wind,10684
2/24/2020,19,20,Wind,10886
9/9/2021,11,12,Wind,3730
8/22/2020,1,2,Wind,4830
7/22/2023,0,1,Wind,2780
11/23/2022,3,4,Wind,6841
1/10/2024,10,11,Wind,2553
6/9/2025,2,3,Wind,1980
8/6/2022,22,23,Wind,7359
5/24/2024,2,3,Wind,858
6/7/2025,5,6,Wind,7229
6/4/2025,9,10,Wind,4864
7/7/2021,2,3,Wind,4008
1/21/2020,19,20,Wind,3804
11/18/2024,20,21,Wind,9698
7/15/2023,21,22,Wind,9590
6/11/2020,16,17,Wind,5128
8/31/2022,13,14,Solar,7007
1/23/2020,1,2,Wind,6776
4/23/2023,20,21,Wind,10214
9/14/2024,13,14,Solar,10425
6/14/2025,8,9,Wind,5426
5/10/2025,13,14,Solar,6944
11/24/2025,18,19,Wind,11448
6/1/2023,14,15,Solar,9662
7/16/2023,12,13,Wind,8159
4/21/2022,7,8,Wind,3553
10/13/2021,20,21,Wind,2169
9/12/2023,17,18,Solar,3541
3/3/2025,9,10,Solar,5647
11/18/2021,5,6,Wind,1363
10/2/2025,9,10,Solar,5424
8/15/2023,11,12,Solar,5290
8/21/2020,0,1,Wind,4957
1/18/2025,13,14,Solar,4165
12/18/2020,6,7,Wind,6024
9/8/2020,7,8,Wind,1224
9/19/2022,18,19,Wind,4643
1/7/2021,16,17,Wind,1245
10/15/2022,0,1,Wind,6877
10/22/2020,23,0,Wind,3174
5/10/2022,5,6,Wind,2336
11/19/2025,15,16,Wind,14209
4/22/2025,21,22,Wind,3114
9/19/2024,9,10,Wind,10053
6/14/2022,17,18,Solar,4589
1/14/2021,3,4,Wind,7406
4/14/2021,9,10,Solar,4051
12/17/2020,9,10,Wind,5050
4/17/2024,18,19,Wind,10061
11/24/2023,14,15,Wind,14087
1/27/2024,9,10,Wind,4715
11/28/2025,17,18,Wind,6838
11/29/2021,22,23,Wind,4680
2/15/2025,13,14,Solar,9563
8/3/2024,3,4,Wind,3586
2/26/2024,23,0,Wind,14028
10/15/2025,4,5,Wind,5192
1/25/2020,20,21,Wind,1912
10/27/2020,19,20,Wind,11275
9/24/2020,15,16,Wind,9187
5/11/2025,18,19,Wind,6079
1/4/2020,19,20,Wind,2969
9/5/2024,10,11,Wind,7511
6/12/2024,19,20,Wind,3484
11/18/2025,13,14,Solar,8521
9/30/2021,13,14,Solar,8373
1/18/2024,13,14,Wind,7406
4/10/2025,2,3,Wind,9152
1/21/2023,19,20,Wind,8905
10/14/2020,19,20,Wind,5394
3/2/2021,17,18,Wind,2119
9/1/2023,8,9,Wind,6404
2/28/2021,8,9,Wind,7100
6/5/2022,8,9,Wind,2905
9/27/2020,9,10,Wind,12950
11/29/2020,21,22,Wind,2581
1/13/2023,17,18,Wind,12114
12/12/2020,3,4,Wind,5264
6/10/2022,8,9,Solar,3451
9/5/2025,5,6,Wind,3073
5/28/2021,17,18,Solar,3776
8/13/2023,17,18,Solar,6313
11/13/2024,21,22,Wind,5053
5/27/2021,21,22,Wind,1552
3/14/2020,16,17,Wind,5134
11/10/2021,1,2,Wind,576
3/13/2020,15,16,Wind,6501
7/9/2024,21,22,Wind,2789
8/1/2023,16,17,Wind,15715
1/28/2023,20,21,Wind,3066
11/14/2025,5,6,Wind,12444
6/11/2020,20,21,Wind,3414
7/14/2021,11,12,Wind,8011
4/2/2023,23,0,Wind,6236
9/4/2024,14,15,Solar,4253
10/5/2020,19,20,Wind,9449
8/25/2024,23,0,Wind,2594
10/10/2021,11,12,Solar,4221
6/27/2024,22,23,Wind,3505
11/4/2020,1,2,Wind,1716
7/20/2021,11,12,Solar,6377
8/2/2021,3,4,Wind,1116
9/23/2021,9,10,Solar,2760
1/27/2024,8,9,Wind,3581
12/30/2022,19,20,Wind,15334
11/18/2024,14,15,Wind,9122
12/4/2023,0,1,Wind,12629
1/2/2020,0,1,Wind,1267
9/8/2021,4,5,Wind,5258
6/11/2025,22,23,Wind,6852
8/26/2025,4,5,Wind,4080
5/11/2024,9,10,Solar,6348
5/18/2023,6,7,Wind,5477
8/21/2025,0,1,Wind,3450
10/15/2024,22,23,Wind,10680
5/15/2024,16,17,Solar,5901
5/12/2022,15,16,Solar,6042
4/3/2020,7,8,Wind,1864
10/11/2021,16,17,Solar,5672
2/26/2023,9,10,Wind,17091
3/17/2023,8,9,Wind,8681
10/23/2023,12,13,Wind,9170
4/29/2020,7,8,Wind,4629
10/12/2021,23,0,Wind,3559
12/14/2022,20,21,Wind,2282
11/30/2020,13,14,Solar,3638
2/15/2025,10,11,Solar,8954
9/13/2020,22,23,Wind,2238
5/20/2023,8,9,Wind,6405
1/8/2022,8,9,Wind,7370
2/13/2024,22,23,Wind,10458
8/28/2021,2,3,Wind,4282
11/1/2022,16,17,Wind,11364
10/10/2021,7,8,Wind,1388
11/25/2020,3,4,Wind,6472
6/24/2022,12,13,Wind,7951
9/21/2023,18,19,Wind,6345
3/14/2021,22,23,Wind,10044
9/13/2022,17,18,Wind,4288
9/13/2022,4,5,Wind,1837
10/13/2025,14,15,Solar,12354
1/11/2025,2,3,Wind,1684
9/29/2020,4,5,Wind,1974
9/13/2022,13,14,Solar,6012
5/1/2022,12,13,Solar,6628
4/18/2022,5,6,Wind,3161
12/23/2022,18,19,Wind,13842
6/26/2023,13,14,Solar,10406
8/25/2024,3,4,Wind,5857
6/19/2022,13,14,Solar,10248
7/7/2021,21,22,Wind,1885
8/30/2020,1,2,Wind,2748
6/4/2022,21,22,Wind,4362
3/28/2020,7,8,Wind,2548
5/10/2024,12,13,Solar,11083
3/24/2020,2,3,Wind,6448
3/6/2023,6,7,Wind,1479
11/30/2021,0,1,Wind,6255
1/23/2023,12,13,Wind,7331
8/4/2023,18,19,Wind,7300
9/22/2025,14,15,Wind,8812
4/30/2024,1,2,Wind,3771
7/14/2020,22,23,Wind,1726
12/31/2023,15,16,Wind,18435
3/4/2025,16,17,Solar,4702
1/2/2022,11,12,Wind,11203
8/17/2021,6,7,Wind,1590
4/15/2023,7,8,Wind,7248
9/22/2023,10,11,Wind,8885
12/6/2020,4,5,Wind,3287
9/18/2023,5,6,Wind,6373
6/11/2020,23,0,Wind,4033
8/9/2023,4,5,Wind,2396
8/29/2020,12,13,Wind,4482
5/30/2024,17,18,Wind,12091
6/9/2020,2,3,Wind,3597
9/12/2025,22,23,Wind,6097
2/15/2022,15,16,Wind,13655
11/17/2024,2,3,Wind,4894
12/19/2023,8,9,Wind,8095
2/10/2024,19,20,Wind,7820
10/24/2023,18,19,Wind,3772
6/23/2021,10,11,Solar,3755
1/9/2025,6,7,Wind,12685
2/22/2024,20,21,Wind,17499
6/6/2024,14,15,Solar,8522
9/15/2024,1,2,Wind,3730
12/15/2021,11,12,Solar,3503
10/6/2024,18,19,Wind,8023
8/3/2023,21,22,Wind,4024
10/20/2024,23,0,Wind,8964
3/30/2021,19,20,Wind,1147
9/3/2020,7,8,Wind,2032
10/6/2021,2,3,Wind,8433
1/7/2024,22,23,Wind,11747
12/1/2023,6,7,Wind,2284
3/3/2021,21,22,Wind,1128
4/18/2020,21,22,Wind,1215
4/11/2022,2,3,Wind,9774
12/12/2021,6,7,Wind,5111
8/29/2021,18,19,Wind,6095
3/18/2020,10,11,Solar,3175
6/25/2022,7,8,Wind,2159
4/18/2023,11,12,Wind,11565
4/27/2021,20,21,Wind,1032
2/1/2020,16,17,Wind,11065
9/20/2022,22,23,Wind,2922
1/29/2024,22,23,Wind,9034
9/13/2023,20,21,Wind,1390
10/30/2021,18,19,Wind,4389
9/27/2022,2,3,Wind,6928
1/29/2025,9,10,Wind,13368
7/2/2024,0,1,Wind,3683
10/24/2020,3,4,Wind,6021
6/21/2022,0,1,Wind,5789
2/16/2025,10,11,Solar,7270
11/5/2025,17,18,Wind,12121
3/22/2025,7,8,Wind,8524
11/8/2023,9,10,Wind,12232
10/10/2024,23,0,Wind,2319
9/17/2024,10,11,Wind,14059
10/2/2023,19,20,Wind,5601
2/24/2021,12,13,Wind,8746
6/26/2023,9,10,Solar,6076
2/11/2023,14,15,Solar,5927
6/25/2025,23,0,Wind,5491
8/28/2023,21,22,Wind,3213
1/26/2021,17,18,Wind,3944
12/30/2020,9,10,Wind,3287
12/7/2021,1,2,Wind,8851
4/13/2020,20,21,Wind,10314
8/2/2024,22,23,Wind,4700
12/12/2021,22,23,Wind,1910
5/3/2025,22,23,Wind,5299
11/26/2024,16,17,Wind,3695
6/4/2025,8,9,Wind,3666
5/16/2021,6,7,Wind,4293
9/21/2025,1,2,Wind,7088
6/25/2022,21,22,Wind,2133
4/10/2024,3,4,Wind,6344
6/5/2024,23,0,Wind,1730
9/3/2024,16,17,Solar,4492
1/20/2024,20,21,Wind,8001
12/30/2023,12,13,Wind,12265
10/8/2021,10,11,Solar,5294
11/27/2024,3,4,Wind,11127
12/29/2020,9,10,Wind,4426
1/20/2020,15,16,Wind,6593
5/10/2024,5,6,Wind,4594
6/21/2021,16,17,Solar,4701
1/28/2022,22,23,Wind,3521
6/15/2020,11,12,Solar,4552
10/10/2025,21,22,Wind,4056
4/23/2021,20,21,Wind,5369
2/1/2025,13,14,Solar,6105
3/11/2023,8,9,Wind,4389
3/26/2020,15,16,Wind,8343
11/18/2023,23,0,Wind,11947
5/19/2020,14,15,Solar,5795
2/10/2023,6,7,Wind,629
5/5/2021,17,18,Wind,10312
9/22/2024,20,21,Wind,2722
12/29/2020,12,13,Wind,5039
3/25/2020,12,13,Solar,5870
10/4/2020,17,18,Wind,11028
4/9/2024,11,12,Wind,11478
12/29/2021,9,10,Wind,8302
6/22/2024,11,12,Solar,7321
2/23/2025,21,22,Wind,11852
3/4/2024,23,0,Wind,5856
8/7/2021,8,9,Wind,4137
1/27/2024,13,14,Solar,5520
3/4/2024,6,7,Wind,3881
11/20/2024,23,0,Wind,6132
5/19/2020,10,11,Solar,4412
5/24/2021,10,11,Wind,9548
3/6/2024,8,9,Solar,2257
11/2/2022,2,3,Wind,9453
12/1/2024,1,2,Wind,4016
9/9/2024,19,20,Wind,7981
11/29/2024,1,2,Wind,5147
11/29/2023,20,21,Wind,2256
12/29/2022,14,15,Wind,11907
4/14/2025,11,12,Solar,7730
6/30/2023,5,6,Wind,2493
5/4/2022,3,4,Wind,2101
2/23/2020,1,2,Wind,8085
11/27/2020,12,13,Solar,2867
12/31/2023,2,3,Wind,16903
12/13/2022,4,5,Wind,6726
6/8/2025,3,4,Wind,11586
1/28/2021,2,3,Wind,7021
9/6/2020,12,13,Solar,4167
10/30/2020,14,15,Wind,6293
7/15/2023,4,5,Wind,6081
9/19/2020,9,10,Wind,3664
2/22/2021,21,22,Wind,5226
4/7/2022,12,13,Wind,17815
5/10/2022,1,2,Wind,787
10/26/2022,19,20,Wind,2435
6/19/2024,12,13,Solar,10246
1/16/2021,11,12,Wind,6320
5/28/2022,18,19,Wind,8846
10/29/2025,17,18,Wind,8855
5/10/2024,14,15,Solar,11009
3/5/2024,3,4,Wind,5593
2/8/2021,20,21,Wind,2080
4/5/2021,9,10,Wind,7362
10/25/2024,17,18,Wind,3111
8/9/2025,14,15,Solar,5192
8/13/2024,22,23,Wind,1520
6/17/2024,10,11,Solar,6256
4/16/2023,4,5,Wind,5339
7/2/2023,17,18,Wind,7678
6/26/2022,23,0,Wind,1151
9/17/2024,9,10,Wind,11852
12/31/2021,9,10,Wind,6180
12/20/2021,15,16,Wind,3926
9/30/2022,16,17,Wind,9086
11/4/2025,14,15,Wind,12790
3/19/2022,22,23,Wind,8847
5/29/2022,19,20,Wind,5235
9/24/2024,12,13,Wind,12247
12/16/2023,18,19,Wind,2464
11/3/2024,6,7,Wind,2638
11/29/2020,18,19,Wind,2915
9/16/2021,9,10,Solar,1244
3/29/2025,4,5,Wind,9879
7/10/2023,9,10,Solar,3808
12/28/2023,18,19,Wind,13143
12/2/2020,18,19,Wind,1702
9/11/2021,2,3,Wind,1693
10/20/2025,11,12,Wind,17289
10/4/2020,19,20,Wind,9887
5/22/2022,8,9,Wind,3176
4/21/2025,18,19,Wind,5746
4/29/2023,9,10,Solar,2584
11/13/2020,13,14,Wind,6261
4/26/2020,6,7,Wind,1181
11/18/2021,20,21,Wind,1523
11/4/2023,5,6,Wind,12917
1/6/2020,12,13,Wind,5508
2/11/2025,0,1,Wind,6544
9/23/2024,22,23,Wind,5320
7/24/2021,6,7,Wind,3849
5/25/2022,4,5,Wind,2759
10/2/2020,4,5,Wind,10200
6/16/2024,5,6,Wind,8312
3/17/2022,7,8,Wind,4859
7/25/2021,20,21,Wind,2703
8/14/2020,1,2,Wind,2099
2/5/2021,9,10,Wind,2001
10/23/2021,14,15,Solar,5243
10/14/2023,13,14,Wind,6935
1/9/2024,12,13,Wind,7316
6/1/2022,21,22,Wind,2633
11/13/2025,7,8,Wind,10177
12/23/2020,18,19,Wind,12555
3/28/2020,21,22,Wind,11009
3/22/2023,19,20,Wind,12608
12/14/2020,20,21,Wind,6605
10/16/2022,7,8,Wind,2775
12/25/2022,7,8,Wind,5233
5/28/2022,21,22,Wind,6221
7/29/2021,8,9,Wind,3787
6/9/2021,18,19,Solar,3406
6/29/2023,22,23,Wind,2982
11/28/2021,21,22,Wind,5528
9/6/2025,15,16,Solar,7432
11/22/2025,19,20,Wind,10661
8/21/2023,7,8,Wind,1897
10/1/2025,0,1,Wind,2823
6/20/2025,12,13,Solar,11247
1/31/2025,19,20,Wind,5419
7/2/2024,11,12,Solar,6880
2/3/2021,20,21,Wind,9043
1/25/2021,5,6,Wind,6084
3/3/2025,0,1,Wind,4216
5/4/2024,17,18,Wind,5803
9/9/2024,18,19,Wind,9916
9/16/2024,3,4,Wind,2943
7/12/2024,21,22,Wind,2752
11/28/2022,14,15,Wind,4538
3/22/2020,10,11,Wind,11238
2/5/2020,18,19,Wind,1769
11/5/2024,8,9,Wind,2186
8/15/2020,6,7,Wind,457
9/19/2020,5,6,Wind,4265
9/30/2022,10,11,Solar,4255
11/23/2020,17,18,Wind,620
7/22/2024,13,14,Solar,10243
5/18/2024,6,7,Wind,761
8/9/2022,1,2,Wind,7181
9/19/2024,20,21,Wind,7802
5/16/2025,18,19,Wind,10928
8/29/2021,1,2,Wind,4508
5/26/2025,6,7,Wind,5453
2/27/2021,8,9,Wind,6414
2/1/2023,14,15,Wind,11735
11/19/2021,8,9,Wind,1628
9/3/2022,8,9,Wind,2057
10/19/2024,8,9,Wind,6338
6/8/2022,22,23,Wind,6493
6/25/2021,18,19,Solar,3314
9/29/2023,4,5,Wind,8331
9/26/2023,0,1,Wind,1382
3/23/2024,21,22,Wind,9466
6/24/2023,10,11,Solar,6886
8/30/2020,9,10,Wind,4184
9/25/2021,13,14,Solar,4377
2/9/2024,3,4,Wind,16390
7/28/2020,19,20,Wind,5024
8/12/2020,7,8,Wind,2071
5/22/2025,5,6,Wind,5212
10/19/2024,9,10,Wind,7672
11/20/2025,19,20,Wind,4026
7/18/2025,13,14,Solar,9011
1/3/2021,22,23,Wind,2226
6/26/2021,8,9,Solar,1519
11/18/2024,10,11,Wind,9491
8/1/2022,0,1,Wind,2712
4/19/2021,21,22,Wind,789
6/29/2020,12,13,Wind,8685
6/7/2024,13,14,Solar,6670
10/1/2023,11,12,Solar,6703
5/19/2025,5,6,Wind,5266
7/6/2025,22,23,Wind,6434
6/30/2020,7,8,Wind,3596
3/6/2025,7,8,Wind,9579
4/17/2021,19,20,Wind,6158
4/19/2023,9,10,Wind,7649
2/28/2021,18,19,Wind,5701
1/15/2020,21,22,Wind,4745
10/28/2020,23,0,Wind,11043
10/12/2020,16,17,Wind,3991
1/6/2023,23,0,Wind,8096
6/2/2020,18,19,Solar,2473
7/16/2025,14,15,Solar,16316
4/7/2020,15,16,Solar,5040
8/17/2020,20,21,Wind,1498
9/27/2023,4,5,Wind,480
4/28/2022,0,1,Wind,7345
5/15/2023,4,5,Wind,2885
3/30/2022,16,17,Wind,3581
5/15/2025,0,1,Wind,6342
12/31/2021,6,7,Wind,5824
6/2/2025,13,14,Solar,6203
11/30/2021,15,16,Wind,12500
5/28/2022,19,20,Wind,8020
12/19/2024,16,17,Wind,15633
4/20/2024,5,6,Wind,6858
7/4/2021,23,0,Wind,2638
10/24/2021,2,3,Wind,4189
11/29/2025,21,22,Wind,7062
3/25/2024,23,0,Wind,8777
6/5/2022,23,0,Wind,3380
12/21/2020,12,13,Wind,12640
10/18/2021,4,5,Wind,2664
8/17/2022,10,11,Solar,3428
5/8/2022,11,12,Solar,7322
4/30/2025,0,1,Wind,7318
1/31/2022,22,23,Wind,8147
5/19/2022,2,3,Wind,4815
12/15/2020,2,3,Wind,5470
5/1/2024,15,16,Wind,2385
10/14/2022,12,13,Wind,8105
9/12/2024,1,2,Wind,4725
7/17/2021,1,2,Wind,2929
4/23/2023,17,18,Wind,16075
9/25/2022,12,13,Solar,6161
12/1/2024,12,13,Wind,10028
1/21/2024,21,22,Wind,16235
12/31/2024,23,0,Wind,10602
8/2/2025,0,1,Wind,4160
11/9/2022,12,13,Wind,7650
6/16/2024,22,23,Wind,2549
5/28/2020,14,15,Solar,7591
11/24/2025,17,18,Wind,11121
6/23/2021,3,4,Wind,2688
9/4/2022,9,10,Solar,4056
11/21/2021,6,7,Wind,569
5/27/2023,17,18,Solar,6146
9/16/2025,21,22,Wind,3074
3/7/2020,3,4,Wind,3332
9/16/2022,20,21,Wind,4896
4/1/2025,12,13,Wind,18978
3/20/2024,12,13,Solar,7394
4/9/2020,15,16,Solar,4576
5/18/2024,13,14,Solar,3058
10/28/2021,6,7,Wind,5836
3/23/2021,23,0,Wind,1340
5/22/2023,22,23,Wind,5407
6/25/2022,18,19,Wind,4491
4/17/2024,14,15,Wind,13351
7/18/2021,23,0,Wind,6890
4/19/2020,15,16,Wind,3193
10/12/2023,6,7,Wind,4319
3/15/2022,18,19,Wind,2580
1/11/2025,19,20,Wind,2507
10/13/2023,15,16,Wind,17641
3/12/2021,8,9,Wind,10511
4/20/2022,5,6,Wind,4689
11/17/2025,16,17,Wind,8101
4/28/2025,13,14,Solar,4939
5/17/2020,22,23,Wind,2263
4/2/2024,21,22,Wind,8880
5/19/2022,16,17,Solar,7748
12/14/2023,4,5,Wind,7008
7/20/2025,4,5,Wind,4069
7/8/2020,10,11,Solar,5097
4/26/2024,22,23,Wind,3763
8/29/2023,17,18,Solar,5120
11/17/2022,23,0,Wind,8902
11/20/2025,4,5,Wind,7695
7/11/2023,4,5,Wind,1935
1/27/2021,18,19,Wind,4009
10/9/2020,11,12,Wind,4222
11/25/2021,14,15,Wind,3710
12/13/2020,14,15,Wind,7343
6/24/2020,19,20,Wind,3291
10/18/2020,8,9,Wind,1059
4/17/2020,0,1,Wind,2220
10/25/2022,2,3,Wind,5694
3/24/2023,15,16,Wind,17590
9/30/2022,19,20,Wind,6940
6/1/2024,5,6,Wind,5758
11/10/2025,16,17,Wind,9768
2/22/2024,9,10,Wind,17056
9/24/2021,16,17,Solar,3933
11/8/2023,19,20,Wind,14862
7/15/2022,8,9,Wind,3844
4/4/2024,16,17,Wind,18160
8/3/2025,6,7,Wind,1968
8/16/2020,0,1,Wind,1831
10/26/2023,6,7,Wind,5403
7/2/2023,7,8,Wind,2703
12/11/2022,18,19,Wind,1499
12/7/2022,0,1,Wind,2427
5/28/2025,9,10,Wind,14628
7/4/2024,11,12,Wind,11596
6/20/2020,14,15,Solar,4334
10/27/2025,19,20,Wind,9625
2/21/2021,12,13,Wind,9016
1/3/2025,14,15,Wind,5219
2/13/2025,0,1,Wind,1016
6/23/2021,17,18,Wind,4314
8/17/2020,0,1,Wind,2055
8/12/2023,12,13,Solar,7944
1/22/2025,11,12,Wind,6748
9/14/2025,14,15,Wind,7618
11/8/2021,10,11,Solar,3832
1/3/2021,23,0,Wind,2060
6/15/2021,6,7,Wind,1647
11/1/2024,16,17,Solar,1612
11/25/2024,11,12,Wind,12852
2/21/2021,17,18,Wind,5918
5/15/2020,16,17,Wind,5825
11/19/2023,5,6,Wind,11783
6/10/2021,21,22,Wind,1475
7/18/2022,15,16,Solar,7346
11/22/2021,4,5,Wind,8247
1/18/2022,15,16,Wind,4530
7/16/2025,3,4,Wind,7222
1/27/2022,20,21,Wind,3833
3/29/2024,3,4,Wind,10394
8/23/2025,18,19,Solar,5153
3/4/2023,19,20,Wind,3414
4/25/2022,4,5,Wind,3390
5/25/2020,21,22,Wind,2713
6/6/2025,12,13,Wind,7272
1/6/2020,0,1,Wind,2280
6/30/2023,18,19,Wind,8277
9/3/2024,8,9,Solar,1421
8/10/2024,12,13,Solar,4442
2/12/2024,20,21,Wind,3368
7/16/2023,23,0,Wind,2997
4/5/2025,19,20,Wind,6203
8/15/2022,16,17,Solar,7560
3/28/2021,21,22,Wind,2629
7/2/2024,21,22,Wind,3140
10/14/2021,9,10,Wind,3533
3/22/2020,22,23,Wind,9398
4/12/2021,13,14,Solar,6529
4/3/2020,1,2,Wind,2592
11/28/2022,12,13,Wind,4959
10/22/2020,9,10,Wind,5024
3/15/2021,3,4,Wind,10923
11/13/2025,20,21,Wind,12001
4/5/2022,5,6,Wind,6452
4/28/2021,14,15,Solar,4079
7/24/2022,6,7,Wind,969
9/14/2020,7,8,Wind,2828
6/15/2020,4,5,Wind,2126
11/1/2020,19,20,Wind,11879
8/16/2022,9,10,Solar,2904
7/26/2021,4,5,Wind,1922
4/4/2022,18,19,Wind,11731
12/13/2024,14,15,Solar,2515
5/28/2020,15,16,Wind,7608
9/18/2022,6,7,Wind,2221
8/22/2024,12,13,Solar,7995
5/26/2022,12,13,Solar,6717
9/14/2025,3,4,Wind,4181
9/14/2020,8,9,Wind,3313
3/16/2025,19,20,Wind,5740
10/1/2021,20,21,Wind,4953
4/21/2023,1,2,Wind,3355
9/6/2022,12,13,Solar,6967
3/13/2020,21,22,Wind,1697
4/10/2022,2,3,Wind,1338
1/30/2022,10,11,Solar,2888
10/21/2022,15,16,Wind,8982
3/4/2021,9,10,Solar,1941
1/22/2024,15,16,Wind,16804
1/16/2025,0,1,Wind,3652
11/13/2021,12,13,Wind,5041
6/23/2022,20,21,Wind,1923
12/16/2023,14,15,Solar,4910
4/11/2022,3,4,Wind,9882
10/29/2021,14,15,Wind,11979
7/9/2020,7,8,Wind,1479
4/25/2021,15,16,Wind,8987
10/9/2020,19,20,Wind,2696
11/19/2021,13,14,Solar,3762
12/30/2022,6,7,Wind,11436
6/13/2023,23,0,Wind,5004
3/10/2020,2,3,Wind,12278
4/14/2025,10,11,Solar,6031
4/30/2024,11,12,Solar,7683
9/12/2022,16,17,Solar,5140
10/20/2022,14,15,Wind,8558
11/30/2023,0,1,Wind,2128
1/6/2020,23,0,Wind,5850
6/13/2021,18,19,Solar,3933
12/7/2024,15,16,Wind,19810
4/10/2025,1,2,Wind,10031
2/21/2021,10,11,Wind,9217
9/20/2022,4,5,Wind,2045
9/14/2025,23,0,Wind,15838
6/25/2020,13,14,Solar,5081
3/10/2022,18,19,Wind,4082
6/14/2025,10,11,Solar,4291
10/20/2021,0,1,Wind,10970
8/8/2021,21,22,Wind,3163
2/5/2023,5,6,Wind,4222
8/9/2021,2,3,Wind,2945
5/12/2025,8,9,Solar,3901
4/19/2024,1,2,Wind,5665
4/18/2025,23,0,Wind,9612
1/6/2023,16,17,Wind,6433
7/17/2020,19,20,Wind,2771
7/26/2023,23,0,Wind,3577
1/23/2024,2,3,Wind,12747
6/25/2020,10,11,Solar,3414
6/1/2024,16,17,Wind,6915
4/23/2024,8,9,Wind,4892
7/16/2020,6,7,Wind,1388
5/28/2020,6,7,Wind,3981
4/5/2020,7,8,Wind,7671
1/11/2020,6,7,Wind,2912
6/25/2021,13,14,Solar,5806
1/27/2020,14,15,Wind,9340
6/12/2022,9,10,Solar,3891
9/5/2024,11,12,Solar,7606
10/12/2021,1,2,Wind,3046
5/29/2025,21,22,Wind,1207
5/31/2022,1,2,Wind,2019
10/18/2025,21,22,Wind,6350
2/23/2021,10,11,Wind,9360
7/5/2021,11,12,Solar,7031
9/13/2025,17,18,Wind,12059
3/22/2024,8,9,Solar,4072
12/24/2024,7,8,Wind,3075
6/9/2024,3,4,Wind,3734
1/9/2021,13,14,Wind,6317
6/5/2020,12,13,Wind,13242
9/4/2025,13,14,Wind,14863
12/18/2023,16,17,Wind,2994
7/9/2025,6,7,Wind,1676
9/14/2024,17,18,Solar,7606
6/20/2025,19,20,Wind,4544
2/11/2022,18,19,Wind,1753
4/14/2020,16,17,Wind,8019
11/23/2023,11,12,Solar,7232
5/6/2023,8,9,Solar,2948
6/9/2021,1,2,Wind,1569
8/25/2020,6,7,Wind,3959
2/28/2022,15,16,Solar,5659
3/12/2024,17,18,Wind,10459
7/23/2024,21,22,Wind,2927
7/19/2024,0,1,Wind,1662
2/23/2024,14,15,Wind,15612
9/3/2022,10,11,Solar,4020
3/13/2023,1,2,Wind,14233
4/13/2024,7,8,Wind,2307
7/30/2021,20,21,Wind,8655
1/22/2025,9,10,Wind,6315
11/6/2022,23,0,Wind,11081
5/15/2022,9,10,Solar,5538
10/9/2024,10,11,Wind,11747
3/24/2020,18,19,Wind,4898
12/29/2023,13,14,Wind,15847
7/1/2024,0,1,Wind,2760
11/24/2021,19,20,Wind,2095
7/13/2024,23,0,Wind,334
12/1/2021,14,15,Wind,11647
4/26/2020,22,23,Wind,457
8/16/2024,23,0,Wind,1612
4/14/2025,14,15,Solar,9083
5/17/2021,17,18,Wind,13497
9/19/2021,15,16,Solar,5286
10/24/2025,23,0,Wind,14144
10/2/2023,16,17,Solar,7676
4/14/2020,6,7,Wind,6514
2/5/2020,13,14,Solar,3963
10/21/2025,22,23,Wind,6166
4/1/2022,7,8,Wind,9016
3/21/2020,4,5,Wind,7299
1/2/2023,11,12,Wind,6422
2/20/2021,21,22,Wind,12255
8/24/2025,10,11,Solar,4112
5/6/2022,11,12,Solar,6911
11/12/2024,7,8,Wind,10329
12/8/2022,7,8,Wind,1250
4/30/2020,19,20,Wind,11566
5/8/2021,22,23,Wind,5551
4/20/2020,1,2,Wind,5535
1/18/2022,2,3,Wind,2430
2/9/2025,0,1,Wind,3868
12/28/2023,7,8,Wind,13513
1/29/2022,11,12,Wind,9867
11/23/2022,8,9,Wind,9532
10/19/2025,10,11,Wind,10350
5/14/2025,7,8,Solar,1719
11/19/2023,1,2,Wind,11829
10/22/2022,10,11,Wind,5156
7/28/2025,3,4,Wind,4437
8/19/2023,5,6,Wind,3735
12/15/2024,0,1,Wind,4485
1/11/2021,5,6,Wind,2139
5/2/2021,19,20,Wind,1824
11/12/2022,10,11,Solar,5330
5/18/2024,11,12,Solar,4830
1/24/2020,3,4,Wind,2178
8/7/2024,12,13,Solar,7806
12/19/2023,7,8,Wind,7637
7/29/2022,9,10,Solar,1886
4/10/2024,7,8,Wind,3567
1/8/2021,21,22,Wind,934
11/10/2024,4,5,Wind,728
3/23/2021,3,4,Wind,2297
3/18/2024,7,8,Wind,2408
7/18/2023,7,8,Wind,3248
5/15/2025,19,20,Wind,11522
5/6/2022,14,15,Solar,6812
5/17/2025,12,13,Solar,5378
1/25/2023,19,20,Wind,1865
11/6/2023,20,21,Wind,9476
6/4/2023,10,11,Solar,7001
4/17/2023,13,14,Solar,10082
2/21/2021,15,16,Wind,7525
2/15/2021,9,10,Wind,11289
8/3/2023,5,6,Wind,12714
5/27/2025,9,10,Wind,13251
5/24/2023,5,6,Wind,6672
12/16/2024,7,8,Wind,7127
9/2/2022,5,6,Wind,1940
4/16/2025,13,14,Solar,7798
6/6/2020,13,14,Wind,10873
8/20/2024,9,10,Solar,6256
11/13/2024,18,19,Wind,5201
3/21/2023,4,5,Wind,4145
4/29/2022,12,13,Solar,6673
3/18/2023,14,15,Wind,10327
5/27/2020,14,15,Solar,6923
11/8/2020,15,16,Wind,2718
9/14/2022,2,3,Wind,1837
12/15/2021,1,2,Wind,1197
12/8/2020,22,23,Wind,2543
7/29/2025,6,7,Wind,2489
12/26/2020,0,1,Wind,3607
11/6/2020,4,5,Wind,6681
3/31/2023,13,14,Wind,21624
4/2/2023,21,22,Wind,7144
1/11/2022,2,3,Wind,2621
3/16/2020,20,21,Wind,1348
8/26/2021,13,14,Solar,8454
7/5/2023,9,10,Wind,10340
5/3/2022,8,9,Wind,3293
8/10/2021,4,5,Wind,1235
8/22/2020,14,15,Wind,11599
5/6/2022,3,4,Wind,3327
8/26/2025,13,14,Solar,10719
9/24/2021,17,18,Solar,2890
1/3/2023,17,18,Wind,8994
10/9/2023,7,8,Wind,1140
3/15/2022,23,0,Wind,4205
10/25/2022,18,19,Wind,4686
12/30/2024,11,12,Solar,2963
3/10/2023,17,18,Wind,11697
5/6/2023,13,14,Solar,7109
10/10/2020,9,10,Wind,2717
2/19/2023,18,19,Wind,2222
9/13/2022,14,15,Solar,5433
10/15/2023,3,4,Wind,2777
1/1/2022,1,2,Wind,3210
5/14/2021,12,13,Wind,7647
11/4/2025,23,0,Wind,12730
1/29/2024,3,4,Wind,7443
1/13/2025,10,11,Wind,7719
7/6/2023,21,22,Wind,868
3/14/2020,21,22,Wind,3347
12/24/2023,15,16,Wind,17075
4/6/2025,1,2,Wind,9135
10/3/2024,3,4,Wind,5240
3/6/2022,22,23,Wind,7705
9/7/2022,18,19,Wind,4483
1/4/2024,17,18,Wind,11934
3/24/2021,8,9,Solar,2756
3/31/2023,11,12,Wind,20332
2/14/2021,16,17,Wind,9781
11/29/2020,22,23,Wind,2194
5/23/2025,3,4,Wind,3654
2/28/2024,18,19,Wind,3872
8/13/2020,8,9,Wind,1977
2/10/2022,7,8,Wind,5427
5/22/2020,20,21,Wind,2791
3/7/2020,5,6,Wind,2626
2/28/2025,22,23,Wind,7187
6/17/2023,10,11,Solar,5207
10/8/2022,21,22,Wind,2338
4/26/2020,16,17,Solar,2886
1/21/2025,23,0,Wind,7139
5/18/2024,17,18,Solar,5382
10/24/2023,20,21,Wind,5052
9/27/2025,1,2,Wind,475
6/2/2025,1,2,Wind,3073
10/13/2021,23,0,Wind,2129
2/25/2022,15,16,Wind,8739
12/24/2023,10,11,Wind,17796
11/19/2025,7,8,Wind,11799
4/29/2023,21,22,Wind,2588
4/23/2023,13,14,Wind,15150
9/13/2021,10,11,Solar,3635
8/17/2020,4,5,Wind,1804
3/13/2020,16,17,Wind,5262
7/18/2021,18,19,Wind,9318
9/1/2025,17,18,Wind,10390
5/25/2020,16,17,Solar,5450
11/10/2024,17,18,Wind,1524
9/30/2022,13,14,Solar,7262
5/18/2021,19,20,Wind,3940
8/10/2024,20,21,Wind,1226
3/25/2021,4,5,Wind,1928
10/30/2025,11,12,Solar,9665
10/26/2022,1,2,Wind,7207
8/27/2020,13,14,Solar,6251
4/27/2021,14,15,Solar,3324
5/7/2025,8,9,Wind,7619
6/26/2024,11,12,Solar,6737
8/9/2023,7,8,Wind,1969
1/25/2022,17,18,Solar,267
9/3/2020,2,3,Wind,978
2/11/2020,23,0,Wind,9400
7/9/2022,1,2,Wind,3653
8/4/2024,13,14,Solar,4818
6/25/2022,4,5,Wind,3209
12/7/2024,4,5,Wind,18556
9/4/2020,8,9,Wind,1720
1/1/2022,19,20,Wind,5238
5/8/2023,2,3,Wind,1701
4/22/2021,19,20,Wind,5590
2/17/2021,0,1,Wind,9265
3/3/2020,6,7,Wind,4440
11/8/2023,15,16,Wind,16223
8/14/2023,2,3,Wind,1693
1/10/2023,5,6,Wind,7343
12/22/2021,20,21,Wind,5561
8/10/2024,2,3,Wind,1755
11/14/2023,14,15,Wind,16988
3/17/2024,15,16,Solar,6096
9/7/2021,16,17,Wind,6840
11/16/2025,21,22,Wind,4414
7/15/2020,22,23,Wind,1874
10/8/2025,21,22,Wind,2608
6/9/2025,23,0,Wind,605
7/14/2020,3,4,Wind,2443
10/9/2022,6,7,Wind,4887
5/28/2020,1,2,Wind,5340
12/25/2021,15,16,Solar,1223
8/2/2023,21,22,Wind,15855
1/9/2021,23,0,Wind,5323
2/7/2022,22,23,Wind,4802
10/24/2022,23,0,Wind,7058
5/24/2025,16,17,Wind,14446
1/11/2022,8,9,Wind,2912
12/21/2022,3,4,Wind,5032
12/17/2024,10,11,Wind,5491
1/30/2021,13,14,Wind,8786
10/4/2020,16,17,Wind,11664
5/29/2025,17,18,Solar,8272
11/25/2024,10,11,Wind,12969
1/26/2020,13,14,Wind,4437
3/3/2023,22,23,Wind,5574
6/2/2025,14,15,Solar,6266
6/24/2022,3,4,Wind,1971
3/20/2024,0,1,Wind,1924
10/12/2023,17,18,Wind,5820
9/24/2022,1,2,Wind,1028
2/6/2020,21,22,Wind,5819
6/9/2024,2,3,Wind,3682
4/19/2020,10,11,Wind,2602
9/28/2022,14,15,Wind,6080
11/28/2025,14,15,Wind,8799
10/5/2024,23,0,Wind,8967
7/24/2020,21,22,Wind,1760
10/16/2022,16,17,Wind,6721
11/6/2020,22,23,Wind,7139
7/2/2021,23,0,Wind,1585
4/13/2022,15,16,Solar,3628
8/2/2025,14,15,Solar,12313
6/25/2023,22,23,Wind,5338
11/30/2024,7,8,Wind,3505
10/2/2023,0,1,Wind,2764
4/14/2021,21,22,Wind,5104
11/7/2025,15,16,Wind,6222
2/1/2020,21,22,Wind,9608
4/5/2020,14,15,Wind,8682
12/27/2022,4,5,Wind,4483
12/28/2022,3,4,Wind,11901
1/6/2024,10,11,Wind,6893
3/22/2021,11,12,Solar,6284
11/26/2022,19,20,Wind,6123
6/9/2025,15,16,Solar,4475
11/1/2021,2,3,Wind,8845
7/18/2023,12,13,Solar,6978
1/22/2022,16,17,Wind,3284
6/2/2021,3,4,Wind,4114
9/30/2025,19,20,Wind,2032
12/5/2022,15,16,Solar,2037
2/25/2022,1,2,Wind,7621
11/5/2021,6,7,Wind,2977
2/20/2025,12,13,Wind,12416
4/30/2024,23,0,Wind,3046
10/4/2024,9,10,Wind,5064
4/30/2022,13,14,Solar,8450
2/9/2020,0,1,Wind,7722
3/9/2024,3,4,Wind,10327
6/24/2025,13,14,Solar,6338
6/21/2020,7,8,Wind,2762
4/22/2022,2,3,Wind,5531
10/26/2025,9,10,Wind,10764
12/9/2024,2,3,Wind,13556
1/2/2024,12,13,Wind,18685
5/1/2023,0,1,Wind,1652
5/10/2020,8,9,Wind,2008
11/1/2025,22,23,Wind,9691
7/4/2023,23,0,Wind,10440
5/13/2023,14,15,Wind,10482
6/25/2020,9,10,Solar,2861
1/9/2020,12,13,Wind,12336
8/28/2024,6,7,Wind,2229
2/28/2022,7,8,Wind,3898
7/13/2021,10,11,Wind,5260
12/5/2020,17,18,Wind,6409
3/12/2020,7,8,Wind,8370
4/30/2021,3,4,Wind,1412
9/18/2022,9,10,Solar,4392
10/29/2025,9,10,Wind,7423
4/16/2023,23,0,Wind,3665
5/9/2024,23,0,Wind,5021
9/30/2020,18,19,Wind,3257
4/29/2022,17,18,Solar,5493
11/10/2023,9,10,Wind,15079
8/18/2025,0,1,Wind,7156
5/12/2020,7,8,Wind,4993
9/3/2022,1,2,Wind,1685
8/9/2021,18,19,Wind,5509
3/13/2020,13,14,Wind,7874
5/12/2022,18,19,Wind,3488
8/8/2024,14,15,Solar,9623
10/30/2025,15,16,Wind,8417
9/15/2021,23,0,Wind,1024
4/12/2024,14,15,Solar,4676
6/9/2020,8,9,Wind,3222
11/12/2021,18,19,Wind,4225
3/1/2025,4,5,Wind,6922
5/21/2022,18,19,Solar,2628
8/28/2025,1,2,Wind,2454
7/27/2025,5,6,Wind,1786
7/20/2021,16,17,Solar,5834
6/28/2022,6,7,Wind,1388
9/21/2025,4,5,Wind,5062
11/3/2024,2,3,Wind,3552
11/19/2024,9,10,Wind,18956
10/22/2024,1,2,Wind,3568
4/22/2020,18,19,Wind,2865
10/13/2023,10,11,Wind,15112
10/12/2023,12,13,Solar,8411
5/5/2022,14,15,Solar,6026
12/22/2020,16,17,Wind,6752
7/7/2024,10,11,Solar,5126
4/28/2022,22,23,Wind,5002
3/19/2022,21,22,Wind,9680
2/5/2025,19,20,Wind,3259
3/30/2020,16,17,Wind,12305
10/6/2024,20,21,Wind,8224
7/18/2025,23,0,Wind,3802
6/22/2021,13,14,Wind,7084
3/9/2025,20,21,Wind,2682
7/6/2020,3,4,Wind,5654
1/21/2023,0,1,Wind,5918
10/20/2025,3,4,Wind,11753
5/9/2021,14,15,Wind,11238
9/10/2023,21,22,Wind,2358
8/4/2024,6,7,Wind,1962
2/20/2023,8,9,Wind,3465
10/6/2025,9,10,Solar,4871
10/31/2020,0,1,Wind,1716
6/2/2022,3,4,Wind,4245
7/1/2021,20,21,Wind,1001
10/5/2024,11,12,Solar,8795
8/21/2023,12,13,Solar,6981
10/31/2023,15,16,Wind,10888
12/24/2020,17,18,Wind,9299
10/29/2024,0,1,Wind,2034
1/20/2020,6,7,Wind,5969
7/27/2022,2,3,Wind,2863
9/23/2023,22,23,Wind,1134
5/17/2023,21,22,Wind,7154
5/15/2021,13,14,Wind,10329
10/24/2021,0,1,Wind,3903
5/23/2025,7,8,Wind,3940
7/31/2023,17,18,Wind,16164
10/11/2023,7,8,Wind,2966
5/1/2022,18,19,Solar,3553
7/10/2025,7,8,Wind,2663
1/5/2024,5,6,Wind,10179
9/8/2020,0,1,Wind,1596
3/23/2023,20,21,Wind,13963
4/1/2023,2,3,Wind,16591
2/18/2025,15,16,Wind,9155
10/14/2020,12,13,Wind,5761
8/21/2024,0,1,Wind,7150
11/13/2025,4,5,Wind,11401
9/19/2022,15,16,Solar,7972
7/26/2023,22,23,Wind,2678
1/14/2021,7,8,Wind,7248
12/1/2020,2,3,Wind,7535
2/27/2024,6,7,Wind,11867
1/13/2020,5,6,Wind,2719
1/7/2022,0,1,Wind,9092
10/3/2022,15,16,Solar,5116
11/15/2022,0,1,Wind,6758
9/1/2022,5,6,Wind,2865
7/27/2021,2,3,Wind,1685
7/11/2021,13,14,Solar,5042
3/29/2022,10,11,Solar,3254
4/3/2024,13,14,Wind,18128
4/19/2023,7,8,Wind,6823
10/25/2021,3,4,Wind,2690
6/18/2023,20,21,Wind,4451
2/14/2023,21,22,Wind,4662
3/23/2025,22,23,Wind,1259
6/27/2025,17,18,Solar,9125
8/28/2022,12,13,Solar,8898
7/11/2023,5,6,Wind,1999
9/9/2020,8,9,Wind,1078
6/28/2024,18,19,Solar,4290
7/29/2020,9,10,Solar,2120
7/9/2023,16,17,Solar,6674
3/16/2024,18,19,Wind,1211
5/14/2023,10,11,Solar,6013
6/13/2025,2,3,Wind,1801
11/9/2022,5,6,Wind,8441
4/6/2022,6,7,Wind,5141
8/8/2025,15,16,Solar,4706
10/4/2025,7,8,Wind,17338
10/25/2020,2,3,Wind,10696
7/18/2021,8,9,Wind,4398
8/13/2021,18,19,Solar,2862
11/4/2023,22,23,Wind,14865
10/27/2020,20,21,Wind,10606
3/5/2023,21,22,Wind,1000
11/14/2022,0,1,Wind,3434
9/10/2020,22,23,Wind,2229
4/20/2024,15,16,Wind,8412
2/15/2021,11,12,Wind,12188
4/24/2024,11,12,Wind,9813
3/14/2023,9,10,Wind,17911
2/8/2022,16,17,Wind,4263
1/8/2025,15,16,Wind,12406
12/4/2023,2,3,Wind,13067
6/29/2025,21,22,Wind,2788
11/21/2025,0,1,Wind,4327
7/18/2021,11,12,Solar,7976
12/18/2024,5,6,Wind,13902
12/28/2024,11,12,Solar,4030
8/4/2020,13,14,Solar,5530
9/21/2024,11,12,Solar,7327
3/25/2020,2,3,Wind,6439
5/9/2021,17,18,Wind,11507
7/30/2023,17,18,Wind,12058
7/4/2022,13,14,Solar,5745
7/5/2021,9,10,Wind,4747
2/13/2023,13,14,Solar,6722
9/27/2020,5,6,Wind,11489
8/26/2025,22,23,Wind,2770
1/28/2025,19,20,Wind,19186
9/5/2023,20,21,Wind,1711
6/6/2020,19,20,Wind,7194
9/21/2023,0,1,Wind,11271
1/6/2021,4,5,Wind,1309
6/21/2021,17,18,Solar,4642
4/30/2020,1,2,Wind,6717
12/5/2024,6,7,Wind,11663
8/11/2022,6,7,Wind,4434
4/3/2023,17,18,Wind,10376
10/9/2024,2,3,Wind,11147
11/5/2021,14,15,Solar,3837
2/19/2020,15,16,Wind,7030
3/21/2024,15,16,Solar,6064
5/4/2021,3,4,Wind,13060
7/20/2020,2,3,Wind,2745
4/21/2020,12,13,Wind,5274
9/28/2021,22,23,Wind,5083
11/16/2023,8,9,Wind,8890
11/16/2023,10,11,Wind,10601
9/5/2021,12,13,Solar,4826
10/30/2024,10,11,Solar,4815
10/14/2021,7,8,Wind,1998
11/27/2024,11,12,Wind,18995
7/19/2022,14,15,Solar,11456
3/18/2020,7,8,Wind,920
8/2/2020,20,21,Wind,3476
10/8/2023,22,23,Wind,914
1/18/2021,0,1,Wind,2046
5/1/2023,5,6,Wind,2281
3/27/2023,13,14,Solar,7984
9/12/2024,17,18,Wind,9890
6/27/2021,11,12,Solar,2797
4/29/2023,10,11,Solar,3294
2/14/2020,20,21,Wind,5101
5/28/2020,20,21,Wind,4584
10/23/2020,21,22,Wind,5272
2/9/2021,11,12,Wind,3261
5/18/2020,17,18,Solar,4683
2/16/2020,5,6,Wind,11933
1/17/2021,5,6,Wind,5132
8/22/2020,15,16,Wind,11377
12/2/2023,15,16,Wind,3287
11/19/2024,6,7,Wind,17507
1/20/2022,23,0,Wind,5476
8/12/2021,4,5,Wind,537
4/12/2022,23,0,Wind,2391
9/20/2024,1,2,Wind,6934
7/24/2020,6,7,Wind,1623
7/31/2023,8,9,Wind,10483
5/7/2021,15,16,Solar,5300
6/19/2022,15,16,Wind,12780
4/26/2020,21,22,Wind,507
5/2/2023,9,10,Solar,5328
11/6/2021,10,11,Solar,4862
1/11/2022,9,10,Wind,3441
5/26/2023,12,13,Solar,12036
9/22/2024,9,10,Wind,3944
9/4/2023,9,10,Wind,7654
5/3/2022,0,1,Wind,5334
6/15/2025,12,13,Solar,3841
12/18/2021,6,7,Wind,6087
8/2/2021,11,12,Solar,4320
8/16/2025,6,7,Wind,7143
6/29/2025,14,15,Solar,4565
2/21/2022,7,8,Wind,14866
6/7/2025,21,22,Wind,11062
4/20/2025,15,16,Wind,4558
7/23/2023,2,3,Wind,9075
2/21/2025,15,16,Wind,15714
10/19/2022,19,20,Wind,7944
1/27/2024,0,1,Wind,1873
2/11/2021,8,9,Wind,6113
2/13/2023,21,22,Wind,2677
12/6/2024,8,9,Wind,13192
1/29/2023,5,6,Wind,1135
4/22/2023,5,6,Wind,4828
2/14/2025,16,17,Wind,7129
10/24/2021,23,0,Wind,3283
9/29/2025,8,9,Wind,2578
1/20/2020,10,11,Wind,6095
1/26/2022,13,14,Solar,3768
4/6/2020,0,1,Wind,7724
1/31/2020,3,4,Wind,7998
8/31/2022,5,6,Wind,2234
4/1/2023,1,2,Wind,16915
11/1/2022,15,16,Wind,13662
7/30/2024,22,23,Wind,2503
4/8/2025,19,20,Wind,2749
9/10/2024,20,21,Wind,11651
10/31/2020,9,10,Wind,8194
5/7/2024,9,10,Solar,5090
4/19/2021,0,1,Wind,1780
3/12/2023,18,19,Wind,9795
11/19/2023,9,10,Wind,13588
2/14/2023,14,15,Solar,6281
10/8/2020,23,0,Wind,3679
12/4/2024,18,19,Wind,3938
8/2/2022,5,6,Wind,1216
9/5/2021,2,3,Wind,570
1/3/2024,20,21,Wind,17729
6/2/2023,11,12,Solar,10821
12/5/2024,14,15,Wind,16998
5/29/2022,2,3,Wind,6015
8/3/2023,17,18,Wind,9503
8/31/2020,11,12,Solar,4591
1/27/2021,13,14,Wind,5439
8/1/2020,8,9,Wind,2389
7/13/2021,5,6,Wind,2739
12/5/2021,4,5,Wind,7154
11/4/2022,20,21,Wind,6038
10/10/2022,11,12,Solar,4346
12/8/2023,6,7,Wind,4441
11/19/2023,23,0,Wind,12031
2/19/2024,22,23,Wind,4808
3/11/2024,18,19,Wind,6774
12/2/2022,21,22,Wind,6439
9/15/2024,13,14,Solar,6509
5/13/2025,12,13,Solar,4040
8/16/2024,3,4,Wind,3495
7/4/2022,18,19,Solar,4726
12/17/2021,22,23,Wind,7175
5/3/2022,17,18,Wind,4686
11/1/2022,19,20,Wind,11571
10/23/2025,1,2,Wind,18781
6/2/2020,7,8,Wind,1582
7/30/2023,6,7,Wind,5034
10/18/2024,10,11,Wind,3726
1/24/2021,17,18,Wind,7785
6/7/2024,18,19,Solar,3850
9/17/2022,6,7,Wind,5298
8/1/2023,14,15,Wind,16261
8/9/2024,2,3,Wind,4379
4/1/2025,0,1,Wind,10918
10/12/2020,8,9,Wind,1885
12/29/2021,17,18,Wind,13972
9/20/2025,13,14,Wind,14676
1/20/2023,11,12,Wind,5568
10/16/2025,3,4,Wind,4675
10/24/2024,9,10,Wind,6471
11/19/2021,20,21,Wind,1780
12/16/2021,12,13,Wind,5603
5/8/2022,7,8,Wind,3729
11/18/2024,8,9,Wind,8868
7/22/2024,3,4,Wind,3600
11/10/2021,9,10,Solar,1404
4/30/2021,21,22,Wind,1194
11/15/2024,23,0,Wind,1734
6/4/2021,5,6,Wind,1719
3/16/2020,22,23,Wind,1639
1/20/2022,20,21,Wind,5362
3/12/2022,7,8,Wind,6226
10/29/2025,18,19,Wind,8314
9/26/2021,5,6,Wind,2237
7/8/2022,15,16,Solar,9095
12/4/2021,0,1,Wind,9482
10/13/2023,23,0,Wind,14400
11/18/2023,22,23,Wind,12095
11/7/2023,6,7,Wind,6851
9/2/2022,19,20,Wind,1443
2/23/2024,9,10,Wind,15039
9/5/2020,4,5,Wind,2634
11/1/2025,6,7,Wind,14454
11/18/2025,19,20,Wind,7882
5/27/2021,17,18,Solar,3912
2/11/2021,15,16,Wind,8683
8/31/2022,20,21,Wind,2951
6/21/2023,15,16,Solar,4753
8/30/2022,22,23,Wind,3271
10/11/2021,20,21,Wind,3153
10/7/2023,23,0,Wind,3526
8/27/2020,23,0,Wind,7497
7/22/2021,9,10,Solar,2992
8/1/2024,1,2,Wind,1611
6/1/2021,21,22,Wind,3763
9/21/2021,14,15,Solar,5163
9/9/2024,5,6,Wind,8521
1/31/2025,12,13,Wind,8937
6/3/2025,6,7,Wind,2426
6/25/2021,12,13,Solar,5768
6/18/2022,7,8,Wind,2323
2/26/2023,18,19,Wind,15728
3/11/2022,21,22,Wind,10519
6/1/2022,17,18,Solar,5214
6/19/2022,7,8,Wind,6948
9/8/2022,10,11,Wind,8695
8/2/2022,1,2,Wind,1310
11/26/2024,1,2,Wind,6445
12/13/2023,6,7,Wind,7828
7/12/2025,20,21,Wind,3909
10/16/2022,18,19,Wind,4704
4/12/2020,21,22,Wind,2322
12/25/2023,16,17,Wind,12230
6/18/2021,17,18,Wind,9367
10/18/2023,1,2,Wind,10499
1/12/2022,11,12,Solar,4584
4/29/2023,22,23,Wind,2714
9/21/2021,23,0,Wind,3306
8/8/2023,12,13,Solar,9733
8/1/2021,4,5,Wind,2348
2/10/2020,21,22,Wind,12959
10/31/2020,4,5,Wind,3069
12/31/2024,17,18,Wind,9036
10/28/2023,4,5,Wind,11930
7/19/2025,1,2,Wind,4635
9/15/2023,19,20,Wind,2659
7/12/2021,7,8,Wind,2324
11/28/2020,13,14,Wind,3710
1/10/2023,14,15,Wind,15777
12/13/2021,1,2,Wind,1678
12/23/2021,13,14,Wind,8130
12/13/2024,9,10,Wind,2960
4/19/2022,3,4,Wind,2818
8/30/2023,23,0,Wind,3483
3/14/2023,22,23,Wind,5023
5/6/2022,18,19,Wind,4837
3/23/2025,8,9,Wind,5996
1/16/2022,3,4,Wind,1801
8/26/2023,0,1,Wind,2861
4/17/2025,3,4,Wind,2565
4/10/2025,10,11,Solar,10273
8/23/2021,21,22,Wind,5030
11/21/2023,15,16,Wind,7176
8/18/2024,19,20,Wind,5352
11/4/2024,3,4,Wind,2776
8/7/2021,2,3,Wind,3294
11/27/2022,15,16,Wind,6839
3/27/2021,2,3,Wind,9516
3/12/2022,22,23,Wind,9748
10/17/2025,5,6,Wind,5096
4/10/2025,17,18,Solar,10743
8/21/2022,0,1,Wind,791
2/11/2021,6,7,Wind,5196
3/31/2021,23,0,Wind,1435
6/19/2020,6,7,Wind,1906
2/26/2020,13,14,Wind,13169
10/21/2023,11,12,Wind,20374
11/7/2023,8,9,Wind,8207
7/29/2025,0,1,Wind,3104
2/19/2020,10,11,Wind,7379
4/3/2023,13,14,Wind,11458
2/25/2021,19,20,Wind,1854
2/25/2021,2,3,Wind,5371
9/28/2024,11,12,Solar,8533
2/22/2023,14,15,Wind,3581
3/5/2025,11,12,Solar,9526
9/11/2023,1,2,Wind,2249
12/6/2020,20,21,Wind,1761
10/3/2025,14,15,Wind,11497
11/28/2022,4,5,Wind,4489
5/3/2020,22,23,Wind,705
2/19/2021,13,14,Wind,8744
1/16/2020,16,17,Wind,9123
11/18/2021,13,14,Solar,3746
12/13/2022,6,7,Wind,6219
5/26/2021,12,13,Wind,10892
5/28/2020,22,23,Wind,6074
5/16/2022,22,23,Wind,599
2/8/2021,10,11,Wind,2084
8/25/2022,12,13,Solar,6443
3/12/2024,0,1,Wind,5402
3/8/2022,21,22,Wind,5703
4/6/2025,22,23,Wind,10147
12/1/2023,21,22,Wind,5091
2/1/2024,13,14,Wind,3991
3/19/2021,5,6,Wind,5515
11/22/2020,2,3,Wind,2036
1/29/2023,6,7,Wind,1089
2/3/2020,23,0,Wind,10296
8/22/2025,22,23,Wind,3100
12/30/2023,21,22,Wind,14946
6/14/2020,6,7,Wind,2981
5/20/2025,11,12,Solar,7909
5/27/2021,19,20,Solar,1951
11/28/2024,12,13,Solar,5112
6/12/2025,20,21,Wind,2592
12/2/2021,4,5,Wind,6595
4/6/2023,1,2,Wind,1240
8/29/2022,21,22,Wind,5149
4/22/2024,2,3,Wind,7693
4/7/2022,21,22,Wind,13300
8/17/2020,8,9,Wind,2329
4/8/2020,0,1,Wind,3294
6/27/2022,2,3,Wind,1132
11/8/2022,13,14,Wind,13921
7/27/2024,1,2,Wind,418
8/5/2025,16,17,Wind,7613
5/1/2020,10,11,Wind,8012
6/22/2022,5,6,Wind,3322
1/10/2020,0,1,Wind,9719
2/26/2024,3,4,Wind,9462
8/3/2023,18,19,Wind,7651
11/6/2020,0,1,Wind,7462
5/12/2025,18,19,Solar,4886
2/4/2023,6,7,Wind,2724
9/8/2021,16,17,Wind,5846
2/16/2023,19,20,Wind,7525
5/12/2022,8,9,Solar,1922
11/12/2025,0,1,Wind,13071
7/7/2020,11,12,Solar,4694
3/18/2021,13,14,Wind,6015
8/2/2020,7,8,Wind,2829
1/28/2020,8,9,Wind,12847
10/6/2023,0,1,Wind,1366
6/27/2024,10,11,Solar,5860
8/30/2024,12,13,Solar,8694
11/22/2025,5,6,Wind,4673
1/8/2024,13,14,Wind,11588
8/10/2025,12,13,Solar,4763
4/30/2024,10,11,Wind,6800
9/5/2024,12,13,Solar,7713
6/18/2024,5,6,Wind,2850
8/11/2020,22,23,Wind,1326
11/18/2024,4,5,Wind,9025
3/3/2025,21,22,Wind,4149
6/16/2020,9,10,Solar,2228
11/5/2023,11,12,Wind,19077
7/10/2020,9,10,Wind,4371
10/29/2023,18,19,Wind,12320
6/25/2020,1,2,Wind,3877
11/27/2023,2,3,Wind,7464
9/10/2023,22,23,Wind,2837
3/25/2024,22,23,Wind,8875
11/11/2021,2,3,Wind,1151
9/21/2020,10,11,Solar,1691
1/17/2021,21,22,Wind,2503
6/16/2024,20,21,Wind,3886
5/25/2020,5,6,Wind,2382
9/30/2025,6,7,Wind,1558
2/19/2025,6,7,Wind,8798
11/18/2022,22,23,Wind,3150
1/4/2021,10,11,Wind,2038
6/4/2022,13,14,Solar,5744
12/14/2021,10,11,Solar,2182
6/14/2025,2,3,Wind,5142
7/11/2024,8,9,Solar,2417
3/31/2025,13,14,Solar,12362
1/6/2025,6,7,Wind,18722
12/16/2021,8,9,Wind,2732
6/12/2021,22,23,Wind,2432
7/9/2020,17,18,Wind,6646
2/18/2022,18,19,Wind,13238
2/13/2021,14,15,Wind,9991
12/16/2021,7,8,Wind,2497
12/15/2024,8,9,Wind,6048
7/10/2021,10,11,Solar,3276
11/29/2025,18,19,Wind,10196
2/10/2021,21,22,Wind,4420
7/29/2024,12,13,Solar,10129
1/20/2023,9,10,Wind,3401
9/10/2022,16,17,Solar,7701
12/23/2022,16,17,Wind,15011
12/9/2023,4,5,Wind,9880
3/19/2023,16,17,Wind,6813
11/30/2020,4,5,Wind,1329
5/24/2021,4,5,Wind,8666
1/27/2022,9,10,Wind,5055
10/19/2022,0,1,Wind,5532
1/17/2023,19,20,Wind,4973
10/13/2025,18,19,Wind,7387
5/1/2025,12,13,Solar,5191
7/2/2020,21,22,Wind,3656
5/14/2022,11,12,Solar,5901
9/4/2024,1,2,Wind,1022
5/16/2021,3,4,Wind,4872
2/24/2022,9,10,Wind,9070
11/6/2025,3,4,Wind,8939
1/28/2023,17,18,Wind,3752
4/5/2023,1,2,Wind,2623
3/8/2024,18,19,Wind,9798
9/9/2022,5,6,Wind,8652
6/23/2025,11,12,Wind,7643
3/4/2024,2,3,Wind,3900
2/21/2025,8,9,Wind,13537
10/31/2023,10,11,Wind,9320
8/11/2024,2,3,Wind,3520
12/12/2023,14,15,Wind,11858
1/18/2021,6,7,Wind,2493
8/3/2024,4,5,Wind,3502
5/17/2025,9,10,Solar,6696
11/14/2021,18,19,Wind,4424
6/20/2023,4,5,Wind,3307
3/21/2022,7,8,Wind,4387
4/19/2020,13,14,Wind,3115
7/6/2024,4,5,Wind,8305
5/14/2023,23,0,Wind,4043
12/19/2022,2,3,Wind,12288
9/23/2020,14,15,Wind,8545
4/20/2024,4,5,Wind,6904
7/21/2020,21,22,Wind,4406
4/25/2020,3,4,Wind,1779
6/10/2023,4,5,Wind,2713
2/11/2024,17,18,Wind,12006
7/6/2022,12,13,Solar,7683
2/5/2022,19,20,Wind,9947
5/28/2020,23,0,Wind,6736
9/17/2025,2,3,Wind,2575
8/8/2025,8,9,Solar,3228
3/9/2020,22,23,Wind,8872
3/11/2024,21,22,Wind,6066
5/14/2025,17,18,Solar,7679
2/4/2020,1,2,Wind,10533
8/11/2020,18,19,Solar,2040
10/13/2023,17,18,Wind,15965
6/16/2022,19,20,Solar,1895
12/8/2020,8,9,Wind,2188
3/29/2021,14,15,Solar,5986
6/15/2025,9,10,Solar,3778
1/20/2024,12,13,Solar,6835
2/17/2025,23,0,Wind,3993
12/3/2021,7,8,Wind,6171
5/30/2023,8,9,Wind,9640
2/3/2020,15,16,Wind,8538
1/22/2025,12,13,Wind,6417
12/27/2021,21,22,Wind,12569
11/8/2020,11,12,Wind,3996
9/20/2023,21,22,Wind,10365
3/11/2024,17,18,Wind,8030
7/16/2024,9,10,Wind,11662
3/26/2025,19,20,Wind,3745
2/18/2023,1,2,Wind,5595
7/18/2024,16,17,Solar,7212
5/8/2020,4,5,Wind,2082
9/18/2023,16,17,Wind,14252
8/10/2023,12,13,Solar,7330
9/7/2020,19,20,Wind,2004
10/3/2020,16,17,Wind,6727
5/26/2021,2,3,Wind,5529
1/23/2022,4,5,Wind,1749
6/14/2022,9,10,Solar,4214
1/20/2021,9,10,Wind,12999
4/1/2025,6,7,Wind,10967
2/15/2020,12,13,Wind,11448
3/24/2022,10,11,Solar,5742
9/5/2025,1,2,Wind,4105
1/12/2023,12,13,Wind,18306
11/6/2022,19,20,Wind,11005
3/8/2022,17,18,Wind,3785
12/24/2020,22,23,Wind,7846
9/10/2020,15,16,Solar,2992
4/28/2024,1,2,Wind,10254
5/9/2020,0,1,Wind,2676
12/3/2020,12,13,Wind,9711
7/20/2024,0,1,Wind,1818
8/10/2021,0,1,Wind,1225
4/25/2024,14,15,Solar,7534
10/12/2021,19,20,Wind,3353
6/13/2020,11,12,Wind,4955
7/31/2023,7,8,Wind,9176
2/7/2020,15,16,Wind,5046
4/8/2025,3,4,Wind,2900
10/29/2022,16,17,Wind,6799
3/17/2020,13,14,Solar,2613
7/16/2025,19,20,Wind,7811
11/9/2025,21,22,Wind,5570
8/15/2021,18,19,Wind,8013
8/31/2020,8,9,Wind,2550
2/10/2020,7,8,Wind,11091
3/20/2022,3,4,Wind,5262
2/16/2022,6,7,Wind,14791
10/17/2022,22,23,Wind,1822
3/28/2025,2,3,Wind,2114
6/7/2020,1,2,Wind,3654
8/17/2020,5,6,Wind,1922
4/22/2025,8,9,Solar,2305
9/6/2021,3,4,Wind,1319
9/4/2024,0,1,Wind,1181
1/20/2025,20,21,Wind,1179
7/13/2020,13,14,Solar,4705
6/3/2021,15,16,Solar,3805
4/9/2025,8,9,Wind,5564
7/25/2024,15,16,Solar,9796
9/13/2020,21,22,Wind,1634
7/18/2024,3,4,Wind,2282
6/16/2024,11,12,Wind,7228
1/15/2025,7,8,Wind,2998
4/12/2023,10,11,Wind,11551
9/30/2023,15,16,Solar,6238
10/31/2025,12,13,Wind,13978
2/20/2025,15,16,Wind,10442
12/7/2021,4,5,Wind,5875
12/19/2021,2,3,Wind,3858
9/11/2021,6,7,Wind,1304
7/13/2022,3,4,Wind,1284
7/26/2025,1,2,Wind,2898
5/6/2025,13,14,Wind,15086
12/20/2022,7,8,Wind,13290
8/28/2020,23,0,Wind,2992
1/20/2023,7,8,Wind,2459
2/19/2024,20,21,Wind,5970
6/26/2021,13,14,Solar,4853
5/29/2024,15,16,Wind,11061
6/13/2021,2,3,Wind,3335
8/26/2024,2,3,Wind,2474
6/10/2021,20,21,Wind,1433
9/12/2020,21,22,Wind,1498
2/14/2022,2,3,Wind,13708
7/14/2022,15,16,Solar,9365
9/1/2022,2,3,Wind,3710
7/25/2023,8,9,Wind,6136
6/27/2025,15,16,Solar,11359
5/26/2024,3,4,Wind,4941
4/4/2022,0,1,Wind,1493
10/24/2021,3,4,Wind,4122
11/11/2021,21,22,Wind,870
12/15/2020,3,4,Wind,4872
1/8/2022,17,18,Wind,15073
7/23/2020,22,23,Wind,1571
7/18/2020,22,23,Wind,1461
12/12/2021,16,17,Wind,2570
4/5/2022,9,10,Wind,6905
7/17/2023,5,6,Wind,2324
4/20/2020,7,8,Wind,5618
1/18/2021,7,8,Wind,2566
8/24/2021,18,19,Wind,11067
1/28/2021,8,9,Wind,13948
2/27/2020,21,22,Wind,7033
5/4/2025,15,16,Wind,7299
9/1/2020,9,10,Solar,2103
11/11/2024,7,8,Wind,3528
10/24/2021,11,12,Solar,6109
11/11/2022,5,6,Wind,3169
1/8/2020,1,2,Wind,5852
1/13/2021,4,5,Wind,3236
8/10/2021,14,15,Solar,5787
4/2/2025,2,3,Wind,15114
3/1/2021,17,18,Wind,3239
11/30/2022,9,10,Wind,2060
1/14/2020,18,19,Wind,12733
10/12/2020,10,11,Solar,3235
3/29/2024,20,21,Wind,5982
10/12/2025,15,16,Solar,11438
12/21/2020,3,4,Wind,6804
9/16/2024,15,16,Solar,10670
4/7/2023,12,13,Solar,7303
7/21/2024,16,17,Wind,8390
10/31/2024,13,14,Solar,4724
2/21/2020,13,14,Wind,8359
9/1/2021,19,20,Wind,6601
3/10/2024,20,21,Wind,1487
8/12/2020,16,17,Wind,3514
8/26/2023,4,5,Wind,3719
3/2/2022,9,10,Wind,3208
1/3/2022,8,9,Wind,9363
2/13/2025,11,12,Solar,4235
4/10/2024,8,9,Wind,3966
3/22/2021,19,20,Wind,2676
1/10/2025,10,11,Wind,5399
10/6/2023,15,16,Solar,6868
4/29/2024,15,16,Solar,7027
7/13/2024,5,6,Wind,896
11/14/2021,15,16,Wind,4245
12/10/2023,10,11,Wind,14883
6/13/2022,19,20,Wind,2895
9/21/2024,7,8,Wind,3743
7/9/2025,2,3,Wind,1777
8/18/2024,13,14,Solar,10781
2/3/2023,7,8,Wind,6517
12/12/2021,17,18,Wind,2137
5/10/2021,1,2,Wind,7851
6/24/2022,20,21,Wind,6156
3/17/2020,3,4,Wind,1308
7/24/2024,8,9,Solar,2606
10/27/2023,3,4,Wind,8707
8/17/2025,10,11,Solar,9267
9/17/2020,16,17,Wind,8119
9/30/2025,5,6,Wind,1392
10/3/2024,7,8,Wind,7039
3/28/2021,7,8,Wind,3564
7/17/2025,23,0,Wind,1610
2/26/2022,10,11,Solar,7670
7/3/2025,15,16,Solar,9564
3/7/2025,18,19,Wind,5888
8/8/2024,4,5,Wind,1215
9/23/2023,8,9,Wind,3488
4/28/2021,11,12,Solar,2519
9/10/2022,14,15,Solar,8766
3/31/2025,8,9,Wind,5433
7/16/2024,4,5,Wind,8021
8/20/2025,11,12,Wind,7286
1/6/2023,13,14,Wind,8675
8/17/2023,20,21,Wind,1803
3/15/2024,5,6,Wind,9919
12/4/2020,0,1,Wind,12195
12/21/2021,4,5,Wind,2850
6/9/2024,22,23,Wind,5084
6/14/2022,8,9,Solar,3413
8/27/2023,6,7,Wind,2812
1/6/2025,12,13,Wind,18898
3/6/2020,20,21,Wind,4508
12/30/2021,12,13,Wind,9277
12/6/2022,6,7,Wind,1632
6/21/2024,1,2,Wind,1325
2/1/2025,21,22,Wind,4191
7/14/2020,18,19,Wind,4409
7/1/2020,19,20,Wind,5201
3/21/2023,22,23,Wind,8110
4/14/2025,8,9,Solar,2139
2/27/2022,12,13,Wind,10044
11/5/2020,13,14,Wind,6887
3/10/2020,5,6,Wind,12041
6/1/2025,17,18,Solar,3175
1/26/2025,2,3,Wind,9972
4/30/2020,13,14,Wind,11987
12/14/2024,2,3,Wind,1157
4/15/2025,15,16,Wind,7968
10/30/2020,2,3,Wind,7489
2/8/2021,0,1,Wind,1406
3/9/2022,4,5,Wind,3581
2/22/2022,15,16,Wind,14388
1/16/2024,19,20,Wind,3128
11/30/2023,11,12,Wind,2419
1/21/2022,14,15,Wind,6986
10/13/2022,2,3,Wind,1361
6/17/2022,23,0,Wind,1592
11/17/2024,6,7,Wind,3941
7/18/2020,2,3,Wind,1339
9/25/2024,8,9,Wind,5967
3/29/2022,5,6,Wind,2891
6/17/2020,19,20,Wind,2095
6/29/2024,18,19,Wind,6554
10/30/2020,10,11,Wind,7419
2/19/2021,19,20,Wind,7404
1/1/2024,4,5,Wind,8838
12/27/2022,6,7,Wind,4019
11/1/2021,10,11,Wind,10079
8/28/2020,21,22,Wind,3247
8/27/2020,19,20,Wind,6475
10/5/2022,20,21,Wind,7845
2/6/2020,4,5,Wind,2972
2/9/2024,11,12,Wind,13564
5/17/2024,23,0,Wind,679
4/8/2021,10,11,Solar,3570
11/4/2025,1,2,Wind,8203
11/18/2022,6,7,Wind,7697
3/24/2020,6,7,Wind,5924
2/24/2020,3,4,Wind,3562
9/9/2020,0,1,Wind,935
8/3/2025,12,13,Solar,6177
1/24/2023,18,19,Wind,2989
10/31/2020,3,4,Wind,2492
8/14/2024,14,15,Solar,6071
4/27/2024,15,16,Wind,11873
4/26/2024,23,0,Wind,4435
5/11/2020,1,2,Wind,9243
7/2/2022,6,7,Wind,1275
11/2/2023,15,16,Wind,15875
8/15/2021,16,17,Wind,8032
7/10/2020,16,17,Wind,5447
2/18/2020,9,10,Wind,8247
1/17/2025,2,3,Wind,2010
9/29/2025,14,15,Solar,9018
2/10/2025,3,4,Wind,3590
11/2/2024,0,1,Wind,1203
1/7/2023,20,21,Wind,14522
12/30/2022,7,8,Wind,13456
2/29/2020,23,0,Wind,11760
3/17/2021,20,21,Wind,5952
4/15/2025,20,21,Wind,9714
6/20/2023,20,21,Wind,1917
2/20/2021,17,18,Wind,12274
5/25/2022,19,20,Wind,8041
12/27/2021,8,9,Wind,7212
10/20/2024,1,2,Wind,3018
5/14/2025,21,22,Wind,6080
2/20/2022,12,13,Wind,17314
4/18/2021,1,2,Wind,4779
1/30/2024,0,1,Wind,8113
2/7/2021,1,2,Wind,5123
10/31/2025,6,7,Wind,9628
7/3/2025,7,8,Wind,4571
5/26/2022,21,22,Wind,4299
4/9/2024,5,6,Wind,9097
8/13/2020,14,15,Wind,4931
10/31/2024,19,20,Wind,1060
4/25/2025,14,15,Solar,10245
12/11/2024,13,14,Wind,7435
5/20/2022,7,8,Wind,3605
5/31/2020,11,12,Wind,8533
12/21/2024,7,8,Wind,7750
11/1/2022,9,10,Wind,11756
6/12/2022,3,4,Wind,3211
1/3/2022,18,19,Wind,7791
8/13/2025,18,19,Wind,3943
7/6/2021,5,6,Wind,9578
10/12/2025,13,14,Solar,12629
6/7/2024,21,22,Wind,1472
12/9/2022,12,13,Wind,3667
3/15/2021,20,21,Wind,5856
2/8/2023,13,14,Solar,6888
7/9/2022,10,11,Solar,5963
3/2/2025,15,16,Solar,9877
7/16/2023,6,7,Wind,5414
1/6/2022,9,10,Wind,2549
8/29/2022,9,10,Wind,4856
4/21/2025,2,3,Wind,4052
8/14/2025,2,3,Wind,2821
11/2/2023,17,18,Wind,15676
5/2/2024,10,11,Wind,9667
8/3/2023,10,11,Wind,12494
3/5/2020,0,1,Wind,5038
1/6/2024,19,20,Wind,8024
5/19/2022,6,7,Wind,3839
1/28/2024,8,9,Wind,9911
1/23/2021,9,10,Wind,6788
1/5/2024,3,4,Wind,11144
3/29/2020,17,18,Wind,13938
11/13/2020,14,15,Wind,5605
8/30/2025,4,5,Wind,4869
8/17/2022,19,20,Wind,2033
5/31/2022,8,9,Solar,1676
10/18/2022,9,10,Wind,3002
12/3/2020,8,9,Wind,5211
1/11/2022,13,14,Solar,5143
2/24/2022,3,4,Wind,4329
9/2/2021,9,10,Wind,5745
9/10/2020,0,1,Wind,1794
5/2/2022,11,12,Solar,6127
3/8/2025,5,6,Wind,10697
10/16/2024,1,2,Wind,11010
7/17/2025,20,21,Wind,1801
12/1/2023,10,11,Wind,3234
11/12/2023,14,15,Wind,9888
9/3/2023,18,19,Wind,6935
1/17/2022,15,16,Solar,2716
4/26/2023,8,9,Wind,2693
4/1/2021,17,18,Wind,6463
5/28/2023,9,10,Solar,5108
3/27/2022,14,15,Solar,6871
4/13/2025,2,3,Wind,9132
10/18/2021,21,22,Wind,4845
9/9/2022,22,23,Wind,5803
11/14/2025,6,7,Wind,12793
2/27/2020,3,4,Wind,5876
7/7/2020,13,14,Solar,5278
12/18/2023,15,16,Wind,3980
9/28/2023,1,2,Wind,4548
6/28/2024,7,8,Wind,2990
10/20/2020,5,6,Wind,9659
4/27/2021,3,4,Wind,4738
4/6/2024,15,16,Wind,8363
4/28/2021,16,17,Wind,4670
10/2/2025,17,18,Solar,4982
9/14/2020,14,15,Solar,5167
6/24/2023,6,7,Wind,2771
10/21/2020,11,12,Wind,15183
8/1/2025,17,18,Wind,11333
2/23/2022,23,0,Wind,3212
7/24/2021,12,13,Solar,5662
12/10/2023,4,5,Wind,14688
4/19/2020,5,6,Wind,2422
4/24/2021,3,4,Wind,7172
4/21/2020,9,10,Wind,5012
10/12/2023,16,17,Wind,8100
11/16/2025,2,3,Wind,2155
1/7/2022,13,14,Wind,12803
11/16/2023,5,6,Wind,4723
6/18/2020,1,2,Wind,1643
8/3/2024,6,7,Wind,2972
6/24/2024,8,9,Solar,4072
5/18/2023,16,17,Wind,9570
4/24/2020,17,18,Solar,3015
9/19/2024,23,0,Wind,8303
12/18/2021,18,19,Wind,6095
8/9/2024,8,9,Wind,6545
1/31/2025,14,15,Wind,9041
3/28/2021,15,16,Solar,6562
6/8/2024,20,21,Wind,3640
10/16/2024,19,20,Wind,10396
3/3/2020,13,14,Wind,2627
11/21/2024,22,23,Wind,6234
12/6/2020,7,8,Wind,2388
4/21/2022,13,14,Solar,7316
9/1/2023,13,14,Solar,9763
1/29/2023,13,14,Solar,4709
4/27/2022,13,14,Solar,9899
12/6/2023,12,13,Solar,4011
2/11/2023,4,5,Wind,1810
5/23/2021,19,20,Wind,7087
1/13/2023,13,14,Wind,17620
10/21/2020,8,9,Wind,12602
11/11/2021,9,10,Solar,2291
2/28/2023,21,22,Wind,6877
3/10/2023,12,13,Wind,20267
11/15/2021,1,2,Wind,3350
8/27/2022,13,14,Solar,7247
9/26/2025,19,20,Wind,408
10/18/2025,11,12,Solar,10166
9/4/2022,6,7,Wind,2242
5/14/2020,22,23,Wind,8480
11/20/2021,21,22,Wind,256
3/19/2022,2,3,Wind,11653
7/27/2023,19,20,Wind,7081
9/29/2022,16,17,Solar,3391
10/30/2020,20,21,Wind,2316
1/18/2020,17,18,Wind,1821
11/18/2023,8,9,Wind,10478
4/28/2025,19,20,Wind,4874
8/25/2022,1,2,Wind,2568
1/29/2020,10,11,Wind,8131
2/28/2024,4,5,Wind,2938
8/14/2021,7,8,Wind,1499
2/1/2025,4,5,Wind,3300
1/8/2025,17,18,Wind,15551
7/19/2020,5,6,Wind,717
4/15/2024,1,2,Wind,2526
10/7/2020,3,4,Wind,8655
5/13/2021,9,10,Wind,6445
8/21/2024,6,7,Wind,3751
1/9/2023,11,12,Wind,16471
7/12/2021,12,13,Solar,4206
7/17/2021,3,4,Wind,2660
2/8/2021,14,15,Wind,2189
12/21/2024,17,18,Wind,17785
8/11/2023,18,19,Solar,4743
10/26/2025,4,5,Wind,9938
10/17/2020,19,20,Wind,554
11/11/2025,6,7,Wind,7784
4/25/2021,4,5,Wind,8220
8/13/2022,22,23,Wind,3130
10/23/2023,5,6,Wind,5937
6/8/2021,0,1,Wind,1392
2/7/2021,14,15,Wind,6165
5/12/2025,16,17,Solar,4127
1/20/2024,1,2,Wind,3446
4/5/2022,15,16,Wind,10520
6/9/2023,14,15,Solar,7100
4/5/2025,23,0,Wind,9012
11/22/2025,14,15,Wind,12287
7/22/2025,17,18,Wind,11630
11/5/2022,2,3,Wind,3089
9/17/2021,3,4,Wind,696
10/13/2020,14,15,Wind,6661
4/8/2025,21,22,Wind,4246
3/8/2025,8,9,Wind,12302
10/14/2025,3,4,Wind,6169
12/7/2022,3,4,Wind,2533
5/29/2020,8,9,Wind,4079
10/4/2021,11,12,Wind,6850
12/15/2024,11,12,Wind,9368
4/26/2025,3,4,Wind,5053
8/19/2020,23,0,Wind,4393
1/17/2022,21,22,Wind,1708
7/2/2021,6,7,Wind,434
4/9/2024,19,20,Wind,12447
11/10/2022,23,0,Wind,3646
2/12/2023,19,20,Wind,3488
7/13/2022,18,19,Solar,4749
4/24/2025,13,14,Solar,9198
12/20/2021,17,18,Wind,3168
5/29/2024,7,8,Wind,6284
2/3/2024,23,0,Wind,5376
9/1/2021,18,19,Wind,7759
8/19/2023,22,23,Wind,1054
9/22/2022,0,1,Wind,2751
1/18/2020,14,15,Solar,2528
4/8/2021,0,1,Wind,851
10/5/2023,9,10,Solar,3037
8/31/2022,3,4,Wind,2669
3/12/2022,18,19,Wind,8732
7/20/2022,23,0,Wind,1815
4/29/2023,19,20,Wind,2892
7/30/2022,2,3,Wind,1439
5/13/2021,22,23,Wind,2605
10/16/2021,21,22,Wind,1291
10/15/2020,7,8,Wind,3910
6/6/2023,12,13,Solar,8646
8/8/2025,5,6,Wind,1437
7/26/2025,10,11,Solar,7998
2/20/2022,2,3,Wind,11206
11/28/2025,2,3,Wind,8628
6/28/2021,13,14,Solar,3922
9/19/2021,3,4,Wind,3519
9/28/2023,19,20,Wind,2552
5/13/2024,14,15,Solar,6831
5/18/2021,2,3,Wind,5406
8/1/2024,16,17,Solar,8661
9/12/2024,2,3,Wind,4472
2/5/2022,0,1,Wind,5210
8/15/2021,7,8,Wind,1301
7/31/2025,6,7,Wind,2301
1/27/2021,16,17,Wind,4041
11/9/2022,4,5,Wind,8537
12/22/2020,2,3,Wind,12189
12/8/2023,0,1,Wind,7878
11/10/2021,15,16,Solar,1760
5/11/2021,10,11,Wind,4076
2/15/2022,14,15,Wind,13683
4/8/2020,7,8,Wind,2012
4/10/2021,0,1,Wind,4391
6/7/2021,2,3,Wind,1350
5/13/2021,0,1,Wind,4479
3/8/2021,20,21,Wind,2882
11/6/2020,8,9,Wind,6743
3/16/2025,0,1,Wind,10187
9/26/2020,13,14,Wind,12730
11/23/2025,12,13,Wind,15669
3/24/2023,17,18,Wind,15698
1/22/2022,12,13,Solar,5027
2/8/2022,22,23,Wind,2415
4/27/2024,0,1,Wind,4743
1/24/2024,7,8,Wind,16218
9/20/2022,19,20,Wind,2499
7/19/2024,16,17,Solar,7392
11/13/2025,8,9,Wind,10392
2/13/2022,14,15,Wind,16782
1/22/2022,0,1,Wind,3190
12/19/2024,10,11,Wind,17216
1/18/2020,9,10,Wind,3050
2/6/2025,13,14,Wind,13224
3/8/2021,13,14,Solar,4523
1/20/2020,22,23,Wind,4934
8/29/2020,1,2,Wind,3457
9/17/2024,15,16,Wind,17409
5/15/2023,19,20,Wind,9747
4/26/2023,14,15,Solar,4918
8/7/2022,2,3,Wind,7089
11/18/2021,3,4,Wind,1529
7/28/2022,15,16,Solar,5339
9/29/2024,4,5,Wind,3181
7/27/2025,8,9,Wind,3635
12/7/2022,17,18,Wind,1713
6/4/2022,0,1,Wind,3214
4/11/2022,18,19,Wind,7879
7/18/2025,10,11,Solar,6389
10/28/2025,4,5,Wind,11636
1/15/2024,12,13,Wind,6809
3/7/2021,13,14,Solar,3169
1/10/2024,19,20,Wind,3793
5/8/2024,0,1,Wind,6559
9/28/2024,4,5,Wind,6407
5/25/2021,6,7,Wind,9546
8/2/2021,6,7,Wind,1153
6/13/2025,4,5,Wind,2021
6/10/2022,13,14,Solar,8508
1/10/2025,14,15,Wind,4286
7/20/2023,12,13,Solar,6951
2/28/2020,13,14,Wind,11014
6/18/2024,12,13,Solar,7785
1/31/2024,20,21,Wind,6085
1/27/2023,23,0,Wind,6094
8/15/2020,11,12,Solar,3086
10/4/2022,4,5,Wind,988
1/29/2024,23,0,Wind,8472
4/12/2022,6,7,Wind,7935
1/11/2022,23,0,Wind,2090
5/11/2025,16,17,Wind,4808
10/14/2023,4,5,Wind,10187
10/1/2021,23,0,Wind,3707
10/4/2024,22,23,Wind,2835
12/31/2024,11,12,Wind,7306
3/23/2020,16,17,Wind,7482
2/25/2022,2,3,Wind,7548
2/11/2022,16,17,Solar,3615
7/1/2025,13,14,Solar,9839
9/10/2021,3,4,Wind,2131
11/20/2024,9,10,Wind,6181
9/13/2021,3,4,Wind,2426
2/14/2025,11,12,Solar,9119
9/30/2023,2,3,Wind,547
7/3/2020,13,14,Wind,6832
12/16/2022,4,5,Wind,5658
6/29/2025,12,13,Solar,4495
3/21/2025,6,7,Wind,10695
9/22/2023,15,16,Wind,13602
1/26/2024,22,23,Wind,2003
5/29/2023,23,0,Wind,10422
1/18/2024,19,20,Wind,4652
8/17/2023,21,22,Wind,2474
2/18/2021,13,14,Wind,11280
11/28/2025,16,17,Wind,7122
6/5/2025,11,12,Wind,9135
7/5/2025,19,20,Wind,7083
8/30/2023,20,21,Wind,4070
1/24/2020,14,15,Solar,1733
1/30/2021,11,12,Wind,8960
1/26/2021,10,11,Wind,5086
7/22/2020,22,23,Wind,2730
9/10/2025,10,11,Solar,8381
5/20/2021,11,12,Solar,7459
8/30/2020,16,17,Wind,6972
4/30/2021,4,5,Wind,1497
7/20/2024,2,3,Wind,1366
6/25/2024,2,3,Wind,4860
6/16/2020,3,4,Wind,1572
3/20/2025,22,23,Wind,7815
10/8/2021,7,8,Wind,3732
3/11/2023,20,21,Wind,4561
1/9/2022,5,6,Wind,11382
12/15/2023,10,11,Solar,2984
12/2/2023,20,21,Wind,2993
4/12/2020,14,15,Solar,4478
1/16/2021,6,7,Wind,2609
11/7/2020,5,6,Wind,6495
1/16/2025,7,8,Wind,5370
12/11/2023,5,6,Wind,13313
3/26/2025,0,1,Wind,2924
3/9/2025,14,15,Wind,6097
1/31/2021,11,12,Wind,3917
1/18/2023,12,13,Wind,5795
8/11/2022,22,23,Wind,5915
10/17/2020,5,6,Wind,823
11/6/2023,15,16,Wind,11710
1/31/2020,15,16,Wind,7383
11/22/2022,2,3,Wind,12118
1/14/2020,21,22,Wind,12686
6/5/2024,22,23,Wind,1825
5/24/2020,17,18,Solar,4591
10/17/2025,8,9,Wind,5063
12/1/2023,18,19,Wind,5670
11/30/2023,9,10,Wind,2294
5/28/2023,21,22,Wind,8135
8/6/2025,18,19,Solar,4823
9/3/2022,3,4,Wind,1584
5/12/2024,21,22,Wind,2710
8/25/2022,2,3,Wind,2157
7/9/2024,19,20,Wind,5041
10/28/2023,13,14,Wind,17291
12/26/2021,23,0,Wind,3943
4/26/2023,19,20,Wind,1227
8/12/2020,23,0,Wind,2887
6/8/2024,7,8,Wind,2653
10/30/2020,1,2,Wind,7672
4/10/2024,13,14,Solar,9317
1/22/2020,4,5,Wind,3220
6/26/2025,19,20,Wind,9162
9/25/2023,6,7,Wind,2754
10/2/2021,8,9,Wind,4880
5/21/2021,21,22,Wind,11117
5/21/2021,4,5,Wind,9502
6/7/2020,21,22,Wind,1627
9/6/2023,18,19,Solar,2948
4/27/2023,3,4,Wind,1219
3/14/2020,13,14,Wind,7209
2/27/2024,19,20,Wind,6228
9/19/2020,13,14,Solar,4468
4/1/2022,16,17,Wind,15285
3/16/2023,2,3,Wind,6637
9/22/2025,16,17,Wind,8440
11/24/2020,19,20,Wind,6160
11/10/2020,8,9,Wind,672
12/5/2023,23,0,Wind,4052
4/21/2023,23,0,Wind,3321
2/26/2021,22,23,Wind,5705
1/16/2025,11,12,Wind,7756
11/29/2022,6,7,Wind,1649
12/1/2024,13,14,Wind,10231
5/1/2022,2,3,Wind,3175
5/13/2021,5,6,Wind,5102
7/31/2023,14,15,Wind,18635
10/25/2024,14,15,Solar,5922
9/25/2022,14,15,Solar,6087
3/25/2025,14,15,Solar,7289
1/5/2021,18,19,Wind,1973
9/25/2021,0,1,Wind,1010
6/27/2023,8,9,Solar,3093
9/12/2021,6,7,Wind,797
9/13/2024,7,8,Wind,4812
7/14/2023,3,4,Wind,547
12/22/2024,3,4,Wind,18787
12/22/2024,23,0,Wind,16227
10/18/2020,11,12,Solar,3259
5/4/2021,8,9,Wind,13750
7/24/2021,4,5,Wind,4791
3/18/2021,14,15,Wind,5839
7/8/2025,8,9,Wind,6696
4/30/2025,11,12,Solar,9156
7/27/2021,21,22,Wind,3168
6/11/2020,17,18,Wind,5028
7/18/2024,12,13,Solar,8281
1/1/2025,21,22,Wind,14963
5/16/2023,4,5,Wind,7536
11/16/2025,23,0,Wind,5090
5/2/2023,3,4,Wind,3235
10/29/2022,14,15,Wind,8339
5/12/2021,9,10,Solar,2820
12/8/2023,9,10,Wind,4446
1/2/2022,0,1,Wind,5445
1/6/2025,16,17,Wind,17822
5/22/2022,0,1,Wind,2793
6/15/2022,1,2,Wind,4126
4/6/2023,14,15,Wind,11427
9/15/2024,0,1,Wind,3840
4/8/2023,5,6,Wind,3512
3/26/2021,0,1,Wind,2924
1/4/2020,4,5,Wind,3266
8/25/2025,7,8,Wind,2945
5/18/2020,10,11,Solar,4062
11/18/2024,1,2,Wind,8644
3/15/2025,3,4,Wind,10081
7/10/2023,6,7,Wind,749
9/7/2024,22,23,Wind,3605
7/2/2022,15,16,Solar,6897
3/14/2020,19,20,Wind,3134
4/23/2020,19,20,Solar,824
1/29/2025,8,9,Wind,13112
1/26/2024,7,8,Wind,12588
8/12/2025,23,0,Wind,1049
3/20/2020,14,15,Wind,7648
12/11/2022,8,9,Wind,2254
10/13/2021,11,12,Solar,4854
11/5/2024,5,6,Wind,1674
9/18/2024,17,18,Wind,14521
1/10/2020,20,21,Wind,1558
6/16/2023,2,3,Wind,2330
6/15/2023,15,16,Solar,7754
8/8/2022,3,4,Wind,6072
7/30/2022,5,6,Wind,902
10/8/2020,19,20,Wind,7127
9/30/2020,9,10,Wind,2517
11/9/2022,0,1,Wind,9942
5/23/2020,9,10,Wind,4797
4/19/2023,1,2,Wind,7997
9/21/2020,18,19,Wind,888
4/20/2023,17,18,Wind,7921
7/7/2021,18,19,Wind,3466
1/8/2023,16,17,Wind,11145
3/3/2025,17,18,Wind,2963
6/29/2024,1,2,Wind,4092
3/10/2021,5,6,Wind,2969
12/2/2020,11,12,Wind,3015
12/16/2022,1,2,Wind,6354
1/15/2021,19,20,Wind,2717
12/2/2022,11,12,Wind,2745
12/16/2024,19,20,Wind,3164
10/14/2020,0,1,Wind,2018
8/29/2021,16,17,Wind,7543
11/22/2024,13,14,Wind,16386
3/23/2023,8,9,Wind,12237
5/13/2023,23,0,Wind,5812
2/25/2022,18,19,Wind,3550
10/17/2020,20,21,Wind,625
2/4/2024,14,15,Wind,10856
5/14/2025,13,14,Solar,4558
10/4/2022,12,13,Solar,5982
10/18/2020,14,15,Solar,3881
5/31/2020,0,1,Wind,5688
4/19/2021,15,16,Solar,4504
8/11/2021,0,1,Wind,647
2/17/2023,0,1,Wind,7540
10/6/2023,9,10,Solar,3802
4/6/2021,20,21,Wind,5819
5/2/2023,8,9,Solar,3648
9/8/2025,3,4,Wind,2384
4/4/2020,8,9,Wind,2989
3/13/2023,14,15,Wind,18710
6/8/2020,21,22,Wind,3865
4/16/2025,1,2,Wind,5633
3/19/2025,15,16,Wind,11296
12/29/2022,12,13,Wind,13942
3/16/2024,11,12,Solar,7993
1/29/2023,10,11,Solar,2890
6/30/2021,6,7,Wind,2095
8/6/2024,7,8,Wind,1463
3/8/2020,7,8,Wind,9809
8/31/2024,12,13,Solar,8353
4/20/2023,8,9,Wind,7599
10/29/2020,17,18,Wind,6611
1/21/2025,22,23,Wind,6958
2/17/2023,20,21,Wind,7175
10/21/2024,6,7,Wind,3853
8/24/2020,4,5,Wind,1813
5/25/2024,15,16,Solar,7169
9/22/2020,20,21,Wind,1549
2/5/2023,14,15,Wind,13787
2/17/2024,5,6,Wind,2438
1/20/2025,10,11,Wind,2887
6/12/2021,19,20,Wind,2973
9/9/2025,0,1,Wind,2454
3/25/2025,23,0,Wind,3267
4/17/2021,18,19,Wind,7013
8/22/2023,21,22,Wind,2173
5/18/2023,22,23,Wind,6054
4/11/2024,21,22,Wind,1174
10/9/2023,1,2,Wind,1159
1/10/2020,6,7,Wind,7579
10/18/2022,11,12,Solar,5088
1/4/2022,14,15,Wind,5941
4/22/2021,12,13,Solar,8368
8/4/2021,16,17,Solar,3531
6/16/2024,0,1,Wind,8152
2/25/2020,13,14,Wind,12118
6/14/2024,5,6,Wind,7031
7/21/2020,14,15,Solar,5891
3/13/2025,17,18,Wind,3662
3/11/2021,11,12,Wind,15750
10/10/2022,13,14,Solar,5312
10/20/2022,5,6,Wind,5478
8/5/2024,12,13,Solar,8358
7/12/2021,0,1,Wind,2435
1/12/2024,14,15,Wind,6694
3/18/2023,6,7,Wind,7054
5/13/2020,14,15,Wind,7957
9/30/2023,16,17,Solar,5200
2/5/2025,17,18,Wind,2583
9/19/2023,14,15,Wind,10341
2/2/2024,0,1,Wind,2260
11/17/2021,5,6,Wind,1957
10/1/2023,13,14,Solar,4581
6/24/2021,18,19,Solar,3658
7/27/2022,11,12,Solar,6815
4/12/2024,21,22,Wind,939
8/22/2020,12,13,Wind,11094
11/12/2022,5,6,Wind,3769
7/21/2022,20,21,Wind,1574
9/8/2023,21,22,Wind,1554
5/31/2024,10,11,Wind,10050
1/19/2020,4,5,Wind,4998
6/25/2021,7,8,Wind,1787
2/7/2020,3,4,Wind,5494
3/15/2021,18,19,Wind,7372
5/13/2025,15,16,Solar,3863
4/27/2022,9,10,Wind,5614
6/18/2021,11,12,Wind,6927
3/15/2024,18,19,Wind,11274
12/29/2024,19,20,Wind,541
12/24/2023,20,21,Wind,10213
6/28/2022,18,19,Solar,4992
9/5/2023,8,9,Wind,6596
9/1/2022,9,10,Solar,3556
8/16/2022,22,23,Wind,1494
4/23/2024,6,7,Wind,4518
3/19/2022,9,10,Wind,10970
4/22/2024,3,4,Wind,7378
9/30/2025,18,19,Wind,3305
10/4/2022,0,1,Wind,1565
8/28/2024,8,9,Wind,4269
3/11/2025,1,2,Wind,1454
7/19/2023,11,12,Solar,8862
1/28/2023,8,9,Wind,5921
6/14/2022,2,3,Wind,4735
8/16/2020,3,4,Wind,1256
4/18/2023,5,6,Wind,6470
8/30/2020,2,3,Wind,2802
6/3/2025,21,22,Wind,4656
6/13/2024,19,20,Wind,5847
8/26/2022,23,0,Wind,3321
5/5/2020,23,0,Wind,2773
4/27/2020,13,14,Solar,3089
4/28/2020,6,7,Wind,3698
9/13/2022,18,19,Wind,3807
11/20/2025,15,16,Wind,5905
3/14/2025,8,9,Wind,3380
10/13/2021,16,17,Solar,4842
8/7/2024,4,5,Wind,1433
12/24/2021,23,0,Wind,3052
6/21/2020,5,6,Wind,2554
7/31/2023,23,0,Wind,10874
2/7/2020,14,15,Wind,5386
2/3/2025,11,12,Solar,5983
6/24/2020,18,19,Wind,4258
2/2/2023,20,21,Wind,6733
1/23/2023,16,17,Wind,8749
12/14/2023,17,18,Wind,3583
9/21/2025,5,6,Wind,4374
3/15/2021,11,12,Wind,10812
11/22/2020,20,21,Wind,925
2/22/2020,19,20,Wind,8470
6/17/2025,23,0,Wind,3347
8/5/2022,5,6,Wind,2607
10/14/2020,17,18,Wind,6263
2/26/2025,12,13,Wind,15050
6/21/2025,0,1,Wind,4743
6/5/2020,13,14,Wind,14060
10/27/2020,18,19,Wind,11411
6/4/2020,17,18,Wind,5749
9/4/2024,3,4,Wind,798
1/19/2021,10,11,Wind,12386
10/23/2025,4,5,Wind,11928
3/30/2025,9,10,Wind,6357
4/6/2020,15,16,Wind,5353
3/31/2023,14,15,Wind,21589
3/31/2020,5,6,Wind,6377
5/23/2020,3,4,Wind,1673
2/11/2022,6,7,Wind,3510
1/23/2025,21,22,Wind,16773
11/9/2021,11,12,Solar,4387
10/26/2025,0,1,Wind,10464
12/9/2024,0,1,Wind,14088
6/10/2024,1,2,Wind,5131
4/10/2020,9,10,Solar,3344
10/31/2021,1,2,Wind,4378
11/20/2020,12,13,Solar,4045
9/25/2025,11,12,Solar,6701
12/12/2021,13,14,Wind,5288
1/13/2022,19,20,Wind,3069
1/12/2025,23,0,Wind,4835
12/6/2023,22,23,Wind,2647
1/16/2021,2,3,Wind,1799
1/3/2020,6,7,Wind,8817
9/1/2025,21,22,Wind,5057
10/18/2021,11,12,Solar,5076
5/7/2022,23,0,Wind,4532
6/16/2022,14,15,Solar,6428
10/23/2022,23,0,Wind,13466
7/8/2024,17,18,Solar,7115
3/23/2022,7,8,Wind,3526
9/23/2024,14,15,Solar,9458
12/26/2020,21,22,Wind,11446
5/12/2023,7,8,Wind,3360
9/6/2021,0,1,Wind,1817
1/19/2024,10,11,Solar,3115
4/13/2020,15,16,Wind,11013
2/10/2021,23,0,Wind,3960
2/4/2020,19,20,Wind,8718
12/11/2020,15,16,Wind,6300
12/22/2022,8,9,Wind,12425
1/4/2020,20,21,Wind,2808
8/2/2024,2,3,Wind,1432
5/29/2020,20,21,Wind,4294
5/4/2021,19,20,Wind,10640
4/14/2021,0,1,Wind,4370
3/15/2022,8,9,Wind,4813
11/7/2023,0,1,Wind,7909
2/28/2020,5,6,Wind,2660
7/15/2023,16,17,Wind,10085
8/12/2025,9,10,Solar,6220
6/16/2022,5,6,Wind,1497
2/3/2025,17,18,Wind,1611
11/16/2023,4,5,Wind,3875
3/6/2025,3,4,Wind,7274
3/26/2021,23,0,Wind,9140
11/21/2025,11,12,Wind,8584
3/27/2020,10,11,Solar,4295
10/13/2023,7,8,Wind,12357
10/14/2022,23,0,Wind,6926
11/13/2022,11,12,Solar,4217
5/14/2020,10,11,Wind,10073
6/19/2024,11,12,Wind,9445
1/5/2022,11,12,Wind,7302
7/28/2021,8,9,Wind,3851
7/15/2023,17,18,Wind,14187
10/26/2024,10,11,Wind,2823
3/6/2023,13,14,Solar,6220
12/4/2020,19,20,Wind,4944
8/25/2020,10,11,Wind,8081
9/2/2024,22,23,Wind,641
8/10/2023,4,5,Wind,2594
8/7/2025,5,6,Wind,1015
4/1/2021,23,0,Wind,7740
2/20/2024,16,17,Wind,6371
2/22/2024,21,22,Wind,16997
2/14/2023,10,11,Solar,5994
6/20/2020,19,20,Wind,2174
5/25/2025,20,21,Wind,9778
2/11/2024,15,16,Wind,15331
9/9/2024,6,7,Wind,8239
8/8/2020,19,20,Solar,1256
4/9/2025,2,3,Wind,4689
4/6/2021,21,22,Wind,4806
2/14/2025,2,3,Wind,4219
9/12/2021,11,12,Solar,4404
4/10/2021,10,11,Wind,5953
8/1/2025,11,12,Solar,9032
4/19/2023,16,17,Solar,10069
1/21/2024,8,9,Wind,12404
4/6/2024,9,10,Wind,16321
4/29/2021,2,3,Wind,2471
12/2/2020,7,8,Wind,3088
11/28/2021,0,1,Wind,8670
3/11/2023,18,19,Wind,3908
6/4/2024,13,14,Solar,8950
4/17/2022,0,1,Wind,7886
5/6/2025,0,1,Wind,10727
9/12/2024,3,4,Wind,4188
12/26/2020,23,0,Wind,12204
5/6/2022,15,16,Solar,6472
11/24/2023,19,20,Wind,10477
1/17/2025,17,18,Wind,861
7/28/2022,8,9,Solar,2500
10/15/2023,8,9,Wind,3908
3/17/2021,12,13,Wind,11247
10/3/2025,10,11,Wind,7978
6/4/2020,2,3,Wind,2830
7/29/2025,3,4,Wind,2839
3/28/2024,20,21,Wind,15521
4/4/2022,14,15,Wind,15076
10/15/2020,10,11,Wind,5196
5/30/2020,15,16,Solar,6710
4/1/2020,8,9,Wind,4222
10/18/2023,22,23,Wind,12351
6/7/2020,3,4,Wind,2766
10/10/2025,7,8,Wind,2536
12/18/2024,3,4,Wind,13116
3/7/2023,8,9,Wind,7061
5/20/2021,22,23,Wind,9069
4/8/2022,11,12,Wind,9083
4/6/2021,0,1,Wind,4549
12/6/2020,21,22,Wind,1662
6/10/2023,20,21,Wind,1747
5/23/2023,3,4,Wind,4394
4/13/2024,11,12,Solar,4281
10/1/2023,16,17,Solar,5635
11/29/2021,14,15,Wind,4402
5/22/2022,14,15,Solar,5753
1/9/2023,3,4,Wind,15487
7/18/2025,19,20,Solar,3617
10/10/2022,16,17,Wind,4363
4/22/2022,10,11,Solar,5407
4/26/2025,7,8,Wind,4323
11/18/2021,15,16,Solar,2705
4/23/2022,12,13,Wind,7590
5/21/2022,16,17,Solar,5160
10/3/2025,2,3,Wind,5560
8/28/2023,13,14,Solar,7961
1/28/2020,16,17,Wind,11897
5/23/2020,8,9,Wind,4079
7/29/2020,14,15,Solar,3995
8/4/2024,12,13,Solar,7542
9/29/2021,18,19,Wind,6196
8/29/2024,9,10,Solar,4187
7/22/2022,20,21,Wind,2407
5/10/2021,19,20,Wind,3236
5/21/2024,0,1,Wind,2868
9/6/2024,11,12,Solar,5349
3/16/2023,8,9,Wind,9438
7/13/2023,10,11,Solar,6890
11/15/2024,8,9,Wind,2684
7/12/2020,0,1,Wind,4962
4/6/2021,2,3,Wind,5120
9/24/2025,12,13,Wind,10716
11/18/2022,21,22,Wind,3230
4/16/2020,22,23,Wind,1773
4/5/2022,23,0,Wind,6029
8/22/2025,21,22,Wind,2688
2/25/2022,14,15,Wind,9622
5/19/2023,19,20,Wind,6972
9/4/2022,4,5,Wind,2059
1/14/2025,16,17,Solar,2442
3/10/2020,21,22,Wind,11187
12/13/2021,21,22,Wind,1571
2/8/2021,19,20,Wind,2059
9/16/2020,18,19,Wind,4646
9/7/2020,10,11,Solar,3920
10/12/2024,20,21,Wind,7029
9/30/2023,21,22,Wind,906
11/8/2022,7,8,Wind,13656
10/16/2024,15,16,Wind,12056
3/21/2022,17,18,Wind,4620
9/17/2025,10,11,Solar,8661
9/22/2020,8,9,Wind,585
12/5/2023,22,23,Wind,4751
2/23/2023,3,4,Wind,1074
9/18/2020,4,5,Wind,6154
8/12/2023,6,7,Wind,1480
8/28/2024,18,19,Wind,5763
6/1/2022,14,15,Solar,6895
9/28/2024,21,22,Wind,914
2/11/2020,1,2,Wind,12649
7/29/2021,7,8,Wind,3667
12/13/2023,18,19,Wind,7837
5/24/2023,20,21,Wind,7497
2/18/2021,17,18,Wind,9311
3/5/2025,9,10,Solar,7212
2/27/2025,18,19,Wind,4003
7/28/2023,9,10,Wind,5928
6/18/2022,16,17,Solar,7668
3/26/2022,23,0,Wind,8557
8/12/2023,0,1,Wind,1275
11/9/2023,22,23,Wind,12712
3/24/2024,14,15,Wind,16599
12/8/2021,14,15,Wind,5921
12/14/2024,3,4,Wind,1442
9/19/2022,10,11,Solar,5655
8/28/2022,2,3,Wind,3812
6/28/2024,5,6,Wind,3186
12/22/2022,7,8,Wind,12902
6/16/2022,18,19,Solar,3081
9/29/2022,14,15,Solar,4330
10/19/2023,1,2,Wind,10798
12/31/2023,11,12,Wind,18515
9/14/2025,11,12,Wind,9392
10/30/2021,11,12,Wind,9349
1/1/2021,19,20,Wind,1425
5/2/2022,8,9,Wind,2702
10/28/2023,17,18,Wind,14258
8/3/2021,17,18,Wind,3270
7/10/2022,3,4,Wind,4839
4/28/2025,9,10,Solar,5404
1/5/2025,6,7,Wind,15783
1/31/2020,18,19,Wind,7282
8/9/2023,14,15,Solar,7734
12/12/2022,14,15,Wind,3435
6/9/2025,4,5,Wind,1873
4/16/2020,23,0,Wind,2013
12/7/2021,13,14,Wind,12158
3/8/2025,16,17,Wind,13555
6/8/2023,17,18,Solar,6122
5/22/2021,4,5,Wind,9312
6/29/2025,3,4,Wind,3072
11/29/2022,22,23,Wind,1071
7/23/2025,8,9,Solar,2689
8/26/2024,15,16,Solar,9509
8/9/2024,16,17,Solar,11780
5/16/2022,15,16,Solar,6963
3/1/2021,7,8,Wind,4589
3/10/2025,23,0,Wind,1370
10/11/2022,5,6,Wind,2707
9/27/2024,8,9,Wind,15369
4/2/2022,17,18,Wind,10976
10/12/2024,23,0,Wind,8290
11/28/2023,15,16,Wind,2821
6/12/2025,6,7,Wind,6947
7/1/2020,2,3,Wind,3252
1/20/2022,13,14,Wind,6533
10/5/2022,14,15,Wind,15673
1/21/2022,3,4,Wind,5070
8/11/2023,10,11,Solar,5430
9/4/2023,8,9,Wind,7729
5/25/2025,7,8,Wind,9310
12/11/2020,4,5,Wind,7890
7/7/2023,2,3,Wind,3866
6/14/2023,7,8,Wind,3207
10/2/2020,18,19,Wind,3073
12/31/2020,9,10,Wind,4838
8/8/2025,16,17,Solar,8376
1/2/2022,13,14,Wind,12811
2/28/2023,3,4,Wind,8930
9/27/2021,10,11,Wind,8562
9/18/2023,15,16,Wind,14776
1/27/2025,0,1,Wind,18951
12/11/2021,2,3,Wind,8663
5/3/2021,0,1,Wind,781
1/15/2023,22,23,Wind,14417
7/20/2022,7,8,Wind,2309
5/1/2020,14,15,Wind,8815
9/28/2024,13,14,Solar,8736
11/9/2025,6,7,Wind,2347
1/18/2023,20,21,Wind,5086
4/16/2021,3,4,Wind,5432
7/10/2020,5,6,Wind,3206
3/7/2024,10,11,Solar,10254
12/27/2023,19,20,Wind,16623
2/28/2021,16,17,Wind,7579
3/22/2025,13,14,Wind,9746
5/26/2020,9,10,Solar,3767
6/13/2023,7,8,Wind,3243
4/7/2020,6,7,Wind,2169
9/9/2025,12,13,Solar,8511
12/1/2024,14,15,Wind,9481
11/21/2020,16,17,Wind,2632
3/9/2025,23,0,Wind,2161
2/1/2023,12,13,Wind,11188
3/16/2025,12,13,Wind,12574
8/16/2022,23,0,Wind,1489
7/24/2024,18,19,Solar,4907
10/8/2021,1,2,Wind,3528
9/1/2021,22,23,Wind,6966
4/6/2021,19,20,Wind,7552
6/24/2021,9,10,Solar,3148
9/3/2020,18,19,Wind,3529
6/4/2023,18,19,Wind,7588
2/6/2025,14,15,Wind,13367
4/2/2023,14,15,Wind,12201
1/3/2022,14,15,Wind,11791
9/20/2023,18,19,Wind,10294
7/30/2025,7,8,Wind,1698
11/3/2025,0,1,Wind,7546
4/6/2024,21,22,Wind,9351
7/10/2021,2,3,Wind,345
7/1/2023,0,1,Wind,7413
8/27/2023,12,13,Wind,8873
7/18/2022,7,8,Wind,3978
6/7/2021,11,12,Solar,4355
3/11/2020,20,21,Wind,10029
5/12/2024,16,17,Solar,3703
1/10/2020,9,10,Wind,6776
12/21/2021,11,12,Solar,3572
4/23/2022,5,6,Wind,6090
10/3/2020,7,8,Wind,3331
2/2/2020,4,5,Wind,7968
4/13/2020,18,19,Wind,11443
2/18/2022,2,3,Wind,8034
7/23/2021,0,1,Wind,4087
11/26/2021,20,21,Wind,10635
10/23/2023,21,22,Wind,4301
8/9/2023,2,3,Wind,3277
2/15/2024,23,0,Wind,10820
6/7/2025,7,8,Wind,7646
3/4/2024,15,16,Wind,7130
5/15/2025,11,12,Solar,6848
2/13/2022,20,21,Wind,15083
6/21/2025,11,12,Solar,9347
3/9/2022,9,10,Wind,6074
12/13/2023,12,13,Wind,7647
9/12/2021,8,9,Wind,1451
8/15/2022,8,9,Wind,3458
11/29/2025,3,4,Wind,6318
6/24/2022,10,11,Wind,5472
1/10/2020,23,0,Wind,1537
11/23/2021,3,4,Wind,8484
4/5/2020,12,13,Wind,8392
2/3/2021,18,19,Wind,10639
10/29/2020,7,8,Wind,7293
11/11/2020,19,20,Wind,5774
2/13/2022,6,7,Wind,9347
11/15/2023,18,19,Wind,4867
1/14/2021,12,13,Wind,10297
7/20/2021,18,19,Solar,4128
5/22/2021,8,9,Wind,11778
9/9/2023,18,19,Solar,2748
11/19/2023,17,18,Wind,12597
8/19/2024,22,23,Wind,2712
4/1/2025,18,19,Wind,19436
3/2/2025,23,0,Wind,4887
1/17/2022,7,8,Wind,1452
10/18/2021,9,10,Wind,3701
8/12/2021,13,14,Solar,4221
3/27/2022,23,0,Wind,2329
11/17/2025,7,8,Wind,8218
10/31/2025,11,12,Wind,13615
8/4/2021,18,19,Wind,2904
10/30/2022,21,22,Wind,2253
7/30/2024,8,9,Solar,2686
11/26/2023,5,6,Wind,2384
10/17/2023,0,1,Wind,8478
9/15/2025,4,5,Wind,9643
8/18/2024,17,18,Wind,8367
8/23/2025,1,2,Wind,2481
9/5/2020,17,18,Wind,4696
4/17/2023,3,4,Wind,3385
11/5/2022,3,4,Wind,2791
5/29/2022,20,21,Wind,4128
1/12/2021,12,13,Wind,12490
2/13/2021,8,9,Wind,7990
6/25/2024,0,1,Wind,5463
9/11/2021,13,14,Solar,5588
8/15/2022,19,20,Wind,3225
2/10/2023,8,9,Wind,1541
3/8/2020,3,4,Wind,8612
5/10/2025,23,0,Wind,8375
5/16/2022,4,5,Wind,4773
10/29/2020,1,2,Wind,10215
11/12/2022,1,2,Wind,4317
7/2/2024,19,20,Wind,5455
3/21/2022,0,1,Wind,3992
9/23/2024,18,19,Wind,6406
9/9/2021,7,8,Wind,1856
6/13/2021,6,7,Wind,2413
12/11/2020,14,15,Wind,6645
5/18/2022,10,11,Solar,4887
11/28/2021,16,17,Wind,7293
11/18/2023,13,14,Wind,15251
8/7/2022,13,14,Solar,10953
10/31/2025,10,11,Wind,13356
8/20/2022,3,4,Wind,2442
7/28/2025,23,0,Wind,2989
11/25/2020,8,9,Wind,6232
3/2/2020,16,17,Wind,9004
6/19/2025,17,18,Solar,9997
6/16/2020,10,11,Solar,2847
5/5/2022,18,19,Wind,4773
1/24/2022,5,6,Wind,3152
4/10/2022,4,5,Wind,1159
6/25/2022,9,10,Solar,3517
1/4/2024,3,4,Wind,14378
11/4/2022,18,19,Wind,6204
9/11/2022,9,10,Solar,3065
2/3/2025,15,16,Solar,5030
12/23/2020,4,5,Wind,6510
11/16/2025,9,10,Wind,3904
1/27/2024,7,8,Wind,3182
7/25/2022,20,21,Wind,8397
6/20/2020,23,0,Wind,1426
1/16/2024,14,15,Solar,2836
3/18/2020,5,6,Wind,912
3/10/2020,6,7,Wind,11868
6/10/2020,3,4,Wind,1641
2/2/2020,22,23,Wind,7810
12/16/2022,20,21,Wind,3067
4/29/2024,2,3,Wind,1955
3/31/2020,3,4,Wind,6413
2/14/2024,5,6,Wind,8443
5/30/2024,13,14,Wind,11121
10/29/2022,2,3,Wind,4725
10/1/2025,8,9,Wind,2697
9/17/2022,22,23,Wind,3752
6/20/2022,19,20,Wind,5153
10/17/2020,0,1,Wind,1180
1/23/2025,7,8,Wind,5575
5/26/2022,22,23,Wind,4395
6/7/2020,7,8,Wind,1900
3/16/2025,20,21,Wind,5953
9/28/2020,14,15,Wind,6422
5/13/2025,14,15,Solar,3975
10/6/2024,15,16,Wind,10529
5/26/2021,16,17,Wind,9676
5/6/2023,20,21,Wind,1401
10/10/2020,18,19,Wind,4564
6/18/2022,12,13,Solar,7191
7/18/2023,0,1,Wind,1191
3/15/2021,21,22,Wind,5328
11/15/2024,18,19,Wind,1582
2/23/2020,6,7,Wind,10947
10/14/2024,21,22,Wind,731
1/19/2024,14,15,Solar,4288
12/3/2021,1,2,Wind,2552
2/20/2020,6,7,Wind,6755
9/24/2020,12,13,Wind,9152
1/8/2022,16,17,Wind,15253
7/19/2021,5,6,Wind,4541
6/1/2021,15,16,Solar,6304
4/10/2021,5,6,Wind,3562
1/12/2021,9,10,Wind,13078
6/17/2023,4,5,Wind,893
3/14/2024,12,13,Solar,9953
7/30/2020,18,19,Solar,2588
12/7/2023,19,20,Wind,11616
12/5/2020,14,15,Wind,6382
6/16/2022,12,13,Solar,6807
9/6/2020,19,20,Wind,2002
1/17/2025,1,2,Wind,2337
7/27/2024,4,5,Wind,484
4/23/2025,7,8,Wind,9282
7/2/2021,21,22,Wind,761
5/30/2022,0,1,Wind,4567
9/19/2020,10,11,Wind,3546
4/12/2022,5,6,Wind,7992
3/10/2025,18,19,Wind,749
10/10/2020,14,15,Wind,7237
11/13/2024,5,6,Wind,6598
2/27/2020,22,23,Wind,6021
1/21/2025,21,22,Wind,7036
3/8/2025,15,16,Wind,14806
10/15/2023,21,22,Wind,5164
8/8/2021,7,8,Wind,4708
4/3/2020,9,10,Solar,2778
4/11/2021,10,11,Wind,7157
7/5/2020,13,14,Wind,11252
10/27/2025,22,23,Wind,8513
12/1/2023,22,23,Wind,4845
11/9/2021,13,14,Solar,4642
1/25/2020,18,19,Wind,1541
7/1/2022,17,18,Solar,5623
4/1/2023,12,13,Wind,17592
2/17/2024,8,9,Wind,2567
3/18/2021,0,1,Wind,4446
11/26/2020,0,1,Wind,3078
3/16/2025,2,3,Wind,9153
12/29/2020,10,11,Wind,4715
2/14/2022,15,16,Wind,8457
10/10/2021,10,11,Solar,3224
12/28/2022,22,23,Wind,16048
2/1/2025,17,18,Wind,2067
5/15/2024,23,0,Wind,1891
4/25/2021,12,13,Wind,10647
9/11/2021,9,10,Solar,2694
6/8/2021,13,14,Solar,4944
5/10/2024,13,14,Solar,11358
3/17/2023,3,4,Wind,6971
4/30/2020,12,13,Wind,10827
7/2/2022,7,8,Wind,1821
7/19/2022,12,13,Solar,10151
5/16/2022,10,11,Solar,7588
1/31/2023,21,22,Wind,6119
4/5/2021,18,19,Wind,9721
6/15/2021,14,15,Solar,4881
10/13/2022,19,20,Wind,3752
8/9/2024,17,18,Wind,11115
12/14/2020,23,0,Wind,6175
7/17/2020,8,9,Wind,2074
5/17/2022,14,15,Solar,7524
3/16/2024,5,6,Wind,6169
9/1/2023,11,12,Solar,10057
5/6/2021,9,10,Wind,4709
4/3/2020,15,16,Solar,4672
3/22/2025,2,3,Wind,9814
5/19/2024,8,9,Solar,2111
4/5/2024,22,23,Wind,8341
6/17/2024,18,19,Solar,4536
1/13/2020,23,0,Wind,12067
4/9/2023,4,5,Wind,3277
7/13/2025,11,12,Solar,8642
10/21/2020,1,2,Wind,8525
9/2/2021,21,22,Wind,5182
8/9/2024,14,15,Solar,7776
11/4/2023,21,22,Wind,15364
12/10/2020,23,0,Wind,7155
3/26/2021,4,5,Wind,3310
5/5/2023,8,9,Wind,3564
7/29/2022,22,23,Wind,2221
11/7/2022,9,10,Wind,13020
2/24/2024,5,6,Wind,7647
8/11/2022,18,19,Wind,5645
7/6/2023,2,3,Wind,1216
2/10/2021,0,1,Wind,8028
12/16/2023,0,1,Wind,2079
12/25/2024,7,8,Wind,1456
9/14/2024,18,19,Wind,5204
4/10/2025,15,16,Solar,7062
11/4/2021,10,11,Wind,4756
1/22/2023,18,19,Wind,3778
3/2/2025,4,5,Wind,9188
1/25/2023,14,15,Solar,2569
9/10/2020,20,21,Wind,1520
7/27/2025,10,11,Solar,6833
1/10/2025,22,23,Wind,2750
11/24/2023,0,1,Wind,8408
4/6/2020,22,23,Wind,966
7/22/2024,9,10,Solar,6427
3/12/2021,10,11,Wind,13843
10/7/2020,11,12,Wind,7758
1/6/2022,22,23,Wind,8061
10/8/2024,21,22,Wind,13480
3/21/2022,1,2,Wind,3843
11/11/2022,20,21,Wind,4636
9/6/2022,9,10,Solar,3950
8/17/2024,17,18,Solar,4697
9/18/2022,4,5,Wind,2468
11/7/2024,23,0,Wind,3132
3/18/2020,9,10,Solar,2451
3/22/2021,17,18,Wind,4096
10/11/2020,9,10,Wind,3648
7/12/2022,8,9,Solar,2983
11/20/2021,19,20,Wind,236
10/21/2024,17,18,Wind,5157
7/20/2025,10,11,Wind,8828
8/26/2021,1,2,Wind,3657
8/19/2023,14,15,Solar,8401
4/6/2020,19,20,Wind,1385
12/16/2021,10,11,Wind,4476
2/16/2023,17,18,Wind,7058
8/24/2022,1,2,Wind,761
12/24/2022,12,13,Wind,6293
11/17/2020,3,4,Wind,4521
5/7/2025,11,12,Solar,11797
5/7/2020,5,6,Wind,2084
11/14/2023,7,8,Wind,11741
11/5/2022,14,15,Wind,7136
2/22/2023,7,8,Wind,3325
7/26/2020,8,9,Wind,3846
4/1/2025,4,5,Wind,10679
9/2/2020,12,13,Solar,4398
5/6/2021,16,17,Wind,8681
12/29/2023,14,15,Wind,15215
4/15/2024,18,19,Wind,17967
2/18/2023,20,21,Wind,7421
11/13/2020,11,12,Wind,7388
1/19/2021,20,21,Wind,11476
8/11/2023,9,10,Solar,4059
9/13/2020,16,17,Solar,3213
11/27/2024,17,18,Wind,12902
10/23/2020,13,14,Wind,4235
6/15/2023,4,5,Wind,2308
8/27/2025,21,22,Wind,1556
6/24/2025,3,4,Wind,2498
12/25/2021,23,0,Wind,1551
11/30/2024,14,15,Solar,4004
2/20/2025,18,19,Wind,8106
7/18/2024,18,19,Solar,4225
8/25/2024,6,7,Wind,3859
7/9/2023,17,18,Solar,5804
1/20/2023,0,1,Wind,1856
4/21/2022,8,9,Wind,3414
7/10/2025,2,3,Wind,2497
8/1/2020,4,5,Wind,1790
7/25/2025,16,17,Solar,9149
10/15/2025,14,15,Solar,10830
1/27/2023,16,17,Wind,8128
4/6/2021,16,17,Wind,11811
12/18/2021,19,20,Wind,6176
12/30/2024,7,8,Wind,737
4/11/2025,5,6,Wind,3498
10/27/2024,21,22,Wind,354
9/7/2020,5,6,Wind,1634
3/18/2025,9,10,Wind,15078
1/30/2024,23,0,Wind,872
9/2/2025,6,7,Wind,6994
5/25/2021,16,17,Wind,14361
6/9/2021,12,13,Solar,5010
9/2/2022,15,16,Solar,4587
3/11/2022,15,16,Wind,13916
11/11/2021,6,7,Wind,959
5/19/2020,2,3,Wind,4172
8/16/2021,3,4,Wind,3477
9/5/2022,17,18,Wind,6757
6/27/2022,14,15,Solar,7149
12/27/2022,16,17,Wind,5819
9/9/2023,7,8,Wind,2366
12/9/2021,2,3,Wind,5973
6/20/2020,7,8,Wind,878
4/6/2020,4,5,Wind,7748
10/18/2024,2,3,Wind,5599
8/11/2022,7,8,Wind,4509
3/23/2025,7,8,Wind,5083
9/1/2020,23,0,Wind,2409
3/8/2023,23,0,Wind,15283
2/6/2021,1,2,Wind,2397
3/22/2021,21,22,Wind,2801
10/19/2020,7,8,Wind,2726
7/9/2020,14,15,Solar,7338
4/1/2024,11,12,Wind,13534
4/19/2024,22,23,Wind,8252
12/7/2023,20,21,Wind,11086
4/29/2025,11,12,Solar,10040
1/15/2021,7,8,Wind,6251
9/22/2025,1,2,Wind,7693
8/17/2023,2,3,Wind,2308
6/11/2025,3,4,Wind,2243
7/12/2023,1,2,Wind,3524
1/28/2025,18,19,Wind,18923
8/14/2020,7,8,Wind,2012
5/18/2025,4,5,Wind,2653
8/15/2025,19,20,Wind,5806
2/19/2025,15,16,Solar,6522
11/22/2023,11,12,Wind,7927
1/19/2025,7,8,Wind,769
12/8/2024,10,11,Wind,17862
2/7/2022,7,8,Wind,5299
3/31/2020,20,21,Wind,7584
2/20/2023,12,13,Solar,7440
5/9/2024,12,13,Solar,5656
8/22/2020,22,23,Wind,3876
4/5/2023,9,10,Solar,4064
8/14/2020,10,11,Solar,3767
8/12/2023,19,20,Wind,4643
9/20/2020,0,1,Wind,1794
12/9/2023,19,20,Wind,17844
8/7/2022,23,0,Wind,7226
10/5/2020,17,18,Wind,10309
10/18/2022,18,19,Wind,2808
6/13/2020,12,13,Wind,5469
10/3/2024,20,21,Wind,5982
6/5/2025,16,17,Wind,9695
11/16/2021,1,2,Wind,869
2/16/2025,4,5,Wind,3812
5/1/2025,1,2,Wind,6010
3/25/2025,22,23,Wind,3477
10/13/2023,18,19,Wind,14936
11/2/2024,1,2,Wind,1474
8/5/2025,19,20,Wind,8978
1/3/2025,19,20,Wind,3424
10/18/2025,7,8,Wind,5680
11/21/2025,10,11,Wind,7895
3/14/2021,11,12,Wind,13005
1/18/2021,11,12,Wind,5336
4/27/2022,17,18,Wind,8140
2/7/2020,13,14,Wind,5641
8/30/2021,5,6,Wind,2958
6/13/2023,4,5,Wind,2835
7/21/2022,18,19,Solar,3527
11/6/2025,9,10,Wind,6706
10/7/2025,8,9,Wind,2045
7/14/2023,21,22,Wind,7604
8/2/2021,16,17,Solar,5176
5/3/2022,7,8,Wind,3380
1/14/2021,0,1,Wind,8733
10/6/2025,4,5,Wind,3869
4/4/2024,7,8,Wind,15683
2/17/2022,0,1,Wind,15660
1/14/2021,18,19,Wind,10513
1/23/2024,17,18,Wind,16343
11/8/2023,23,0,Wind,13683
10/30/2025,19,20,Wind,6800
6/9/2021,6,7,Wind,828
3/2/2024,23,0,Wind,3355
10/14/2020,7,8,Wind,2812
8/22/2024,9,10,Solar,7785
11/4/2025,17,18,Wind,12970
8/28/2023,17,18,Wind,7680
2/21/2023,22,23,Wind,2757
5/4/2025,21,22,Wind,11154
9/19/2023,18,19,Wind,8549
3/14/2020,5,6,Wind,2707
1/27/2024,5,6,Wind,2417
2/19/2024,1,2,Wind,5181
1/10/2021,19,20,Wind,4067
12/14/2024,14,15,Wind,4718
1/18/2024,10,11,Wind,7575
6/16/2022,7,8,Wind,2343
1/23/2024,22,23,Wind,16853
8/6/2023,14,15,Wind,17628
3/10/2025,17,18,Solar,1879
9/1/2024,6,7,Wind,3394
2/26/2022,23,0,Wind,9911
10/28/2025,20,21,Wind,6432
7/9/2020,4,5,Wind,1360
12/24/2022,10,11,Wind,6036
1/2/2024,17,18,Wind,17429
4/16/2022,15,16,Solar,11298
2/15/2023,4,5,Wind,4483
2/17/2024,13,14,Solar,7320
2/7/2024,3,4,Wind,16373
5/10/2020,6,7,Wind,2043
2/4/2025,23,0,Wind,3060
4/18/2024,19,20,Wind,3812
6/13/2020,14,15,Wind,5712
7/15/2022,23,0,Wind,3960
2/8/2022,17,18,Wind,2555
10/28/2020,0,1,Wind,8025
7/3/2021,12,13,Solar,4146
7/15/2021,13,14,Wind,9480
6/3/2022,9,10,Solar,3007
4/19/2023,20,21,Wind,5832
4/20/2025,14,15,Wind,4724
8/13/2025,16,17,Solar,6254
11/4/2024,8,9,Wind,3123
7/27/2022,17,18,Solar,5742
6/2/2023,1,2,Wind,7448
9/24/2025,21,22,Wind,4188
4/7/2025,5,6,Wind,5623
4/30/2020,6,7,Wind,7964
2/20/2020,17,18,Wind,11692
4/13/2025,0,1,Wind,8982
3/9/2022,8,9,Wind,4907
10/16/2024,23,0,Wind,9305
2/17/2021,23,0,Wind,8384
2/12/2025,4,5,Wind,2424
6/17/2024,14,15,Solar,8345
3/16/2022,6,7,Wind,4232
9/21/2020,5,6,Wind,748
2/2/2023,0,1,Wind,7717
9/1/2021,0,1,Wind,6336
7/3/2022,9,10,Solar,4056
11/24/2024,16,17,Wind,19997
2/27/2020,7,8,Wind,10405
10/14/2023,3,4,Wind,11104
8/8/2022,13,14,Solar,10618
1/15/2025,10,11,Solar,5527
6/8/2025,18,19,Wind,9165
6/1/2021,16,17,Wind,5624
8/7/2024,13,14,Solar,8258
4/13/2020,1,2,Wind,2806
5/17/2022,18,19,Solar,4803
10/17/2025,15,16,Solar,10238
9/13/2024,5,6,Wind,5468
10/7/2022,15,16,Solar,5162
6/30/2020,5,6,Wind,3408
3/2/2021,1,2,Wind,4406
6/14/2020,5,6,Wind,3033
11/25/2022,13,14,Wind,5906
12/12/2024,11,12,Solar,5532
9/14/2020,10,11,Solar,3928
1/5/2021,14,15,Wind,2553
11/10/2022,2,3,Wind,3569
6/23/2020,17,18,Solar,5022
12/14/2021,1,2,Wind,697
3/15/2021,1,2,Wind,10033
12/23/2020,21,22,Wind,12383
7/21/2024,23,0,Wind,5492
1/3/2023,20,21,Wind,12367
2/7/2023,17,18,Wind,4857
6/2/2024,2,3,Wind,6195
2/3/2023,6,7,Wind,6280
11/22/2025,18,19,Wind,10609
2/8/2023,9,10,Wind,6001
12/28/2023,22,23,Wind,13567
8/19/2022,23,0,Wind,2636
9/2/2020,17,18,Solar,3171
8/6/2023,9,10,Wind,14227
6/9/2020,19,20,Wind,3066
8/25/2021,10,11,Solar,6184
12/5/2022,5,6,Wind,745
6/11/2024,21,22,Wind,2556
11/2/2020,18,19,Wind,7368
7/28/2025,4,5,Wind,4142
6/12/2025,7,8,Wind,7051
1/20/2024,13,14,Solar,6955
12/2/2020,0,1,Wind,6005
1/12/2023,13,14,Wind,18143
12/7/2023,2,3,Wind,3871
10/24/2020,4,5,Wind,6496
5/26/2021,14,15,Wind,10741
4/16/2020,9,10,Wind,4412
2/23/2022,0,1,Wind,4731
7/4/2021,1,2,Wind,945
7/11/2020,22,23,Wind,3841
9/6/2022,10,11,Solar,5098
4/8/2021,9,10,Solar,2512
11/7/2020,19,20,Wind,4651
9/6/2024,23,0,Wind,3317
5/9/2022,15,16,Solar,5817
10/12/2023,21,22,Wind,3414
12/21/2023,10,11,Wind,18315
4/15/2020,11,12,Wind,7334
7/3/2021,19,20,Wind,2491
5/13/2022,8,9,Solar,2490
4/13/2025,4,5,Wind,9216
7/30/2020,7,8,Wind,2458
4/3/2020,3,4,Wind,2210
12/22/2021,12,13,Solar,4599
1/4/2021,6,7,Wind,1576
11/16/2023,19,20,Wind,10803
3/14/2024,11,12,Solar,9275
3/25/2021,0,1,Wind,2018
5/25/2024,4,5,Wind,559
12/18/2023,19,20,Wind,3919
6/6/2022,2,3,Wind,2342
7/20/2024,22,23,Wind,3228
2/12/2024,14,15,Solar,4159
8/19/2023,12,13,Solar,7735
7/27/2025,15,16,Solar,11229
7/19/2021,22,23,Wind,4238
12/3/2021,10,11,Wind,10812
3/2/2021,12,13,Solar,4176
11/22/2024,12,13,Wind,16368
11/26/2025,3,4,Wind,6726
9/9/2024,1,2,Wind,9715
3/8/2020,2,3,Wind,8287
7/11/2023,8,9,Solar,3309
8/19/2022,22,23,Wind,2631
9/5/2020,11,12,Solar,4275
6/25/2025,17,18,Solar,6948
5/21/2025,23,0,Wind,5000
12/3/2024,14,15,Solar,2679
4/17/2022,7,8,Wind,5772
9/10/2020,18,19,Wind,1696
6/9/2024,11,12,Solar,3803
5/18/2024,12,13,Solar,3094
11/10/2022,22,23,Wind,4139
9/27/2022,5,6,Wind,6708
5/16/2024,22,23,Wind,847
10/13/2021,19,20,Wind,1863
10/19/2022,16,17,Wind,8533
1/15/2020,18,19,Wind,5712
3/15/2024,13,14,Wind,18195
10/6/2020,2,3,Wind,10584
7/27/2021,20,21,Wind,3440
2/19/2025,21,22,Wind,7729
10/29/2020,14,15,Wind,8306
4/13/2025,9,10,Wind,8594
1/22/2022,15,16,Solar,4368
10/3/2022,9,10,Solar,2282
10/19/2023,3,4,Wind,9890
9/2/2020,8,9,Wind,1441
2/1/2022,18,19,Wind,12318
7/26/2024,5,6,Wind,1499
2/27/2023,21,22,Wind,11222
2/9/2020,18,19,Wind,12401
7/16/2024,5,6,Wind,7839
6/6/2021,4,5,Wind,1717
5/5/2021,23,0,Wind,3697
2/17/2020,12,13,Wind,11711
6/20/2021,3,4,Wind,4138
12/20/2023,10,11,Wind,9444
8/30/2020,20,21,Wind,4156
7/26/2021,16,17,Solar,7000
9/9/2022,16,17,Wind,14314
7/28/2023,1,2,Wind,4052
11/27/2025,14,15,Wind,11395
3/10/2021,15,16,Wind,12784
8/16/2022,15,16,Solar,5725
5/25/2021,0,1,Wind,9649
2/9/2023,9,10,Solar,2688
3/19/2020,15,16,Solar,3544
10/15/2025,3,4,Wind,5298
8/25/2021,12,13,Wind,9861
11/8/2024,11,12,Solar,5752
6/3/2021,4,5,Wind,1688
2/16/2020,10,11,Wind,14158
3/29/2025,7,8,Wind,9375
11/24/2021,14,15,Wind,2394
11/2/2025,3,4,Wind,8264
10/5/2023,5,6,Wind,1071
9/9/2021,19,20,Wind,2632
12/11/2023,10,11,Wind,10839
8/19/2022,8,9,Wind,3436
8/28/2024,4,5,Wind,2065
4/27/2020,2,3,Wind,417
3/25/2022,7,8,Wind,4540
4/24/2024,7,8,Wind,4826
8/1/2021,9,10,Solar,3739
8/28/2021,1,2,Wind,4566
12/13/2024,20,21,Wind,686
12/7/2020,19,20,Wind,3185
5/26/2024,14,15,Wind,7115
6/16/2022,11,12,Solar,5985
3/17/2023,4,5,Wind,6670
3/26/2025,18,19,Wind,3645
1/17/2021,9,10,Wind,6245
3/18/2022,0,1,Wind,6619
11/22/2025,0,1,Wind,3067
8/6/2020,19,20,Solar,1132
3/10/2021,4,5,Wind,2462
11/28/2022,2,3,Wind,4487
6/23/2024,2,3,Wind,2516
3/29/2020,12,13,Wind,15545
8/5/2025,23,0,Wind,4981
12/16/2020,13,14,Wind,7740
12/31/2023,20,21,Wind,17068
8/12/2025,3,4,Wind,4431
9/13/2023,1,2,Wind,1285
2/8/2023,4,5,Wind,3397
5/23/2021,21,22,Wind,7273
7/31/2025,21,22,Wind,3693
3/19/2023,7,8,Wind,3112
2/7/2023,8,9,Wind,8064
8/8/2021,9,10,Wind,6573
9/12/2020,18,19,Solar,1746
12/17/2023,5,6,Wind,2111
5/9/2021,13,14,Wind,10937
3/24/2021,22,23,Wind,2221
5/28/2024,19,20,Wind,7603
1/6/2025,1,2,Wind,18790
11/16/2024,4,5,Wind,1285
10/21/2021,9,10,Wind,11993
5/9/2021,22,23,Wind,6320
5/8/2023,7,8,Wind,1709
5/5/2021,13,14,Wind,12083
1/12/2023,15,16,Wind,16900
8/8/2023,15,16,Solar,9831
12/9/2024,15,16,Wind,13808
4/25/2021,3,4,Wind,8232
3/29/2021,2,3,Wind,4546
2/18/2025,14,15,Solar,9825
4/15/2025,23,0,Wind,7561
3/26/2022,18,19,Wind,8372
9/10/2024,13,14,Wind,16867
1/6/2022,2,3,Wind,3292
11/5/2024,12,13,Solar,3849
4/17/2022,10,11,Solar,7118
8/16/2022,2,3,Wind,788
2/12/2021,16,17,Wind,9076
3/16/2023,14,15,Wind,12106
7/13/2021,18,19,Wind,7587
6/19/2022,9,10,Wind,8414
2/8/2022,7,8,Wind,4617
1/8/2024,7,8,Wind,12237
1/19/2023,21,22,Wind,1493
9/24/2025,6,7,Wind,6194
7/26/2023,9,10,Solar,4441
8/9/2022,10,11,Solar,7230
12/9/2023,13,14,Wind,18217
12/15/2023,1,2,Wind,2695
8/18/2025,15,16,Solar,8406
10/27/2025,1,2,Wind,17402
10/24/2020,14,15,Wind,13049
5/31/2024,7,8,Wind,6019
1/27/2023,8,9,Wind,8809
4/5/2023,14,15,Solar,8048
9/17/2022,5,6,Wind,5089
9/13/2022,16,17,Wind,5218
11/23/2022,1,2,Wind,8016
7/19/2023,6,7,Wind,3665
2/12/2020,0,1,Wind,9249
9/16/2023,17,18,Solar,4287
7/22/2025,9,10,Wind,11218
1/10/2024,5,6,Wind,2519
11/30/2021,22,23,Wind,12595
4/1/2021,14,15,Solar,6136
11/14/2023,20,21,Wind,14411
5/13/2024,10,11,Solar,8299
4/4/2020,5,6,Wind,1507
12/13/2023,23,0,Wind,8250
2/14/2020,18,19,Wind,3877
4/18/2023,9,10,Wind,7969
6/3/2024,6,7,Wind,2313
2/6/2021,14,15,Wind,3721
12/5/2023,8,9,Wind,11763
11/17/2021,1,2,Wind,1735
4/1/2025,21,22,Wind,16314
11/12/2020,23,0,Wind,3830
3/29/2023,20,21,Wind,10029
8/18/2025,1,2,Wind,6436
1/16/2023,18,19,Wind,10560
6/25/2023,12,13,Solar,7617
7/10/2020,14,15,Wind,6004
5/3/2020,18,19,Solar,2715
7/11/2023,2,3,Wind,1440
1/19/2025,23,0,Wind,1247
9/15/2025,13,14,Wind,11829
2/21/2020,4,5,Wind,4526
4/3/2020,4,5,Wind,2045
11/16/2020,9,10,Wind,8791
1/8/2024,0,1,Wind,11527
1/5/2023,17,18,Wind,5141
2/13/2022,3,4,Wind,7754
6/24/2022,17,18,Wind,10605
6/6/2022,14,15,Solar,8772
11/25/2025,20,21,Wind,10545
12/21/2024,10,11,Wind,11019
7/4/2025,14,15,Solar,10382
4/3/2025,22,23,Wind,6607
5/27/2020,7,8,Wind,3233
7/20/2025,19,20,Wind,9310
8/3/2025,2,3,Wind,1880
1/19/2021,5,6,Wind,10754
7/22/2021,19,20,Wind,3126
11/12/2022,11,12,Solar,5451
11/16/2023,3,4,Wind,3165
11/25/2020,17,18,Wind,2800
3/23/2020,19,20,Wind,6877
7/21/2025,3,4,Wind,9816
9/19/2025,1,2,Wind,2045
6/5/2022,17,18,Wind,8606
10/13/2024,23,0,Wind,3303
4/8/2023,10,11,Solar,6560
7/27/2020,12,13,Wind,10256
10/13/2020,17,18,Wind,4407
8/16/2021,0,1,Wind,5226
2/23/2022,20,21,Wind,2068
6/14/2020,1,2,Wind,4021
2/24/2022,6,7,Wind,5440
2/18/2022,1,2,Wind,6858
12/2/2022,13,14,Wind,3589
5/22/2020,16,17,Wind,7240
10/9/2021,8,9,Wind,2847
10/13/2021,0,1,Wind,3296
4/9/2022,22,23,Wind,1982
3/14/2020,9,10,Wind,5211
9/11/2025,17,18,Wind,14879
7/12/2020,18,19,Wind,4023
10/15/2025,10,11,Solar,6940
3/17/2025,16,17,Wind,14877
8/7/2020,21,22,Wind,1119
4/13/2020,5,6,Wind,4328
5/31/2020,23,0,Wind,6056
5/28/2023,17,18,Wind,6428
8/23/2022,4,5,Wind,1005
7/30/2020,17,18,Solar,3388
12/25/2021,7,8,Wind,1572
11/16/2024,6,7,Wind,1374
5/6/2022,1,2,Wind,3436
7/25/2023,7,8,Wind,5855
6/30/2023,0,1,Wind,2447
6/21/2020,1,2,Wind,1887
3/30/2020,23,0,Wind,7156
11/7/2022,5,6,Wind,11253
8/2/2025,3,4,Wind,3930
12/14/2020,9,10,Wind,8267
5/12/2024,7,8,Wind,4275
1/12/2020,22,23,Wind,3733
8/8/2021,1,2,Wind,7331
5/11/2022,5,6,Wind,3101
10/1/2023,21,22,Wind,2395
2/23/2022,12,13,Solar,5805
10/22/2023,23,0,Wind,3732
6/14/2024,12,13,Wind,12826
3/4/2025,15,16,Solar,6290
6/23/2024,13,14,Solar,4302
10/22/2021,19,20,Wind,2834
7/10/2024,0,1,Wind,2264
11/4/2020,13,14,Solar,4014
11/15/2022,9,10,Wind,10782
1/28/2023,23,0,Wind,2268
4/19/2024,11,12,Wind,16276
7/23/2024,13,14,Wind,14087
10/6/2023,20,21,Wind,1085
7/7/2022,15,16,Wind,10600
6/30/2024,6,7,Wind,3753
5/5/2021,12,13,Wind,11434
10/9/2022,13,14,Solar,6807
1/9/2024,16,17,Wind,4360
6/19/2023,18,19,Wind,4195
1/24/2025,22,23,Wind,11288
6/21/2022,21,22,Wind,1796
9/7/2023,7,8,Wind,2686
6/24/2023,11,12,Solar,8244
4/28/2025,2,3,Wind,3071
5/15/2021,5,6,Wind,4264
5/25/2023,2,3,Wind,6906
9/14/2020,13,14,Solar,5071
4/7/2024,22,23,Wind,5202
6/21/2022,4,5,Wind,3804
7/4/2025,3,4,Wind,5286
9/21/2021,19,20,Wind,2280
3/4/2024,9,10,Wind,6988
7/27/2021,22,23,Wind,3166
4/9/2025,1,2,Wind,5058
7/4/2021,13,14,Wind,6911
10/20/2021,20,21,Wind,13048
11/27/2022,20,21,Wind,7343
3/17/2025,14,15,Wind,15549
3/14/2024,7,8,Wind,6363
5/10/2020,18,19,Wind,4802
12/27/2020,6,7,Wind,11736
11/21/2021,9,10,Wind,1770
11/28/2025,15,16,Wind,7931
12/9/2021,11,12,Wind,7038
3/16/2024,22,23,Wind,2197
8/5/2020,16,17,Solar,4806
4/6/2025,19,20,Wind,8524
2/23/2022,7,8,Wind,888
12/22/2020,7,8,Wind,10664
6/10/2023,8,9,Solar,3002
11/13/2025,6,7,Wind,10431
3/16/2022,2,3,Wind,4258
9/16/2025,2,3,Wind,11697
11/21/2020,23,0,Wind,2372
12/12/2024,5,6,Wind,3271
6/15/2023,10,11,Solar,5298
2/24/2023,0,1,Wind,6635
4/1/2022,13,14,Wind,14543
4/20/2021,6,7,Wind,577
6/17/2024,21,22,Wind,1375
6/29/2021,8,9,Solar,2049
5/7/2023,5,6,Wind,1473
8/9/2020,4,5,Wind,1263
11/9/2024,6,7,Wind,884
7/3/2024,15,16,Wind,12305
2/26/2020,19,20,Wind,6383
7/8/2025,10,11,Solar,10854
12/27/2023,16,17,Wind,13272
2/8/2025,22,23,Wind,4543
10/25/2024,10,11,Wind,6611
12/2/2021,7,8,Wind,7999
5/10/2024,3,4,Wind,5301
1/31/2023,10,11,Wind,6313
2/28/2024,9,10,Wind,4006
10/27/2022,17,18,Wind,5638
11/9/2024,21,22,Wind,622
11/26/2020,7,8,Wind,2650
12/12/2022,16,17,Wind,3694
1/8/2022,3,4,Wind,6540
7/22/2023,5,6,Wind,1465
12/21/2020,13,14,Wind,12706
2/16/2021,20,21,Wind,9859
8/18/2020,22,23,Wind,728
2/2/2020,16,17,Wind,11800
4/22/2020,20,21,Wind,2587
6/5/2020,7,8,Wind,5969
5/23/2024,11,12,Solar,6613
3/20/2022,1,2,Wind,6580
5/19/2024,11,12,Solar,2794
9/6/2023,17,18,Solar,4611
4/22/2021,16,17,Wind,8227
7/21/2025,19,20,Wind,13652
10/26/2020,9,10,Wind,7859
9/26/2025,15,16,Solar,4353
7/28/2020,6,7,Wind,3610
1/16/2024,4,5,Wind,1715
10/26/2020,20,21,Wind,7818
3/26/2024,0,1,Wind,8416
11/28/2023,8,9,Wind,7464
11/14/2024,14,15,Solar,5909
12/17/2024,11,12,Wind,6713
3/20/2020,11,12,Wind,6937
3/28/2025,8,9,Wind,5489
1/16/2022,1,2,Wind,1349
8/17/2021,8,9,Wind,2250
10/22/2025,12,13,Solar,6865
1/25/2020,8,9,Wind,1579
2/22/2025,0,1,Wind,11725
4/10/2023,10,11,Wind,7919
10/20/2021,14,15,Wind,14657
1/30/2020,9,10,Wind,8402
9/29/2024,13,14,Wind,6168
11/15/2020,12,13,Wind,14508
6/8/2021,3,4,Wind,916
12/12/2020,21,22,Wind,5943
12/11/2020,3,4,Wind,7153
2/8/2023,3,4,Wind,3513
5/21/2020,20,21,Wind,600
7/9/2025,14,15,Solar,10461
2/10/2024,7,8,Wind,4227
7/7/2023,16,17,Solar,8765
1/3/2020,13,14,Wind,9695
12/6/2020,22,23,Wind,1374
10/6/2021,8,9,Wind,8548
6/9/2023,16,17,Solar,5753
7/4/2021,12,13,Wind,6187
2/19/2021,5,6,Wind,4799
11/24/2021,5,6,Wind,4927
12/15/2021,4,5,Wind,1396
1/25/2025,16,17,Wind,5724
7/14/2020,15,16,Solar,5718
10/18/2023,6,7,Wind,11303
6/27/2024,18,19,Wind,7928
4/24/2021,18,19,Wind,6916
10/16/2023,21,22,Wind,9973
2/18/2024,22,23,Wind,6925
5/8/2020,8,9,Wind,3039
3/12/2024,7,8,Wind,5075
3/14/2020,20,21,Wind,3300
1/17/2021,7,8,Wind,5676
1/3/2022,13,14,Wind,12240
8/7/2020,5,6,Wind,2101
9/26/2023,11,12,Solar,6439
7/28/2025,19,20,Wind,6132
7/19/2025,23,0,Wind,3954
3/20/2021,18,19,Wind,4921
8/25/2021,5,6,Wind,4981
5/16/2021,9,10,Wind,4884
11/24/2025,6,7,Wind,7424
1/6/2023,14,15,Wind,7958
8/25/2023,9,10,Wind,5505
8/21/2020,10,11,Wind,7837
12/10/2020,15,16,Wind,2800
12/24/2022,22,23,Wind,3971
2/26/2025,8,9,Wind,8242
3/1/2022,11,12,Solar,4988
9/25/2022,21,22,Wind,1684
11/26/2022,0,1,Wind,2624
3/25/2021,9,10,Solar,3091
1/18/2025,7,8,Wind,1399
10/6/2022,7,8,Wind,1712
5/20/2025,0,1,Wind,6826
10/5/2020,16,17,Wind,10905
1/31/2020,21,22,Wind,8388
1/10/2021,15,16,Wind,4559
6/14/2023,3,4,Wind,3197
3/15/2021,15,16,Wind,10846
11/29/2024,3,4,Wind,6487
12/22/2020,4,5,Wind,10281
10/5/2020,3,4,Wind,11256
4/20/2021,5,6,Wind,637
8/25/2020,21,22,Wind,9550
11/24/2023,18,19,Wind,10539
6/20/2025,5,6,Wind,5645
8/31/2024,15,16,Solar,8116
7/23/2024,9,10,Wind,9773
7/16/2025,15,16,Solar,16069
5/6/2021,15,16,Wind,8791
10/10/2020,7,8,Wind,2346
2/13/2025,14,15,Solar,4494
9/29/2025,23,0,Wind,2697
10/27/2021,3,4,Wind,2392
6/1/2022,5,6,Wind,1109
7/24/2020,4,5,Wind,1771
4/29/2020,22,23,Wind,5811
3/30/2023,17,18,Wind,15694
7/24/2023,6,7,Wind,3944
4/23/2023,23,0,Wind,9704
10/12/2022,1,2,Wind,1054
3/12/2021,3,4,Wind,10222
7/12/2022,2,3,Wind,3789
12/22/2020,23,0,Wind,7182
2/13/2024,8,9,Wind,5445
5/3/2024,20,21,Wind,2251
12/5/2022,11,12,Solar,3554
12/18/2023,12,13,Solar,5551
6/10/2021,6,7,Wind,1116
8/5/2024,21,22,Wind,751
11/24/2021,1,2,Wind,6358
8/31/2025,4,5,Wind,5964
6/24/2020,14,15,Solar,6958
8/11/2023,17,18,Solar,6263
4/21/2021,13,14,Solar,5395
2/25/2024,2,3,Wind,8187
7/22/2024,2,3,Wind,4013
8/6/2022,9,10,Wind,7062
7/7/2023,6,7,Wind,4525
3/22/2021,3,4,Wind,4256
11/19/2025,1,2,Wind,9964
7/16/2022,10,11,Solar,6731
8/3/2022,22,23,Wind,1474
5/3/2025,18,19,Wind,7626
9/29/2023,19,20,Wind,2198
1/15/2022,19,20,Wind,651
4/9/2022,4,5,Wind,4701
10/9/2022,22,23,Wind,5394
8/12/2023,15,16,Solar,9789
7/2/2025,22,23,Wind,5548
5/16/2023,23,0,Wind,7799
7/31/2020,18,19,Wind,4080
4/23/2020,1,2,Wind,2669
12/14/2021,0,1,Wind,810
3/11/2020,12,13,Wind,12163
7/26/2024,21,22,Wind,506
8/4/2021,17,18,Solar,3345
7/18/2023,8,9,Wind,3434
8/28/2020,17,18,Wind,8079
8/27/2024,17,18,Solar,6209
3/28/2021,9,10,Wind,5097
12/16/2023,21,22,Wind,2504
6/3/2021,16,17,Solar,3738
10/15/2021,8,9,Wind,1488
10/5/2024,19,20,Wind,5905
4/7/2020,18,19,Wind,2681
11/26/2021,12,13,Wind,10802
6/26/2022,8,9,Solar,1719
3/19/2020,14,15,Solar,3939
6/15/2025,14,15,Solar,4719
11/17/2022,17,18,Wind,8379
12/2/2024,22,23,Wind,7331
9/11/2024,3,4,Wind,11638
5/22/2025,21,22,Wind,4939
10/16/2024,3,4,Wind,11452
12/2/2020,12,13,Wind,2987
11/6/2025,19,20,Wind,2440
8/29/2025,15,16,Wind,15987
3/5/2024,22,23,Wind,3012
6/26/2025,23,0,Wind,3959
10/20/2023,8,9,Wind,4473
9/21/2025,17,18,Wind,4316
8/7/2020,16,17,Solar,3640
12/3/2021,3,4,Wind,3110
10/16/2021,10,11,Solar,3384
8/30/2025,7,8,Wind,4396
2/23/2025,22,23,Wind,11952
10/20/2020,16,17,Wind,9534
12/26/2024,20,21,Wind,3449
12/13/2024,22,23,Wind,785
7/16/2022,0,1,Wind,3960
10/11/2020,3,4,Wind,3670
7/26/2024,15,16,Solar,7022
9/29/2023,6,7,Wind,8290
12/20/2023,13,14,Wind,11237
7/11/2020,19,20,Wind,4072
1/31/2025,1,2,Wind,2272
3/10/2020,8,9,Wind,11993
3/3/2022,4,5,Wind,1517
3/7/2024,17,18,Wind,11067
10/19/2024,22,23,Wind,3297
5/21/2020,13,14,Solar,4337
10/11/2023,13,14,Solar,8576
7/2/2022,0,1,Wind,754
1/15/2023,21,22,Wind,14992
7/19/2022,3,4,Wind,5671
10/22/2022,3,4,Wind,6189
12/31/2023,5,6,Wind,17336
4/4/2022,3,4,Wind,2150
3/2/2022,1,2,Wind,2780
9/24/2021,4,5,Wind,475
5/23/2021,23,0,Wind,9144
9/29/2020,5,6,Wind,1805
3/9/2024,7,8,Wind,12796
4/16/2024,10,11,Wind,10158
6/11/2020,12,13,Wind,4847
2/1/2022,0,1,Wind,6934
8/30/2024,3,4,Wind,2706
6/27/2021,3,4,Wind,3872
11/17/2020,19,20,Wind,2225
7/23/2024,1,2,Wind,4890
7/16/2022,2,3,Wind,3533
7/8/2025,20,21,Wind,3770
10/19/2022,17,18,Wind,7629
6/16/2020,20,21,Wind,1666
1/10/2025,15,16,Wind,3319
9/10/2020,11,12,Solar,3052
11/13/2021,8,9,Wind,5126
4/22/2025,13,14,Solar,7792
5/15/2020,5,6,Wind,6575
3/25/2024,15,16,Wind,10580
1/26/2023,23,0,Wind,6312
7/19/2024,5,6,Wind,1335
6/30/2025,21,22,Wind,1192
2/12/2023,0,1,Wind,3402
9/27/2022,6,7,Wind,6509
7/27/2020,15,16,Wind,11749
7/10/2023,13,14,Solar,8700
1/20/2025,2,3,Wind,1542
3/28/2023,16,17,Wind,9979
10/4/2021,8,9,Wind,5584
6/9/2024,1,2,Wind,3464
8/17/2021,12,13,Solar,6878
1/27/2023,7,8,Wind,8252
8/5/2021,14,15,Wind,8681
7/21/2025,23,0,Wind,7848
5/27/2025,17,18,Wind,15563
2/22/2024,0,1,Wind,14343
12/10/2023,0,1,Wind,16050
6/18/2021,1,2,Wind,3603
4/25/2025,10,11,Solar,7896
7/5/2021,0,1,Wind,2602
7/7/2021,23,0,Wind,1703
12/12/2020,11,12,Wind,6348
11/1/2025,16,17,Wind,9647
1/22/2024,20,21,Wind,14875
8/28/2025,16,17,Wind,11353
4/29/2022,10,11,Solar,4724
1/20/2021,18,19,Wind,15051
6/19/2024,22,23,Wind,6935
4/2/2022,16,17,Wind,12110
8/8/2024,5,6,Wind,1189
11/2/2024,18,19,Wind,3994
9/6/2021,15,16,Solar,5313
3/28/2020,19,20,Wind,9382
2/14/2022,21,22,Wind,6029
10/13/2022,17,18,Wind,4003
7/15/2024,16,17,Wind,10450
4/22/2023,0,1,Wind,3755
10/26/2024,16,17,Solar,2125
1/25/2025,11,12,Wind,7875
2/6/2024,14,15,Wind,15869
11/24/2024,18,19,Wind,19758
12/4/2022,2,3,Wind,3252
2/12/2023,14,15,Solar,6688
1/31/2020,4,5,Wind,7716
11/29/2020,10,11,Wind,4788
4/29/2022,18,19,Wind,4816
8/1/2021,16,17,Solar,6683
3/15/2020,0,1,Wind,3612
7/1/2023,21,22,Wind,7075
3/2/2023,21,22,Wind,4877
8/3/2024,7,8,Wind,3218
11/19/2024,20,21,Wind,12210
1/8/2024,6,7,Wind,12121
12/21/2024,21,22,Wind,18922
10/25/2022,17,18,Wind,4158
4/15/2022,1,2,Wind,1942
12/7/2021,6,7,Wind,5150
1/17/2022,23,0,Wind,2215
2/24/2025,9,10,Wind,15311
7/14/2021,20,21,Wind,6824
1/11/2023,4,5,Wind,13408
10/15/2024,11,12,Wind,7313
9/14/2023,20,21,Wind,983
12/4/2021,13,14,Wind,14167
5/10/2021,21,22,Wind,1928
7/31/2021,13,14,Wind,6027
11/26/2025,9,10,Wind,5852
6/20/2022,20,21,Wind,4764
8/1/2020,13,14,Solar,4517
9/30/2022,17,18,Wind,8433
6/10/2024,13,14,Wind,16343
9/8/2024,5,6,Wind,5635
8/20/2021,10,11,Solar,3653
10/21/2020,17,18,Wind,11801
11/8/2023,22,23,Wind,14010
10/11/2020,7,8,Wind,3222
8/4/2023,11,12,Solar,7826
5/15/2021,16,17,Wind,11074
11/1/2021,18,19,Wind,5774
2/13/2025,4,5,Wind,1341
2/20/2022,20,21,Wind,16004
1/2/2025,6,7,Wind,7704
1/23/2023,4,5,Wind,4026
3/15/2022,0,1,Wind,5845
12/1/2022,15,16,Wind,4324
5/10/2024,21,22,Wind,5155
8/15/2025,16,17,Solar,9881
2/9/2020,11,12,Wind,15238
5/21/2024,21,22,Wind,3665
5/11/2024,6,7,Wind,4326
9/23/2020,18,19,Wind,5813
11/17/2025,15,16,Wind,10323
1/2/2021,0,1,Wind,1169
8/8/2023,23,0,Wind,2853
5/18/2023,19,20,Wind,6720
10/24/2022,22,23,Wind,7627
9/3/2022,20,21,Wind,1066
11/29/2024,14,15,Solar,7650
4/4/2020,10,11,Solar,4136
3/18/2020,11,12,Solar,3727
4/29/2020,13,14,Wind,10092
10/16/2021,16,17,Solar,3207
10/6/2021,17,18,Wind,8756
2/26/2025,11,12,Wind,13305
3/1/2021,13,14,Solar,5810
11/24/2022,3,4,Wind,11415
9/1/2025,20,21,Wind,5387
11/14/2024,21,22,Wind,3630
3/20/2021,6,7,Wind,4488
12/17/2021,5,6,Wind,6817
2/7/2025,3,4,Wind,9958
1/5/2024,0,1,Wind,12301
9/8/2024,12,13,Wind,11440
7/27/2020,8,9,Wind,3719
2/17/2023,13,14,Wind,13006
7/22/2024,5,6,Wind,3267
9/7/2024,12,13,Solar,6652
8/2/2021,8,9,Solar,1835
7/24/2021,18,19,Wind,5008
6/26/2022,21,22,Wind,1353
5/25/2021,9,10,Wind,10972
1/3/2024,5,6,Wind,16091
4/28/2024,18,19,Wind,4975
2/10/2022,3,4,Wind,4390
9/1/2023,2,3,Wind,4835
1/23/2025,8,9,Wind,6187
8/12/2022,9,10,Solar,4233
6/6/2022,0,1,Wind,3154
4/26/2021,23,0,Wind,6682
8/21/2022,4,5,Wind,492
7/29/2025,17,18,Solar,9703
1/14/2020,1,2,Wind,12193
11/23/2020,6,7,Wind,197
3/3/2020,16,17,Wind,2913
4/30/2022,23,0,Wind,4152
8/28/2025,3,4,Wind,2154
9/28/2025,17,18,Solar,3101
4/26/2020,19,20,Solar,826
4/26/2020,7,8,Wind,1234
1/13/2020,0,1,Wind,3124
7/4/2021,8,9,Wind,1516
8/20/2022,16,17,Solar,6307
10/15/2022,21,22,Wind,4985
11/4/2024,20,21,Wind,2945
5/27/2024,1,2,Wind,2781
5/3/2021,7,8,Wind,1219
6/25/2023,21,22,Wind,4990
1/24/2023,17,18,Wind,3120
2/11/2022,8,9,Wind,2704
6/17/2023,22,23,Wind,1596
9/25/2021,10,11,Solar,3100
9/9/2024,8,9,Wind,8509
4/25/2023,23,0,Wind,2732
4/17/2021,20,21,Wind,5570
8/1/2022,23,0,Wind,1415
7/14/2021,18,19,Wind,7691
10/14/2025,10,11,Wind,8624
2/21/2020,14,15,Wind,8633
10/24/2024,11,12,Solar,7285
7/17/2022,2,3,Wind,6218
8/15/2022,12,13,Solar,7754
8/23/2020,7,8,Wind,4453
8/1/2020,6,7,Wind,1772
7/3/2025,3,4,Wind,5681
5/2/2022,0,1,Wind,3281
10/11/2020,0,1,Wind,4013
5/15/2021,10,11,Wind,7542
8/19/2024,10,11,Solar,6872
10/21/2025,5,6,Wind,12221
6/25/2023,11,12,Solar,7269
9/15/2024,17,18,Solar,7756
7/19/2024,6,7,Wind,1367
6/20/2022,11,12,Solar,6635
11/24/2020,2,3,Wind,1825
3/20/2022,4,5,Wind,4944
5/26/2020,15,16,Solar,7491
9/9/2025,20,21,Wind,2139
1/23/2020,4,5,Wind,5821
7/22/2022,4,5,Wind,3155
2/22/2023,6,7,Wind,2969
5/4/2023,18,19,Wind,7974
3/29/2022,15,16,Solar,3886
1/24/2025,13,14,Wind,19431
3/17/2025,21,22,Wind,11797
11/4/2024,4,5,Wind,2853
1/11/2023,10,11,Wind,10073
6/21/2022,15,16,Solar,4791
7/2/2020,18,19,Wind,6452
5/12/2024,14,15,Solar,4059
3/11/2021,6,7,Wind,14266
9/23/2020,13,14,Wind,8641
4/30/2024,21,22,Wind,3124
9/16/2023,22,23,Wind,2367
5/4/2025,19,20,Wind,11985
4/8/2022,18,19,Wind,10607
12/23/2023,16,17,Wind,14470
8/11/2025,22,23,Wind,5924
7/16/2021,17,18,Wind,7525
2/11/2020,7,8,Wind,11753
11/9/2024,1,2,Wind,1782
9/27/2022,18,19,Wind,9228
9/1/2024,8,9,Wind,4830
11/1/2020,7,8,Wind,9246
1/9/2025,7,8,Wind,14188
12/31/2024,1,2,Wind,2303
1/6/2025,0,1,Wind,18763
1/30/2024,14,15,Solar,7283
4/18/2021,20,21,Wind,2015
4/24/2021,15,16,Solar,8651
10/27/2021,19,20,Wind,2324
7/2/2020,0,1,Wind,2474
1/7/2024,4,5,Wind,7340
1/18/2024,14,15,Wind,6969
9/9/2023,1,2,Wind,1650
3/17/2025,10,11,Solar,11786
10/20/2024,7,8,Wind,6846
9/11/2021,16,17,Solar,4615
3/12/2024,15,16,Wind,12222
8/6/2020,16,17,Solar,3605
1/15/2022,1,2,Wind,847
4/18/2022,17,18,Solar,4269
1/13/2020,6,7,Wind,2987
3/16/2021,11,12,Solar,5314
6/15/2022,6,7,Wind,2328
9/30/2023,12,13,Solar,6508
10/29/2024,21,22,Wind,685
9/4/2025,20,21,Wind,6150
8/21/2023,15,16,Solar,6576
4/19/2020,14,15,Wind,2914
7/12/2021,9,10,Wind,2663
1/3/2022,7,8,Wind,9393
11/10/2020,6,7,Wind,486
2/3/2025,23,0,Wind,1883
3/31/2025,0,1,Wind,4280
7/12/2024,17,18,Wind,8243
6/14/2024,17,18,Wind,12714
9/21/2025,11,12,Solar,3451
5/16/2021,23,0,Wind,9508
3/7/2022,5,6,Wind,6815
8/10/2022,10,11,Solar,6251
3/7/2023,5,6,Wind,5865
3/14/2025,15,16,Wind,7686
10/4/2024,7,8,Wind,4180
12/15/2022,22,23,Wind,7205
9/3/2020,0,1,Wind,931
6/17/2022,21,22,Wind,1078
12/21/2023,18,19,Wind,17520
3/2/2023,14,15,Solar,6558
8/4/2024,20,21,Wind,1620
12/29/2024,21,22,Wind,548
11/14/2024,1,2,Wind,3831
8/4/2022,9,10,Solar,3343
4/26/2022,0,1,Wind,2101
5/16/2022,5,6,Wind,5648
1/9/2020,16,17,Wind,10435
11/24/2022,14,15,Wind,9150
1/20/2024,23,0,Wind,10670
3/14/2020,22,23,Wind,3349
3/10/2020,22,23,Wind,11030
5/26/2024,2,3,Wind,4508
8/13/2023,1,2,Wind,1162
3/28/2022,6,7,Wind,1606
10/12/2020,14,15,Solar,4590
10/22/2024,10,11,Solar,3182
10/19/2020,11,12,Solar,5009
9/12/2021,21,22,Wind,1376
7/17/2024,3,4,Wind,2046
8/17/2024,1,2,Wind,1571
8/13/2023,16,17,Solar,7801
6/28/2024,2,3,Wind,3695
2/6/2022,4,5,Wind,13477
3/31/2021,10,11,Solar,4010
10/25/2023,11,12,Wind,11630
7/23/2024,23,0,Wind,2067
3/18/2023,3,4,Wind,7204
12/5/2024,23,0,Wind,18205
1/8/2024,2,3,Wind,11508
6/11/2020,8,9,Wind,2692
6/6/2025,22,23,Wind,4429
6/2/2021,23,0,Wind,2032
9/21/2020,21,22,Wind,1334
9/2/2025,23,0,Wind,11315
9/21/2025,20,21,Wind,4453
8/9/2021,10,11,Wind,6015
3/16/2021,2,3,Wind,3997
10/18/2022,13,14,Solar,5899
12/26/2021,12,13,Wind,4600
7/27/2024,2,3,Wind,455
9/11/2020,9,10,Solar,1917
9/13/2020,19,20,Wind,705
8/15/2023,17,18,Solar,4625
7/29/2021,5,6,Wind,4205
5/19/2024,2,3,Wind,552
3/30/2023,7,8,Wind,11130
7/10/2025,16,17,Solar,11067
8/9/2025,4,5,Wind,1139
11/1/2023,18,19,Wind,12788
6/12/2024,20,21,Wind,2252
9/20/2025,5,6,Wind,6560
5/1/2020,0,1,Wind,7535
1/21/2020,11,12,Wind,2976
6/29/2025,6,7,Wind,2536
10/12/2020,6,7,Wind,2120
7/25/2024,12,13,Solar,9805
6/5/2023,13,14,Solar,9739
6/9/2023,7,8,Wind,4688
9/4/2025,21,22,Wind,6077
5/11/2024,23,0,Wind,4091
3/24/2025,10,11,Solar,5051
7/26/2023,7,8,Wind,2889
8/6/2024,20,21,Wind,2592
4/22/2025,5,6,Wind,1421
8/27/2024,11,12,Solar,8753
7/11/2021,15,16,Solar,4877
11/11/2021,7,8,Wind,1001
2/25/2025,0,1,Wind,4530
4/2/2025,11,12,Wind,18987
7/22/2020,6,7,Wind,3797
2/5/2020,16,17,Wind,2504
3/30/2020,20,21,Wind,8073
5/11/2020,4,5,Wind,9699
11/5/2021,2,3,Wind,3405
8/30/2020,3,4,Wind,3012
9/8/2025,21,22,Wind,2307
3/4/2022,8,9,Wind,3630
8/6/2022,2,3,Wind,5462
12/13/2024,19,20,Wind,698
12/31/2023,17,18,Wind,17198
9/4/2025,9,10,Wind,9465
2/25/2025,9,10,Wind,8542
3/18/2022,11,12,Wind,12613
3/19/2025,14,15,Solar,12452
8/7/2022,0,1,Wind,7995
3/24/2025,4,5,Wind,747
12/22/2020,11,12,Wind,9500
5/5/2020,22,23,Wind,2517
12/14/2024,7,8,Wind,2252
2/3/2023,21,22,Wind,4534
11/12/2022,8,9,Wind,4144
7/18/2024,11,12,Solar,7522
3/9/2020,6,7,Wind,6476
6/28/2021,12,13,Solar,4142
3/24/2022,11,12,Solar,6783
1/3/2020,8,9,Wind,9177
5/2/2025,20,21,Wind,3054
11/23/2022,10,11,Wind,12239
11/3/2023,4,5,Wind,9640
4/9/2024,23,0,Wind,8241
5/16/2021,19,20,Wind,9726
2/14/2025,5,6,Wind,5166
10/23/2022,14,15,Wind,13158
12/14/2022,17,18,Wind,2357
7/31/2024,16,17,Solar,6848
1/15/2025,0,1,Wind,2675
11/21/2021,21,22,Wind,5308
11/12/2023,5,6,Wind,7747
11/10/2021,19,20,Wind,1095
10/30/2022,15,16,Wind,4128
1/12/2021,13,14,Wind,11705
11/17/2023,5,6,Wind,4471
7/3/2022,8,9,Solar,2588
3/9/2021,17,18,Wind,3112
3/17/2023,10,11,Wind,9438
4/1/2025,5,6,Wind,10726
3/28/2020,2,3,Wind,2228
1/29/2022,4,5,Wind,5616
2/11/2023,1,2,Wind,2311
5/19/2020,22,23,Wind,3873
5/8/2023,20,21,Wind,1613
4/23/2021,9,10,Solar,4703
10/13/2025,19,20,Wind,6779
1/8/2020,12,13,Wind,5049
11/13/2023,4,5,Wind,10748
6/30/2021,5,6,Wind,2072
8/28/2023,3,4,Wind,3728
9/2/2021,16,17,Wind,6041
3/31/2022,7,8,Wind,5596
1/14/2023,14,15,Wind,18425
12/10/2020,17,18,Wind,3945
1/6/2025,8,9,Wind,18841
2/5/2024,14,15,Wind,9758
11/4/2024,14,15,Solar,4760
11/10/2022,4,5,Wind,3540
7/14/2020,9,10,Solar,2423
9/17/2020,0,1,Wind,4803
7/12/2021,15,16,Solar,4724
5/22/2020,10,11,Solar,5050
1/18/2021,14,15,Wind,5818
9/22/2022,22,23,Wind,613
2/22/2021,7,8,Wind,6262
3/22/2020,8,9,Wind,8856
10/12/2020,9,10,Wind,2453
4/19/2025,15,16,Wind,4612
8/25/2025,22,23,Wind,1411
4/20/2022,4,5,Wind,4490
12/9/2020,14,15,Wind,2985
7/22/2020,14,15,Solar,4307
5/21/2023,5,6,Wind,5032
1/22/2022,6,7,Wind,2925
12/1/2021,11,12,Wind,12759
1/11/2021,2,3,Wind,1886
3/9/2020,5,6,Wind,7030
2/26/2024,16,17,Wind,13709
3/7/2022,18,19,Wind,5870
10/11/2021,10,11,Solar,4324
9/1/2025,13,14,Wind,12704
10/2/2020,22,23,Wind,3285
12/20/2024,11,12,Wind,8847
8/7/2022,15,16,Solar,10239
2/7/2024,13,14,Wind,17700
6/4/2020,16,17,Wind,6146
10/13/2021,7,8,Wind,2432
2/9/2020,1,2,Wind,8445
2/21/2022,22,23,Wind,10192
3/3/2024,5,6,Wind,3260
7/17/2025,4,5,Wind,1257
2/23/2024,16,17,Wind,12084
3/7/2025,23,0,Wind,10966
12/15/2023,20,21,Wind,1834
9/24/2025,1,2,Wind,7488
8/3/2025,8,9,Solar,4235
11/20/2025,17,18,Wind,3840
9/11/2020,8,9,Wind,1169
11/2/2025,6,7,Wind,8973
9/22/2022,15,16,Solar,5500
5/23/2020,15,16,Wind,8605
12/20/2022,0,1,Wind,13706
11/22/2024,0,1,Wind,5864
11/13/2022,3,4,Wind,2267
4/19/2021,10,11,Solar,3728
7/4/2024,6,7,Wind,7129
6/26/2023,21,22,Wind,3874
10/22/2023,21,22,Wind,2996
1/16/2022,13,14,Solar,5824
9/7/2020,23,0,Wind,1722
5/23/2022,7,8,Wind,3621
10/4/2025,1,2,Wind,16699
12/10/2020,20,21,Wind,6025
5/1/2021,6,7,Wind,1335
6/11/2021,19,20,Wind,2701
1/1/2024,10,11,Wind,12702
5/9/2023,10,11,Wind,5818
1/12/2022,15,16,Solar,3844
11/12/2023,3,4,Wind,7217
11/2/2022,1,2,Wind,10172
9/8/2020,13,14,Solar,4412
4/16/2021,0,1,Wind,6013
11/15/2022,2,3,Wind,6725
12/23/2022,19,20,Wind,13142
4/13/2022,9,10,Solar,2030
4/21/2023,15,16,Solar,7766
3/3/2025,20,21,Wind,3662
11/11/2022,11,12,Solar,6178
6/10/2023,19,20,Wind,2892
8/25/2021,1,2,Wind,6301
2/4/2022,22,23,Wind,5142
2/3/2020,3,4,Wind,8082
3/24/2021,9,10,Solar,3598
4/25/2021,1,2,Wind,8643
6/15/2024,17,18,Wind,9554
1/7/2020,15,16,Wind,4202
3/25/2021,5,6,Wind,1803
4/11/2021,4,5,Wind,4909
12/25/2022,14,15,Wind,9014
9/9/2025,19,20,Wind,2515
6/28/2020,2,3,Wind,5007
4/29/2022,3,4,Wind,3276
4/8/2023,7,8,Wind,3945
3/19/2023,6,7,Wind,2707
3/23/2020,8,9,Wind,8097
7/4/2023,21,22,Wind,7479
9/2/2021,6,7,Wind,5757
5/1/2024,4,5,Wind,1919
8/10/2024,8,9,Solar,2611
4/6/2024,4,5,Wind,13920
7/28/2020,15,16,Wind,7320
9/12/2023,14,15,Solar,4847
6/20/2022,7,8,Wind,3854
4/30/2024,4,5,Wind,3211
7/19/2021,8,9,Wind,3621
11/2/2024,5,6,Wind,2593
10/23/2023,1,2,Wind,4629
11/8/2025,22,23,Wind,2972
7/17/2022,7,8,Wind,4452
8/21/2023,18,19,Solar,2986
4/14/2022,19,20,Wind,1781
11/2/2023,14,15,Wind,16663
3/11/2024,1,2,Wind,3569
5/19/2025,4,5,Wind,5554
8/18/2023,8,9,Wind,2753
1/24/2021,15,16,Wind,9368
11/4/2025,19,20,Wind,14722
1/2/2025,17,18,Wind,2940
11/7/2022,13,14,Wind,14582
6/21/2022,17,18,Solar,4256
10/23/2025,10,11,Wind,21130
12/4/2021,5,6,Wind,8479
6/30/2025,3,4,Wind,4201
11/6/2022,20,21,Wind,11082
10/22/2021,15,16,Wind,7563
9/26/2024,17,18,Wind,18099
11/10/2025,7,8,Wind,7424
12/14/2023,3,4,Wind,7386
1/30/2025,15,16,Wind,7524
12/26/2020,6,7,Wind,2946
9/22/2025,17,18,Wind,8345
12/10/2024,1,2,Wind,10950
12/1/2020,4,5,Wind,7384
9/23/2021,2,3,Wind,1187
7/17/2022,14,15,Solar,8450
7/20/2020,17,18,Solar,4972
9/10/2023,8,9,Wind,3618
7/10/2023,12,13,Solar,8155
2/10/2021,10,11,Wind,8366
1/29/2020,16,17,Wind,5091
9/16/2025,1,2,Wind,12139
11/29/2020,23,0,Wind,1854
9/20/2022,10,11,Solar,4950
8/22/2020,8,9,Wind,5453
1/9/2022,2,3,Wind,13974
6/4/2020,1,2,Wind,2997
11/4/2021,18,19,Wind,3557
1/14/2023,17,18,Wind,15699
2/21/2021,18,19,Wind,6413
5/2/2021,21,22,Wind,919
5/30/2025,4,5,Wind,790
2/8/2024,15,16,Wind,17063
3/22/2023,7,8,Wind,10725
4/22/2023,3,4,Wind,4253
3/27/2024,14,15,Wind,15606
12/25/2020,10,11,Wind,6831
12/24/2023,4,5,Wind,10062
5/24/2024,13,14,Solar,5499
4/28/2020,18,19,Wind,7447
8/20/2025,22,23,Wind,3508
1/24/2022,1,2,Wind,3310
4/20/2023,16,17,Wind,9461
9/2/2020,22,23,Wind,1225
9/2/2023,20,21,Wind,2344
9/10/2020,10,11,Solar,2771
8/22/2025,18,19,Solar,5766
5/24/2023,9,10,Solar,6816
1/11/2025,9,10,Wind,2854
2/28/2024,0,1,Wind,4724
3/6/2020,14,15,Wind,8581
8/18/2020,18,19,Wind,3539
2/18/2022,3,4,Wind,9335
9/3/2021,14,15,Solar,3775
3/24/2020,23,0,Wind,7447
8/25/2024,20,21,Wind,2137
10/22/2021,0,1,Wind,2121
7/17/2021,19,20,Wind,5398
10/30/2022,8,9,Wind,5100
3/9/2021,15,16,Solar,5136
6/23/2020,1,2,Wind,2034
4/22/2023,1,2,Wind,4008
7/12/2024,12,13,Solar,7573
9/5/2024,22,23,Wind,700
4/16/2021,1,2,Wind,5880
5/17/2022,2,3,Wind,2321
10/1/2024,23,0,Wind,4747
9/27/2021,8,9,Wind,6867
4/3/2020,8,9,Wind,2170
1/17/2023,23,0,Wind,4827
11/7/2024,13,14,Solar,5149
3/31/2020,1,2,Wind,6769
3/28/2020,22,23,Wind,11081
9/14/2024,12,13,Solar,10121
10/18/2025,16,17,Solar,7924
10/31/2021,17,18,Wind,10469
4/28/2022,15,16,Solar,7312
1/24/2024,19,20,Wind,6892
6/24/2021,22,23,Wind,1974
12/11/2023,16,17,Wind,6768
1/27/2024,11,12,Solar,5814
8/15/2022,14,15,Solar,8036
1/29/2021,3,4,Wind,13907
9/5/2020,1,2,Wind,2121
8/12/2024,16,17,Solar,8871
1/26/2021,13,14,Wind,5482
4/11/2025,20,21,Wind,4837
7/11/2025,11,12,Solar,11758
5/16/2025,13,14,Solar,7092
10/25/2025,16,17,Wind,9821
1/31/2021,22,23,Wind,5906
5/25/2025,13,14,Wind,9581
7/5/2022,9,10,Solar,4126
11/19/2020,9,10,Wind,9061
10/18/2022,22,23,Wind,5538
1/15/2023,3,4,Wind,10240
5/2/2022,20,21,Wind,3792
10/8/2020,3,4,Wind,6421
11/24/2023,1,2,Wind,8505
5/17/2020,10,11,Solar,4507
3/18/2022,3,4,Wind,6998
10/28/2023,22,23,Wind,16635
5/19/2021,2,3,Wind,3258
7/17/2022,20,21,Wind,2312
7/22/2023,11,12,Solar,10194
11/12/2024,13,14,Wind,13235
3/27/2022,9,10,Wind,4841
4/5/2022,17,18,Wind,9675
8/29/2023,20,21,Wind,1992
6/23/2025,22,23,Wind,3779
2/9/2020,20,21,Wind,11896
1/5/2023,6,7,Wind,7965
9/15/2023,20,21,Wind,3195
9/15/2023,23,0,Wind,4953
11/14/2020,15,16,Wind,8436
2/11/2022,17,18,Wind,2107
2/20/2025,4,5,Wind,7070
6/28/2025,8,9,Solar,3941
8/6/2022,4,5,Wind,5611
5/24/2020,23,0,Wind,2435
6/13/2025,23,0,Wind,5332
5/3/2025,16,17,Solar,10481
11/22/2024,7,8,Wind,9522
8/22/2021,9,10,Wind,4991
1/10/2023,12,13,Wind,15075
6/21/2021,4,5,Wind,2933
9/20/2022,17,18,Solar,5469
1/27/2021,17,18,Wind,3743
9/23/2020,9,10,Wind,4073
4/8/2020,18,19,Solar,1595
10/9/2024,7,8,Wind,8883
5/7/2025,0,1,Wind,9348
9/14/2023,21,22,Wind,1857
2/11/2020,5,6,Wind,11769
1/17/2020,12,13,Wind,8804
3/24/2025,14,15,Solar,6048
8/7/2024,10,11,Solar,5496
5/15/2025,1,2,Wind,6358
3/22/2023,6,7,Wind,9994
11/26/2020,16,17,Wind,1476
5/13/2020,20,21,Wind,7492
3/18/2025,1,2,Wind,12131
11/6/2025,10,11,Wind,6247
8/19/2021,3,4,Wind,1695
2/23/2020,4,5,Wind,9644
4/23/2025,3,4,Wind,6268
5/10/2022,2,3,Wind,1193
12/1/2023,20,21,Wind,5060
7/21/2021,2,3,Wind,2864
9/23/2022,5,6,Wind,546
1/3/2023,10,11,Wind,6763
12/7/2024,22,23,Wind,17557
3/28/2022,3,4,Wind,1693
10/7/2020,10,11,Wind,6946
8/23/2022,21,22,Wind,736
5/27/2023,20,21,Wind,3594
10/10/2023,20,21,Wind,2170
5/17/2025,4,5,Wind,4673
5/21/2020,21,22,Wind,660
3/15/2023,7,8,Wind,2413
12/14/2024,10,11,Wind,3475
1/19/2025,14,15,Solar,3805
12/29/2021,1,2,Wind,9126
1/29/2025,1,2,Wind,17602
1/22/2024,2,3,Wind,16724
8/21/2023,8,9,Solar,2472
9/16/2022,21,22,Wind,5135
4/21/2023,7,8,Wind,3141
4/22/2023,15,16,Wind,9856
11/5/2021,22,23,Wind,2244
12/23/2024,6,7,Wind,16444
3/9/2022,17,18,Wind,5318
8/10/2025,23,0,Wind,7903
2/17/2023,1,2,Wind,7099
8/29/2020,18,19,Wind,4957
8/29/2025,9,10,Wind,13975
2/5/2021,7,8,Wind,1837
5/13/2020,10,11,Wind,5295
1/27/2024,1,2,Wind,1993
2/13/2025,8,9,Wind,1808
3/10/2022,20,21,Wind,6268
7/2/2022,4,5,Wind,780
2/11/2022,21,22,Wind,2877
12/18/2022,16,17,Wind,9972
4/7/2023,14,15,Solar,8432
1/9/2025,12,13,Wind,13546
12/19/2020,23,0,Wind,5475
2/18/2022,12,13,Wind,18336
10/16/2025,7,8,Wind,5067
9/29/2020,23,0,Wind,648
8/17/2025,3,4,Wind,5689
9/29/2022,10,11,Solar,3096
4/22/2024,22,23,Wind,4627
7/3/2025,23,0,Wind,6293
10/1/2020,10,11,Wind,6509
2/24/2024,2,3,Wind,7042
6/26/2024,23,0,Wind,1220
11/17/2022,11,12,Wind,15564
8/23/2022,1,2,Wind,1180
3/8/2025,12,13,Wind,14394
4/25/2020,6,7,Wind,1918
3/29/2025,13,14,Wind,14163
3/20/2021,1,2,Wind,6045
3/26/2021,14,15,Wind,11408
4/25/2023,0,1,Wind,2929
10/16/2020,7,8,Wind,2998
7/15/2022,15,16,Solar,7499
8/28/2023,4,5,Wind,3258
1/9/2024,0,1,Wind,4857
11/5/2025,15,16,Wind,12356
12/14/2020,22,23,Wind,6487
7/31/2022,23,0,Wind,3161
1/14/2023,20,21,Wind,13584
4/13/2020,16,17,Wind,11122
2/26/2024,13,14,Wind,14168
9/3/2020,6,7,Wind,1674
12/21/2020,16,17,Wind,11318
4/24/2023,0,1,Wind,9557
4/30/2023,20,21,Wind,1754
8/27/2021,10,11,Solar,5627
9/16/2022,11,12,Solar,6902
11/21/2025,1,2,Wind,4563
9/22/2022,13,14,Solar,6248
6/26/2021,18,19,Solar,2918
5/24/2023,21,22,Wind,6974
7/21/2020,19,20,Wind,3934
8/8/2021,12,13,Wind,9302
3/5/2021,12,13,Wind,9127
7/28/2022,23,0,Wind,1995
8/6/2023,1,2,Wind,13743
12/2/2022,15,16,Wind,3878
10/11/2023,17,18,Wind,6965
11/20/2022,1,2,Wind,4543
7/15/2023,10,11,Wind,11920
2/9/2023,10,11,Solar,4291
3/11/2024,14,15,Wind,10464
2/28/2023,17,18,Wind,7747
7/19/2022,0,1,Wind,5843
3/24/2022,23,0,Wind,5843
7/31/2021,2,3,Wind,5229
2/1/2025,5,6,Wind,3211
8/29/2020,10,11,Wind,3727
1/21/2021,3,4,Wind,12756
7/3/2022,3,4,Wind,1428
9/14/2025,0,1,Wind,5040
12/22/2021,8,9,Wind,3172
2/6/2021,18,19,Wind,4300
3/9/2020,16,17,Wind,8263
2/5/2022,7,8,Wind,3579
10/31/2025,20,21,Wind,14868
4/7/2025,18,19,Solar,5498
8/2/2021,2,3,Wind,1200
6/11/2025,17,18,Solar,8263
10/25/2022,13,14,Solar,5679
10/21/2022,5,6,Wind,9051
10/20/2025,13,14,Wind,19753
8/14/2025,19,20,Wind,3576
1/30/2024,8,9,Wind,6919
7/6/2023,9,10,Solar,3928
6/8/2020,14,15,Solar,5620
10/7/2021,7,8,Wind,1491
4/4/2021,4,5,Wind,5664
11/26/2020,14,15,Solar,2923
12/30/2024,10,11,Solar,2306
8/30/2022,14,15,Solar,5938
7/19/2021,10,11,Solar,5500
7/24/2021,8,9,Wind,4225
2/21/2021,5,6,Wind,8883
4/27/2022,2,3,Wind,5575
1/4/2023,12,13,Wind,17318
7/11/2021,0,1,Wind,1348
11/4/2025,20,21,Wind,14429
9/12/2022,8,9,Wind,3604
9/2/2022,6,7,Wind,1890
5/5/2021,9,10,Wind,9071
1/29/2021,19,20,Wind,11119
11/26/2023,22,23,Wind,5154
11/7/2024,20,21,Wind,3375
8/3/2021,19,20,Wind,1828
4/19/2022,8,9,Wind,2444
8/8/2021,14,15,Wind,9714
1/2/2022,6,7,Wind,8787
2/5/2024,21,22,Wind,8276
7/11/2021,2,3,Wind,1192
9/20/2020,21,22,Wind,2433
11/11/2024,11,12,Wind,6891
7/31/2024,4,5,Wind,2129
3/21/2020,0,1,Wind,7735
10/14/2021,14,15,Solar,5650
1/19/2025,22,23,Wind,1188
10/7/2024,13,14,Wind,6044
2/13/2025,2,3,Wind,1090
6/11/2022,8,9,Solar,2423
10/25/2023,9,10,Wind,10380
3/18/2024,10,11,Solar,5581
9/21/2020,4,5,Wind,817
11/28/2025,7,8,Wind,7806
4/7/2020,4,5,Wind,1718
3/2/2020,10,11,Wind,5353
7/23/2020,10,11,Solar,2720
3/22/2022,23,0,Wind,4199
2/22/2023,22,23,Wind,1437
10/4/2023,0,1,Wind,3511
10/26/2023,17,18,Wind,4734
2/25/2023,19,20,Wind,8542
8/28/2024,21,22,Wind,2163
11/13/2020,15,16,Wind,4593
4/29/2021,16,17,Solar,3421
4/15/2024,21,22,Wind,14523
2/17/2024,9,10,Wind,4037
10/18/2020,22,23,Wind,912
10/7/2023,10,11,Solar,6141
7/17/2021,23,0,Wind,5090
10/30/2022,20,21,Wind,2069
2/2/2021,10,11,Wind,11997
6/25/2020,5,6,Wind,3558
5/3/2025,17,18,Solar,9346
11/12/2021,0,1,Wind,934
8/2/2024,11,12,Solar,6672
9/26/2020,20,21,Wind,8134
9/21/2023,3,4,Wind,9550
4/23/2022,9,10,Wind,6361
1/2/2021,18,19,Wind,1837
12/17/2021,18,19,Wind,8144
11/23/2021,12,13,Wind,9900
12/13/2023,1,2,Wind,9953
10/27/2024,9,10,Solar,3309
9/7/2025,1,2,Wind,6555
8/22/2020,2,3,Wind,5104
7/30/2022,21,22,Wind,1951
8/26/2025,8,9,Wind,5983
11/1/2020,11,12,Wind,13574
6/20/2025,10,11,Solar,8561
9/22/2023,12,13,Wind,11770
1/20/2025,5,6,Wind,1668
10/20/2021,5,6,Wind,10713
12/20/2020,15,16,Wind,4461
8/9/2025,19,20,Wind,5496
11/20/2024,3,4,Wind,8076
7/2/2025,17,18,Wind,11247
1/23/2020,21,22,Wind,2993
8/11/2021,3,4,Wind,704
6/10/2020,16,17,Solar,3105
8/9/2021,6,7,Wind,2967
11/5/2020,20,21,Wind,8082
4/23/2024,1,2,Wind,4273
7/30/2024,23,0,Wind,2765
7/23/2022,15,16,Solar,6571
12/25/2020,1,2,Wind,6863
8/8/2024,1,2,Wind,1289
12/30/2022,17,18,Wind,15843
2/25/2022,10,11,Wind,7997
10/21/2023,12,13,Wind,20931
7/21/2021,5,6,Wind,1927
11/15/2023,10,11,Wind,10577
1/9/2023,17,18,Wind,13412
11/8/2021,7,8,Wind,1922
4/14/2021,22,23,Wind,5346
6/27/2021,20,21,Wind,1366
2/5/2020,17,18,Wind,1746
9/17/2021,2,3,Wind,711
12/29/2023,6,7,Wind,12493
12/2/2022,1,2,Wind,2232
7/23/2021,13,14,Solar,7412
1/26/2025,4,5,Wind,10046
6/3/2022,21,22,Wind,2859
6/23/2022,0,1,Wind,1625
4/23/2021,17,18,Wind,7944
3/23/2022,16,17,Solar,5220
4/3/2023,1,2,Wind,5706
6/16/2023,8,9,Solar,2630
11/16/2024,19,20,Wind,2040
6/22/2025,13,14,Solar,5526
2/24/2023,11,12,Wind,6498
10/17/2020,17,18,Solar,1367
5/11/2022,10,11,Solar,7976
6/20/2023,19,20,Wind,3357
5/22/2022,23,0,Wind,3313
10/30/2024,6,7,Wind,1827
2/20/2020,19,20,Wind,10617
6/22/2022,9,10,Solar,3779
3/31/2021,19,20,Wind,1121
12/30/2024,0,1,Wind,709
3/20/2020,10,11,Wind,6229
12/25/2021,6,7,Wind,1843
3/28/2023,1,2,Wind,2283
6/30/2022,15,16,Solar,5921
7/24/2025,23,0,Wind,2166
2/27/2022,20,21,Wind,6011
3/16/2025,17,18,Wind,7970
6/15/2024,11,12,Wind,10538
1/13/2023,19,20,Wind,10798
2/10/2020,16,17,Wind,13770
11/8/2021,17,18,Wind,1805
1/10/2025,16,17,Wind,2433
6/2/2020,23,0,Wind,1765
12/18/2022,4,5,Wind,5927
11/19/2023,11,12,Wind,16559
4/14/2020,4,5,Wind,7144
6/21/2024,10,11,Solar,5580
5/21/2021,6,7,Wind,8861
6/25/2021,1,2,Wind,2038
10/9/2023,11,12,Solar,5494
4/11/2024,5,6,Wind,3540
1/12/2025,6,7,Wind,3081
12/28/2024,17,18,Wind,354
7/20/2020,4,5,Wind,2939
5/18/2020,5,6,Wind,1868
2/6/2022,19,20,Wind,16044
4/30/2023,5,6,Wind,3818
2/29/2024,13,14,Wind,12775
8/17/2022,20,21,Wind,1406
3/12/2022,2,3,Wind,9389
3/21/2020,15,16,Wind,11152
2/2/2025,9,10,Wind,3472
2/14/2022,5,6,Wind,11744
8/9/2023,20,21,Wind,1211
2/23/2024,8,9,Wind,14058
6/30/2020,0,1,Wind,3738
8/14/2023,17,18,Solar,7241
4/10/2022,15,16,Solar,7678
6/9/2025,10,11,Solar,3733
5/7/2024,12,13,Solar,7214
5/31/2022,10,11,Solar,4174
7/24/2025,0,1,Wind,2396
3/14/2024,16,17,Wind,9218
5/30/2025,17,18,Solar,6501
9/27/2020,22,23,Wind,5190
9/27/2022,14,15,Wind,13231
1/27/2020,2,3,Wind,8486
6/28/2021,17,18,Solar,3945
10/3/2020,0,1,Wind,3195
6/12/2025,11,12,Solar,5733
9/2/2025,17,18,Wind,15009
6/4/2023,17,18,Wind,7894
12/2/2024,8,9,Wind,8193
6/4/2023,20,21,Wind,5847
3/25/2023,5,6,Wind,14863
5/2/2024,12,13,Wind,12077
9/18/2024,21,22,Wind,8671
10/9/2025,8,9,Wind,2496
9/11/2022,2,3,Wind,664
1/29/2025,15,16,Wind,12248
3/29/2021,9,10,Wind,4622
5/31/2023,22,23,Wind,8211
8/31/2024,23,0,Wind,5370
11/6/2023,1,2,Wind,12102
3/25/2021,8,9,Wind,2635
8/5/2024,8,9,Solar,2548
7/2/2021,5,6,Wind,405
1/27/2025,4,5,Wind,18396
5/15/2020,18,19,Wind,4342
9/6/2021,4,5,Wind,1107
10/24/2021,20,21,Wind,3398
12/6/2024,7,8,Wind,14357
8/26/2023,22,23,Wind,1513
5/4/2020,16,17,Solar,5092
10/17/2022,7,8,Wind,7554
8/2/2022,10,11,Solar,5062
4/13/2025,15,16,Wind,4463
4/25/2022,7,8,Wind,3208
10/26/2022,13,14,Wind,8890
12/7/2022,4,5,Wind,2473
10/24/2025,19,20,Wind,12506
8/31/2020,9,10,Wind,3237
6/30/2022,17,18,Wind,5168
11/4/2025,15,16,Wind,12341
8/17/2022,21,22,Wind,1307
12/8/2020,11,12,Wind,2686
3/24/2020,1,2,Wind,6628
7/21/2023,14,15,Solar,8927
6/28/2023,0,1,Wind,2630
9/14/2022,12,13,Solar,5716
5/29/2020,15,16,Wind,7953
8/19/2022,17,18,Wind,7064
8/17/2025,4,5,Wind,6032
4/1/2025,17,18,Wind,13004
10/13/2024,9,10,Wind,2980
4/5/2022,12,13,Wind,9346
4/29/2021,14,15,Solar,4221
2/25/2023,14,15,Wind,9931
7/19/2023,17,18,Wind,11158
10/10/2022,1,2,Wind,4732
4/17/2021,0,1,Wind,4306
12/21/2021,20,21,Wind,3015
4/22/2021,21,22,Wind,6303
11/23/2025,17,18,Wind,10653
6/11/2024,5,6,Wind,1874
5/27/2024,20,21,Wind,3315
9/28/2020,19,20,Wind,4208
8/7/2023,3,4,Wind,3593
3/29/2021,22,23,Wind,2491
5/22/2021,21,22,Wind,5778
11/19/2021,14,15,Solar,3318
1/27/2025,5,6,Wind,18096
8/13/2025,9,10,Solar,4027
9/14/2021,17,18,Wind,3219
5/8/2022,2,3,Wind,4076
7/3/2022,2,3,Wind,1530
7/24/2021,0,1,Wind,5890
11/21/2022,0,1,Wind,7993
4/5/2023,10,11,Solar,5948
8/11/2025,14,15,Solar,11543
7/13/2021,11,12,Wind,5885
9/19/2022,6,7,Wind,2502
12/5/2024,17,18,Wind,15699
11/1/2025,9,10,Wind,14047
11/17/2025,3,4,Wind,5317
8/16/2020,20,21,Wind,1759
1/22/2023,12,13,Wind,7106
5/24/2025,17,18,Wind,13001
1/21/2021,12,13,Wind,12248
7/17/2023,11,12,Solar,7791
10/28/2022,10,11,Wind,8983
7/8/2021,0,1,Wind,1738
6/6/2021,19,20,Wind,2910
9/12/2025,2,3,Wind,10052
10/13/2024,15,16,Solar,5251
2/13/2023,5,6,Wind,3438
4/21/2023,16,17,Solar,7315
12/22/2024,4,5,Wind,18507
6/11/2020,19,20,Wind,3890
10/17/2021,4,5,Wind,1793
4/7/2022,9,10,Wind,16777
11/25/2024,19,20,Wind,6360
5/30/2024,14,15,Wind,11924
11/19/2023,14,15,Wind,17043
2/4/2024,20,21,Wind,8328
9/23/2022,4,5,Wind,505
5/17/2023,15,16,Wind,13945
5/2/2024,23,0,Wind,9680
9/21/2025,12,13,Solar,4035
8/28/2025,13,14,Wind,12192
1/15/2023,18,19,Wind,14920
3/30/2024,0,1,Wind,4270
11/27/2024,1,2,Wind,8974
3/11/2022,8,9,Wind,12227
8/27/2022,23,0,Wind,4610
11/9/2025,16,17,Wind,4511
4/3/2021,2,3,Wind,9279
7/5/2022,12,13,Solar,7173
10/2/2020,16,17,Wind,4517
3/3/2024,19,20,Wind,4860
10/30/2020,22,23,Wind,2173
1/29/2025,13,14,Wind,14188
6/7/2025,2,3,Wind,5372
7/17/2022,4,5,Wind,5437
9/21/2021,2,3,Wind,3038
8/21/2022,15,16,Solar,5244
10/28/2022,1,2,Wind,7785
3/14/2025,1,2,Wind,2246
4/22/2024,23,0,Wind,4362
8/15/2021,14,15,Solar,6192
11/1/2023,8,9,Wind,12856
12/19/2024,5,6,Wind,17699
9/15/2024,14,15,Solar,6259
7/1/2022,14,15,Solar,7548
1/11/2020,4,5,Wind,2401
9/7/2021,14,15,Solar,7947
12/4/2022,23,0,Wind,708
7/27/2025,11,12,Solar,8163
3/19/2022,3,4,Wind,11419
6/13/2023,12,13,Solar,7666
10/31/2020,15,16,Wind,9419
6/19/2023,6,7,Wind,1407
5/15/2023,23,0,Wind,7719
3/16/2021,19,20,Wind,6005
6/12/2023,17,18,Solar,4747
7/3/2020,21,22,Wind,2958
6/19/2025,20,21,Wind,5164
2/12/2020,7,8,Wind,8307
9/7/2024,19,20,Wind,4461
12/17/2020,17,18,Wind,2892
10/4/2021,22,23,Wind,6535
2/27/2021,6,7,Wind,5900
12/14/2022,2,3,Wind,1972
1/1/2024,1,2,Wind,15228
7/25/2023,22,23,Wind,2896
7/18/2022,8,9,Wind,4324
5/10/2021,10,11,Wind,9543
11/8/2021,12,13,Solar,4759
12/10/2022,5,6,Wind,1514
6/25/2020,17,18,Solar,3179
11/29/2020,2,3,Wind,4361
8/5/2023,4,5,Wind,2376
10/12/2020,2,3,Wind,3229
1/13/2021,17,18,Wind,9862
4/20/2022,22,23,Wind,4403
3/6/2020,7,8,Wind,7635
1/15/2021,0,1,Wind,8913
2/16/2022,0,1,Wind,13892
4/2/2021,18,19,Wind,12278
11/24/2021,20,21,Wind,2080
9/18/2022,13,14,Solar,11642
8/5/2025,18,19,Wind,11488
4/16/2022,11,12,Solar,9283
5/2/2024,20,21,Wind,11202
12/1/2022,8,9,Wind,4364
9/17/2023,12,13,Solar,7328
6/21/2025,13,14,Solar,10245
5/27/2020,5,6,Wind,3501
2/27/2021,16,17,Wind,10738
3/26/2024,21,22,Wind,8154
8/26/2022,16,17,Solar,6095
7/13/2022,21,22,Wind,1816
1/23/2020,6,7,Wind,5026
8/17/2020,7,8,Wind,1942
3/26/2020,9,10,Wind,7178
3/6/2024,21,22,Wind,1843
4/30/2025,23,0,Wind,5987
2/14/2020,7,8,Wind,3792
8/26/2022,18,19,Wind,4553
4/22/2025,6,7,Wind,1187
12/1/2022,17,18,Wind,3675
2/5/2025,13,14,Solar,6610
1/30/2022,17,18,Wind,1434
9/29/2021,21,22,Wind,3641
5/13/2024,6,7,Wind,1884
8/30/2020,21,22,Wind,3777
7/11/2020,16,17,Solar,5785
9/29/2025,12,13,Solar,8857
6/28/2024,8,9,Solar,3771
5/9/2020,11,12,Solar,3231
5/22/2024,19,20,Wind,4870
7/3/2020,8,9,Wind,2944
11/23/2020,15,16,Solar,1643
2/24/2022,1,2,Wind,3851
3/7/2025,7,8,Wind,9990
5/26/2020,6,7,Wind,3338
1/12/2023,9,10,Wind,16699
11/30/2021,10,11,Wind,13024
6/19/2022,3,4,Wind,10066
12/7/2022,7,8,Wind,2196
7/21/2022,23,0,Wind,2858
5/17/2025,22,23,Wind,3077
12/15/2024,21,22,Wind,9775
9/28/2020,22,23,Wind,4092
3/5/2022,11,12,Solar,5186
7/4/2025,12,13,Solar,10562
6/20/2024,5,6,Wind,4917
2/4/2022,19,20,Wind,6944
1/18/2020,10,11,Wind,2843
5/26/2021,21,22,Wind,2353
10/30/2024,7,8,Wind,2071
8/18/2020,2,3,Wind,1283
5/23/2022,13,14,Wind,9217
4/28/2025,3,4,Wind,3069
7/9/2024,4,5,Wind,5209
10/20/2025,17,18,Wind,17333
3/9/2020,12,13,Wind,9648
3/14/2025,2,3,Wind,2194
9/16/2020,6,7,Wind,526
6/26/2023,14,15,Solar,10618
5/6/2025,14,15,Wind,8761
10/27/2024,3,4,Wind,1944
9/6/2024,4,5,Wind,1511
10/18/2020,3,4,Wind,583
8/12/2020,14,15,Solar,4536
7/14/2021,23,0,Wind,7745
1/21/2024,10,11,Wind,14443
6/19/2024,2,3,Wind,3425
9/22/2024,22,23,Wind,3299
1/6/2022,21,22,Wind,7422
1/3/2020,10,11,Wind,9189
1/21/2023,3,4,Wind,6960
9/4/2021,16,17,Solar,3636
6/19/2021,14,15,Solar,4390
4/11/2021,0,1,Wind,4255
3/13/2021,13,14,Wind,17323
9/15/2025,11,12,Wind,11011
5/9/2024,1,2,Wind,4350
8/31/2024,14,15,Solar,8366
5/22/2025,18,19,Wind,9293
3/30/2021,15,16,Solar,5587
4/29/2022,21,22,Wind,4703
6/24/2025,15,16,Solar,5446
6/19/2022,2,3,Wind,10201
4/1/2020,17,18,Wind,3836
6/8/2020,4,5,Wind,1414
11/13/2025,19,20,Wind,11859
10/3/2023,19,20,Wind,4989
1/11/2023,21,22,Wind,15556
8/20/2024,1,2,Wind,3390
3/1/2020,14,15,Wind,8968
8/14/2021,21,22,Wind,916
12/14/2021,2,3,Wind,587
10/27/2024,1,2,Wind,1635
7/30/2021,1,2,Wind,1469
4/16/2025,6,7,Wind,3691
10/4/2020,0,1,Wind,7366
12/18/2022,6,7,Wind,6077
7/9/2021,21,22,Wind,370
1/17/2022,17,18,Wind,1397
2/10/2025,1,2,Wind,3221
7/23/2023,15,16,Wind,9714
5/1/2020,5,6,Wind,6913
5/12/2023,18,19,Wind,5556
12/21/2022,19,20,Wind,11825
1/4/2020,10,11,Wind,4479
7/14/2021,17,18,Wind,8231
7/8/2025,21,22,Wind,2398
5/31/2025,1,2,Wind,837
9/17/2025,8,9,Wind,4458
5/10/2022,21,22,Wind,2140
3/31/2023,18,19,Wind,19093
10/4/2024,23,0,Wind,2882
2/4/2021,2,3,Wind,4372
1/3/2020,11,12,Wind,9534
8/31/2020,23,0,Wind,1614
9/8/2025,9,10,Solar,3178
11/11/2022,18,19,Wind,3699
10/21/2024,15,16,Solar,8393
7/4/2022,15,16,Solar,6170
2/1/2025,2,3,Wind,3863
5/23/2022,12,13,Wind,8430
6/20/2025,8,9,Solar,5469
5/22/2020,13,14,Solar,6982
1/1/2022,23,0,Wind,5385
10/29/2022,8,9,Wind,7385
1/3/2025,22,23,Wind,3446
3/29/2021,4,5,Wind,3859
1/24/2021,13,14,Wind,9132
10/6/2021,6,7,Wind,8232
11/26/2023,15,16,Wind,3911
5/28/2022,9,10,Solar,5809
2/5/2024,4,5,Wind,7263
1/28/2025,7,8,Wind,18356
2/22/2023,17,18,Wind,2037
2/17/2024,1,2,Wind,3267
10/3/2022,22,23,Wind,1692
11/25/2021,17,18,Wind,2854
2/24/2025,10,11,Wind,15434
11/20/2021,8,9,Wind,1106
8/20/2025,2,3,Wind,2739
11/14/2020,18,19,Wind,10406
7/23/2025,16,17,Solar,6403
9/29/2021,20,21,Wind,3738
1/23/2024,20,21,Wind,17177
4/10/2025,11,12,Solar,11510
12/24/2024,0,1,Wind,4716
8/15/2025,15,16,Solar,10700
6/3/2024,8,9,Solar,3377
1/10/2025,0,1,Wind,4208
5/28/2020,7,8,Wind,3834
2/2/2024,6,7,Wind,5384
4/15/2021,1,2,Wind,5298
7/16/2023,1,2,Wind,10971
7/4/2022,0,1,Wind,3402
12/15/2022,18,19,Wind,8325
5/31/2020,13,14,Wind,8072
11/8/2020,9,10,Wind,3896
7/25/2021,10,11,Wind,5701
2/15/2020,17,18,Wind,10164
5/22/2023,20,21,Wind,4807
6/20/2024,21,22,Wind,2123
1/24/2022,7,8,Wind,3018
8/30/2021,23,0,Wind,4985
10/7/2021,14,15,Solar,5955
6/18/2020,14,15,Solar,5121
2/17/2020,5,6,Wind,6130
3/30/2020,1,2,Wind,11994
7/3/2025,8,9,Wind,5437
12/10/2021,16,17,Wind,13856
3/8/2023,11,12,Wind,15972
7/31/2025,19,20,Wind,6732
5/27/2023,0,1,Wind,8791
10/29/2023,5,6,Wind,14125
4/21/2024,8,9,Wind,7076
11/30/2025,8,9,Wind,4801
1/23/2022,19,20,Wind,4009
12/10/2024,3,4,Wind,9960
7/16/2022,13,14,Solar,8810
8/23/2020,15,16,Wind,8621
10/20/2021,10,11,Wind,13349
5/5/2023,12,13,Solar,8234
5/28/2020,13,14,Solar,7312
12/23/2022,8,9,Wind,9829
9/10/2025,16,17,Wind,6743
1/1/2023,22,23,Wind,12955
5/30/2024,23,0,Wind,5756
11/7/2024,17,18,Wind,2897
6/30/2024,19,20,Wind,4150
7/26/2020,2,3,Wind,4286
11/1/2024,2,3,Wind,695
4/5/2024,3,4,Wind,8961
11/16/2020,18,19,Wind,4496
12/15/2022,13,14,Wind,6526
10/12/2021,11,12,Solar,5020
6/25/2020,4,5,Wind,3496
6/21/2023,18,19,Solar,2516
4/17/2025,16,17,Solar,7819
3/7/2024,22,23,Wind,12265
8/1/2025,21,22,Wind,4475
9/13/2025,12,13,Wind,13818
7/8/2025,7,8,Wind,6101
3/14/2023,7,8,Wind,16522
7/17/2023,0,1,Wind,3144
7/24/2023,21,22,Wind,3610
5/1/2022,15,16,Solar,6259
10/16/2021,1,2,Wind,1687
7/19/2020,1,2,Wind,1362
9/22/2024,8,9,Wind,3775
7/27/2021,6,7,Wind,1578
1/23/2020,2,3,Wind,6707
7/7/2023,11,12,Solar,8342
1/23/2022,9,10,Wind,3207
5/2/2020,9,10,Wind,4667
6/22/2022,2,3,Wind,3806
8/15/2024,1,2,Wind,1851
10/4/2021,17,18,Wind,6267
1/21/2023,14,15,Wind,10389
10/5/2021,16,17,Wind,12707
4/8/2025,22,23,Wind,5079
8/16/2021,6,7,Wind,4749
1/18/2020,5,6,Wind,4645
8/16/2021,7,8,Wind,5046
1/5/2025,18,19,Wind,18488
10/25/2020,5,6,Wind,7800
6/11/2022,11,12,Solar,5797
5/9/2024,6,7,Wind,3436
7/7/2024,20,21,Wind,3000
7/11/2023,14,15,Solar,9794
6/16/2020,21,22,Wind,1450
10/22/2022,12,13,Solar,6219
6/22/2022,13,14,Solar,5622
6/12/2020,18,19,Wind,4969
3/29/2024,11,12,Wind,13290
12/27/2020,12,13,Wind,13159
7/1/2021,14,15,Solar,5041
8/4/2025,3,4,Wind,3303
12/2/2021,19,20,Wind,4964
4/24/2023,14,15,Wind,10534
9/15/2022,23,0,Wind,2156
12/12/2022,6,7,Wind,1038
12/11/2022,6,7,Wind,2415
5/30/2021,23,0,Wind,5191
6/7/2022,20,21,Wind,3487
12/20/2021,23,0,Wind,3377
10/26/2025,1,2,Wind,10453
4/2/2023,8,9,Wind,10121
4/26/2020,20,21,Wind,466
4/19/2021,9,10,Solar,2735
3/1/2021,8,9,Wind,5349
8/26/2023,17,18,Wind,5041
9/23/2024,8,9,Wind,4634
3/21/2023,16,17,Wind,8241
7/29/2020,11,12,Solar,3483
11/14/2024,0,1,Wind,4003
8/5/2020,2,3,Wind,1003
7/15/2020,8,9,Wind,1905
4/24/2023,5,6,Wind,8273
6/13/2020,8,9,Wind,2926
1/4/2020,18,19,Wind,2983
6/25/2024,6,7,Wind,3497
1/12/2022,14,15,Solar,4731
8/19/2025,21,22,Wind,3579
6/28/2020,0,1,Wind,4765
3/8/2025,6,7,Wind,10878
9/6/2024,6,7,Wind,2426
5/31/2024,12,13,Wind,11737
6/1/2020,17,18,Wind,4261
11/2/2020,12,13,Wind,13394
4/11/2023,12,13,Wind,9998
3/1/2021,1,2,Wind,5776
2/24/2020,18,19,Wind,10814
9/15/2025,2,3,Wind,9831
5/23/2023,18,19,Wind,10411
3/4/2021,21,22,Wind,3114
3/20/2022,6,7,Wind,4720
6/21/2025,14,15,Solar,9972
8/12/2023,4,5,Wind,1660
2/11/2021,14,15,Wind,8606
12/16/2020,8,9,Wind,6819
1/23/2022,10,11,Wind,4428
8/22/2021,23,0,Wind,2991
10/27/2024,14,15,Solar,3213
9/8/2025,12,13,Solar,6498
2/27/2024,1,2,Wind,13652
2/2/2025,19,20,Wind,1296
11/19/2022,8,9,Wind,2689
1/10/2023,19,20,Wind,14924
12/26/2021,10,11,Wind,4021
7/26/2021,17,18,Wind,6326
7/10/2023,8,9,Solar,2252
3/18/2022,1,2,Wind,6520
3/26/2024,6,7,Wind,4088
12/25/2021,10,11,Wind,1761
3/9/2025,4,5,Wind,9371
11/21/2025,22,23,Wind,3561
8/28/2024,11,12,Solar,8271
4/9/2022,7,8,Wind,3140
8/27/2025,13,14,Wind,9935
7/24/2024,14,15,Solar,8396
12/1/2021,3,4,Wind,13696
10/2/2022,14,15,Wind,11081
6/2/2021,18,19,Wind,5123
8/25/2025,0,1,Wind,4994
6/21/2025,10,11,Solar,7971
6/20/2023,23,0,Wind,1043
8/9/2022,11,12,Solar,9212
5/7/2024,0,1,Wind,2917
2/20/2023,0,1,Wind,3125
10/17/2023,7,8,Wind,7154
12/18/2020,4,5,Wind,5875
5/29/2020,16,17,Wind,7583
8/14/2023,14,15,Solar,9682
5/4/2021,15,16,Wind,14449
3/1/2021,9,10,Wind,5489
2/4/2025,17,18,Wind,4150
5/20/2023,16,17,Wind,9396
2/20/2021,6,7,Wind,11021
6/8/2023,23,0,Wind,4890
8/11/2021,8,9,Solar,1398
4/16/2022,1,2,Wind,5425
2/22/2020,15,16,Wind,11215
9/20/2020,5,6,Wind,1430
7/26/2025,16,17,Solar,12297
7/7/2020,16,17,Solar,4966
10/14/2024,7,8,Wind,4181
1/10/2021,12,13,Wind,4787
5/26/2020,13,14,Solar,7674
6/11/2022,10,11,Solar,4978
11/15/2021,3,4,Wind,3192
2/17/2024,2,3,Wind,2933
8/4/2021,20,21,Wind,1904
2/24/2022,4,5,Wind,4560
4/25/2021,16,17,Wind,10672
10/10/2022,15,16,Solar,4814
6/7/2020,13,14,Solar,4010
3/20/2023,21,22,Wind,1961
4/16/2022,19,20,Wind,6468
2/21/2023,19,20,Wind,1282
9/16/2025,10,11,Wind,13417
10/15/2025,11,12,Solar,8271
4/30/2022,2,3,Wind,4404
3/16/2023,13,14,Wind,12494
6/18/2020,13,14,Solar,4693
5/13/2022,11,12,Solar,5938
11/5/2020,11,12,Wind,6089
4/29/2025,15,16,Solar,6311
5/4/2023,23,0,Wind,3643
11/17/2025,0,1,Wind,5025
7/1/2021,5,6,Wind,651
3/15/2023,11,12,Solar,6484
9/15/2023,10,11,Solar,5974
12/22/2023,23,0,Wind,13587
3/22/2021,4,5,Wind,4054
12/12/2022,22,23,Wind,6733
9/3/2023,11,12,Solar,7094
11/9/2021,0,1,Wind,1819
1/17/2021,12,13,Wind,7552
6/21/2023,7,8,Wind,1637
5/20/2021,18,19,Wind,9869
4/16/2021,7,8,Wind,4456
12/17/2022,9,10,Wind,3658
5/8/2022,6,7,Wind,3605
12/22/2022,12,13,Wind,14188
7/11/2021,19,20,Solar,1524
1/27/2020,23,0,Wind,11841
6/15/2020,14,15,Solar,5662
1/17/2020,19,20,Wind,7060
8/8/2025,21,22,Wind,1377
12/22/2023,3,4,Wind,16098
10/22/2025,14,15,Solar,7599
5/21/2023,11,12,Wind,5316
6/14/2025,23,0,Wind,2727
7/7/2025,8,9,Wind,7413
1/9/2024,13,14,Wind,7152
1/21/2021,5,6,Wind,11117
3/28/2024,0,1,Wind,14268
3/24/2024,9,10,Wind,14489
5/11/2022,7,8,Wind,3997
6/20/2021,19,20,Wind,3126
12/23/2020,13,14,Wind,11166
4/14/2024,11,12,Solar,3777
10/17/2025,1,2,Wind,5705
8/24/2023,5,6,Wind,3806
10/5/2022,22,23,Wind,6523
3/4/2025,22,23,Wind,2922
6/15/2021,1,2,Wind,2375
6/27/2020,14,15,Wind,11830
1/22/2020,23,0,Wind,6702
9/1/2023,0,1,Wind,4962
7/27/2024,7,8,Wind,942
9/12/2024,13,14,Solar,11222
9/5/2022,22,23,Wind,5367
6/22/2022,19,20,Wind,2962
9/6/2023,7,8,Wind,2356
8/26/2020,23,0,Wind,1950
2/19/2021,6,7,Wind,4981
6/14/2022,14,15,Solar,6715
2/22/2020,13,14,Wind,12629
9/14/2022,11,12,Solar,5082
6/15/2024,13,14,Wind,11056
1/1/2023,7,8,Wind,9266
9/5/2021,17,18,Solar,2963
11/24/2023,23,0,Wind,9503
5/26/2024,0,1,Wind,3450
9/23/2025,4,5,Wind,4925
8/28/2022,5,6,Wind,3796
11/17/2023,4,5,Wind,4902
12/15/2024,12,13,Wind,9874
8/22/2020,17,18,Wind,10771
10/3/2020,2,3,Wind,2954
6/4/2024,22,23,Wind,4507
5/3/2024,15,16,Solar,10504
2/6/2020,11,12,Solar,4762
1/19/2025,3,4,Wind,931
7/6/2021,15,16,Wind,11191
8/12/2020,11,12,Solar,3755
2/3/2024,12,13,Wind,7803
10/7/2025,9,10,Solar,3821
10/19/2024,13,14,Wind,10146
10/28/2025,3,4,Wind,11254
8/11/2021,21,22,Wind,438
2/5/2024,22,23,Wind,8550
9/28/2022,23,0,Wind,2524
12/18/2024,8,9,Wind,15129
2/6/2022,2,3,Wind,13175
10/12/2022,8,9,Wind,584
7/26/2022,21,22,Wind,2482
5/28/2021,14,15,Solar,5503
9/13/2023,19,20,Wind,1538
10/29/2025,11,12,Wind,7794
7/2/2024,13,14,Solar,8030
12/4/2024,23,0,Wind,6973
4/14/2021,1,2,Wind,4020
2/4/2023,10,11,Solar,4372
9/17/2023,3,4,Wind,2904
4/19/2023,4,5,Wind,7469
5/29/2021,3,4,Wind,2960
5/5/2025,9,10,Wind,12112
6/22/2024,0,1,Wind,4950
5/9/2020,18,19,Wind,2119
3/27/2025,18,19,Wind,3241
3/5/2022,7,8,Wind,2368
5/15/2020,2,3,Wind,7692
10/15/2022,9,10,Wind,11169
7/5/2023,5,6,Wind,9980
3/18/2022,9,10,Wind,9550
1/15/2022,11,12,Solar,3590
10/21/2022,12,13,Wind,8623
10/1/2021,18,19,Wind,5384
9/15/2023,16,17,Solar,6137
5/18/2022,6,7,Wind,1431
1/26/2025,7,8,Wind,10617
4/6/2021,4,5,Wind,4973
6/5/2024,15,16,Solar,8338
5/27/2023,16,17,Solar,7001
10/7/2023,14,15,Solar,8412
6/19/2025,23,0,Wind,6656
7/14/2020,16,17,Solar,5502
1/30/2025,9,10,Wind,6843
4/18/2020,10,11,Solar,2403
5/1/2020,20,21,Wind,7607
12/17/2024,7,8,Wind,2584
10/20/2021,2,3,Wind,11312
1/19/2025,13,14,Solar,4287
1/19/2020,12,13,Wind,7168
4/3/2022,12,13,Wind,8072
11/26/2022,16,17,Wind,4098
4/6/2024,11,12,Wind,11113
6/29/2024,9,10,Wind,4606
6/21/2022,13,14,Solar,4725
5/24/2021,7,8,Wind,7606
7/19/2025,22,23,Wind,3591
1/24/2023,6,7,Wind,7138
1/5/2023,5,6,Wind,8718
3/31/2024,15,16,Wind,12871
10/20/2021,4,5,Wind,10723
10/8/2020,16,17,Wind,10734
11/22/2025,4,5,Wind,4238
2/9/2021,7,8,Wind,1690
12/11/2022,4,5,Wind,2435
10/2/2022,10,11,Wind,8595
12/11/2021,21,22,Wind,4734
1/29/2025,19,20,Wind,7676
10/17/2024,16,17,Wind,3148
2/15/2020,10,11,Wind,9345
8/30/2021,17,18,Wind,7498
12/1/2022,2,3,Wind,3707
9/24/2023,23,0,Wind,6907
1/29/2020,5,6,Wind,8170
6/27/2025,0,1,Wind,3718
3/23/2020,20,21,Wind,7815
6/3/2024,11,12,Solar,6838
6/3/2020,21,22,Wind,4054
3/15/2024,22,23,Wind,11551
5/6/2020,1,2,Wind,2902
6/20/2022,8,9,Wind,4120
8/4/2022,8,9,Wind,2352
6/5/2025,2,3,Wind,3520
5/22/2024,21,22,Wind,3246
5/31/2021,12,13,Solar,8251
5/17/2025,16,17,Solar,5091
6/8/2023,3,4,Wind,4963
6/10/2020,13,14,Solar,3476
4/6/2021,7,8,Wind,4483
5/12/2020,13,14,Wind,5427
10/22/2021,13,14,Wind,7756
10/25/2020,20,21,Wind,5286
11/10/2024,9,10,Solar,2337
8/27/2020,3,4,Wind,746
12/8/2020,13,14,Wind,2927
2/25/2020,19,20,Wind,11340
5/25/2025,22,23,Wind,7827
10/29/2024,8,9,Wind,2469
6/12/2023,2,3,Wind,1550
6/11/2022,18,19,Solar,3464
10/14/2024,9,10,Wind,4669
11/29/2023,7,8,Wind,3138
5/11/2023,19,20,Wind,3543
5/30/2022,5,6,Wind,3358
4/20/2023,1,2,Wind,9578
10/26/2025,15,16,Wind,14457
6/3/2021,12,13,Solar,4373
5/9/2022,19,20,Solar,1377
12/20/2021,3,4,Wind,3033
10/9/2023,6,7,Wind,1355
9/15/2023,0,1,Wind,3113
9/8/2023,5,6,Wind,1193
6/24/2020,3,4,Wind,4927
11/30/2024,2,3,Wind,4784
4/14/2025,4,5,Wind,625
8/13/2021,1,2,Wind,1385
7/6/2021,20,21,Wind,3252
5/2/2020,6,7,Wind,4527
9/25/2021,7,8,Wind,1626
9/13/2025,23,0,Wind,5473
5/3/2022,20,21,Wind,3913
5/31/2022,6,7,Wind,629
4/4/2021,20,21,Wind,1822
5/2/2022,14,15,Solar,6399
4/22/2022,6,7,Wind,4924
12/6/2021,13,14,Wind,6810
12/11/2021,4,5,Wind,7205
2/28/2025,2,3,Wind,4602
2/9/2023,0,1,Wind,2302
10/16/2020,12,13,Wind,4771
10/17/2023,19,20,Wind,9601
10/21/2025,0,1,Wind,16078
11/7/2023,15,16,Wind,10062
10/30/2025,20,21,Wind,7973
10/19/2020,1,2,Wind,1282
9/8/2023,0,1,Wind,1364
10/19/2025,18,19,Wind,12954
11/13/2022,15,16,Solar,2623
2/24/2021,23,0,Wind,6614
4/16/2023,14,15,Solar,10098
8/19/2024,21,22,Wind,2334
3/1/2024,20,21,Wind,13391
4/25/2025,23,0,Wind,5109
6/5/2025,0,1,Wind,2919
5/4/2024,20,21,Wind,3018
8/19/2023,17,18,Solar,5543
3/21/2024,9,10,Solar,3781
4/5/2021,1,2,Wind,3111
5/19/2021,22,23,Wind,3897
12/21/2023,3,4,Wind,14043
2/22/2025,4,5,Wind,10381
2/7/2021,23,0,Wind,1739
5/10/2025,6,7,Wind,7169
2/25/2025,14,15,Wind,13221
7/2/2024,2,3,Wind,2993
5/25/2023,6,7,Wind,7649
4/13/2022,16,17,Solar,3243
2/15/2025,18,19,Wind,3681
4/19/2022,5,6,Wind,2287
2/14/2021,23,0,Wind,10047
1/13/2024,2,3,Wind,2005
6/23/2024,21,22,Wind,1679
6/23/2023,22,23,Wind,2045
12/13/2022,16,17,Wind,2696
10/3/2023,20,21,Wind,4434
7/13/2023,15,16,Solar,9653
4/19/2020,17,18,Wind,4146
12/1/2022,19,20,Wind,3999
6/23/2025,19,20,Wind,9992
9/8/2020,1,2,Wind,1554
7/3/2024,18,19,Wind,9354
7/25/2025,3,4,Wind,2035
6/20/2021,10,11,Solar,3778
5/31/2023,8,9,Wind,7123
5/1/2021,11,12,Solar,3323
4/2/2023,12,13,Wind,12812
1/8/2022,10,11,Wind,10733
2/23/2024,13,14,Wind,16191
1/22/2021,17,18,Wind,3817
7/5/2025,4,5,Wind,2489
4/18/2024,12,13,Solar,8623
10/24/2024,0,1,Wind,6796
8/8/2023,22,23,Wind,2582
1/13/2020,17,18,Wind,9926
6/27/2025,13,14,Solar,11541
7/1/2024,5,6,Wind,1695
5/11/2024,21,22,Wind,3472
9/7/2025,14,15,Wind,7231
11/19/2023,13,14,Wind,17786
12/11/2020,18,19,Wind,6188
8/28/2020,5,6,Wind,4524
2/4/2025,13,14,Solar,8211
2/9/2020,5,6,Wind,11052
4/13/2022,5,6,Wind,1227
10/24/2021,22,23,Wind,3438
10/24/2024,5,6,Wind,6302
2/16/2023,6,7,Wind,4250
6/11/2024,4,5,Wind,1800
10/16/2020,23,0,Wind,1207
6/28/2020,3,4,Wind,4867
3/23/2024,11,12,Wind,12855
8/13/2025,3,4,Wind,1056
7/4/2022,1,2,Wind,3580
4/18/2022,15,16,Solar,5600
8/18/2025,16,17,Solar,7367
11/17/2024,18,19,Wind,4964
4/30/2023,23,0,Wind,1696
3/20/2020,2,3,Wind,3316
12/15/2023,12,13,Solar,4274
11/28/2021,13,14,Wind,10375
10/31/2025,21,22,Wind,15246
10/5/2022,12,13,Wind,14483
6/23/2025,10,11,Wind,11567
3/1/2023,18,19,Wind,7450
12/12/2022,10,11,Wind,3288
11/12/2021,15,16,Wind,3879
12/21/2023,12,13,Wind,19358
10/25/2024,2,3,Wind,6941
2/24/2023,18,19,Wind,3224
7/8/2022,11,12,Solar,7531
11/8/2020,1,2,Wind,4275
11/1/2021,0,1,Wind,9125
11/23/2024,0,1,Wind,8044
12/23/2024,5,6,Wind,17108
11/15/2023,21,22,Wind,4402
7/29/2020,13,14,Solar,4027
3/1/2020,16,17,Wind,8574
12/16/2020,10,11,Wind,8045
11/2/2021,4,5,Wind,4888
11/9/2020,9,10,Wind,3308
10/4/2023,4,5,Wind,2628
2/16/2024,22,23,Wind,4567
3/21/2020,11,12,Wind,10973
8/8/2021,5,6,Wind,5042
5/29/2021,5,6,Wind,2581
9/8/2023,14,15,Solar,7239
1/16/2024,2,3,Wind,1868
6/26/2025,21,22,Wind,4580
9/28/2021,5,6,Wind,1599
3/6/2020,2,3,Wind,10808
10/10/2021,5,6,Wind,1374
6/7/2025,18,19,Wind,13408
12/2/2023,11,12,Solar,4402
6/9/2020,20,21,Wind,2462
7/14/2025,19,20,Wind,8818
2/5/2021,21,22,Wind,2566
2/2/2023,21,22,Wind,7011
5/26/2023,16,17,Solar,11645
8/3/2024,14,15,Solar,10343
10/14/2022,0,1,Wind,3451
8/12/2025,12,13,Solar,10561
3/28/2022,7,8,Wind,1693
5/2/2025,4,5,Wind,3410
4/13/2025,17,18,Wind,5953
10/9/2020,21,22,Wind,3453
8/6/2025,2,3,Wind,3916
6/11/2021,21,22,Wind,2176
6/19/2020,9,10,Solar,3181
1/24/2023,7,8,Wind,7104
9/15/2020,21,22,Wind,833
7/24/2023,7,8,Wind,4430
7/6/2025,16,17,Wind,14176
4/15/2021,12,13,Wind,9189
3/22/2025,23,0,Wind,4464
1/4/2024,11,12,Wind,11461
2/17/2023,7,8,Wind,8100
5/20/2024,4,5,Wind,1616
1/27/2024,10,11,Wind,5738
8/31/2023,15,16,Wind,10018
2/19/2021,3,4,Wind,4793
7/8/2021,14,15,Solar,5195
5/19/2023,1,2,Wind,6367
1/29/2021,16,17,Wind,14125
6/1/2022,20,21,Wind,2172
4/30/2020,16,17,Wind,14234
9/22/2021,21,22,Wind,2338
2/2/2024,4,5,Wind,4279
7/24/2022,15,16,Solar,7307
5/25/2021,13,14,Wind,14393
7/17/2023,7,8,Wind,2338
6/8/2024,9,10,Solar,4101
7/19/2022,8,9,Wind,5523
11/16/2020,10,11,Wind,9212
2/2/2024,23,0,Wind,6383
6/25/2020,20,21,Wind,1654
7/10/2025,22,23,Wind,3466
6/3/2022,5,6,Wind,2794
6/18/2020,2,3,Wind,1786
3/21/2024,4,5,Wind,2332
4/25/2023,1,2,Wind,2739
1/7/2022,9,10,Wind,9573
4/18/2023,12,13,Wind,12157
3/26/2023,8,9,Wind,14251
12/19/2023,9,10,Wind,9075
10/26/2022,0,1,Wind,6850
6/3/2025,8,9,Wind,5477
6/17/2020,3,4,Wind,1304
8/29/2025,3,4,Wind,8790
2/16/2020,15,16,Wind,13620
9/15/2020,4,5,Wind,3135
2/7/2022,14,15,Solar,6367
9/18/2021,21,22,Wind,2374
5/9/2023,4,5,Wind,2754
3/18/2024,9,10,Solar,3934
1/10/2024,12,13,Wind,2707
12/24/2020,2,3,Wind,10311
6/10/2024,8,9,Wind,7335
11/9/2022,1,2,Wind,9198
11/11/2024,1,2,Wind,2550
12/5/2022,19,20,Wind,1646
1/6/2020,22,23,Wind,6114
8/21/2023,21,22,Wind,1791
1/12/2020,17,18,Wind,4993
10/12/2024,18,19,Wind,6137
11/9/2020,13,14,Solar,2889
9/13/2022,0,1,Wind,2581
3/29/2020,16,17,Wind,13630
2/15/2025,22,23,Wind,5661
8/27/2025,0,1,Wind,2252
7/12/2023,22,23,Wind,3539
1/2/2025,7,8,Wind,6369
2/19/2021,9,10,Wind,6811
9/23/2025,2,3,Wind,7896
7/10/2022,8,9,Wind,4514
3/26/2021,5,6,Wind,3646
10/15/2021,6,7,Wind,1575
2/7/2025,15,16,Wind,10457
10/10/2025,18,19,Wind,3559
6/22/2023,15,16,Wind,9514
2/24/2022,22,23,Wind,7938
1/15/2025,16,17,Wind,3431
7/28/2021,4,5,Wind,3354
5/5/2025,15,16,Wind,15064
2/12/2023,21,22,Wind,4192
10/5/2021,8,9,Wind,10165
7/16/2022,19,20,Wind,4533
5/2/2023,16,17,Solar,8967
5/22/2021,9,10,Wind,12712
4/14/2025,6,7,Wind,479
8/19/2022,11,12,Solar,6190
11/12/2020,8,9,Wind,5261
6/5/2020,2,3,Wind,3265
8/10/2021,5,6,Wind,1248
2/15/2023,0,1,Wind,4757
7/26/2021,11,12,Solar,5093
2/6/2022,10,11,Wind,17304
12/20/2020,19,20,Wind,5429
5/29/2024,13,14,Wind,11498
3/14/2023,19,20,Wind,6322
3/17/2023,18,19,Wind,6610
8/8/2020,5,6,Wind,1149
5/2/2021,2,3,Wind,2502
1/21/2021,16,17,Wind,11579
7/4/2020,2,3,Wind,3974
8/7/2020,14,15,Solar,4514
4/1/2020,21,22,Wind,3851
9/15/2022,6,7,Wind,1567
2/16/2023,10,11,Wind,7146
5/18/2024,0,1,Wind,677
12/30/2020,6,7,Wind,2807
4/28/2024,12,13,Wind,8476
3/23/2021,15,16,Solar,3997
11/26/2023,1,2,Wind,2638
4/25/2023,21,22,Wind,2248
8/24/2021,11,12,Wind,9610
1/27/2025,21,22,Wind,17504
1/3/2025,15,16,Wind,4264
7/3/2022,23,0,Wind,3250
4/27/2022,18,19,Wind,7424
10/17/2022,20,21,Wind,1731
12/24/2024,20,21,Wind,2733
7/5/2025,7,8,Wind,3504
3/24/2024,12,13,Wind,17542
3/5/2021,9,10,Wind,5969
4/18/2023,0,1,Wind,7377
2/20/2020,14,15,Wind,13570
4/22/2023,21,22,Wind,4685
6/30/2021,22,23,Wind,1138
9/15/2023,5,6,Wind,2859
6/27/2021,19,20,Wind,1928
12/18/2023,6,7,Wind,1983
1/3/2025,4,5,Wind,2458
10/11/2025,2,3,Wind,3113
9/17/2022,16,17,Wind,10338
10/19/2020,14,15,Wind,7098
10/10/2024,7,8,Wind,7668
4/26/2022,5,6,Wind,2225
5/8/2023,14,15,Solar,6648
11/11/2021,17,18,Wind,380
11/23/2023,20,21,Wind,8437
4/27/2025,17,18,Solar,5174
9/27/2025,21,22,Wind,2138
10/4/2023,18,19,Wind,2050
4/3/2022,6,7,Wind,4104
8/25/2020,1,2,Wind,723
7/17/2022,23,0,Wind,4351
10/3/2025,13,14,Wind,11301
8/6/2021,11,12,Wind,11666
5/14/2021,10,11,Wind,6084
4/22/2024,15,16,Wind,11441
9/12/2021,3,4,Wind,833
5/21/2025,12,13,Solar,9175
9/21/2020,15,16,Solar,2049
2/7/2021,20,21,Wind,3072
8/27/2022,18,19,Solar,4302
11/4/2022,8,9,Wind,6595
9/18/2022,21,22,Wind,4391
6/18/2022,10,11,Solar,5292
10/22/2021,3,4,Wind,2015
4/29/2020,12,13,Wind,9416
2/13/2023,3,4,Wind,3717
5/7/2022,18,19,Wind,5564
7/4/2021,6,7,Wind,932
1/15/2023,4,5,Wind,11169
2/16/2023,18,19,Wind,6891
8/5/2024,6,7,Wind,776
5/16/2021,1,2,Wind,5170
3/8/2023,10,11,Wind,15041
10/30/2020,13,14,Wind,7334
4/26/2021,10,11,Wind,7918
7/7/2025,6,7,Wind,5004
8/24/2021,9,10,Wind,6030
4/1/2022,0,1,Wind,10193
8/21/2024,23,0,Wind,1351
1/19/2024,22,23,Wind,3386
5/24/2021,12,13,Wind,12352
5/18/2021,1,2,Wind,5826
11/4/2023,14,15,Wind,17543
7/14/2024,9,10,Solar,2112
3/10/2022,9,10,Wind,5077
3/10/2024,1,2,Wind,3791
2/28/2021,23,0,Wind,6317
4/23/2025,0,1,Wind,4602
6/16/2025,8,9,Solar,4345
3/26/2021,7,8,Wind,4671
8/3/2022,7,8,Wind,1048
11/1/2023,7,8,Wind,12440
11/21/2022,12,13,Wind,10615
9/23/2020,21,22,Wind,7077
7/21/2021,9,10,Solar,2455
5/25/2025,23,0,Wind,7409
1/20/2020,18,19,Wind,5481
7/16/2020,23,0,Wind,1793
4/11/2025,3,4,Wind,4126
7/30/2023,2,3,Wind,5343
12/19/2022,23,0,Wind,13567
12/4/2024,2,3,Wind,1630
6/10/2022,11,12,Solar,7582
11/17/2021,9,10,Wind,2394
4/24/2022,3,4,Wind,2963
5/28/2023,0,1,Wind,5726
1/24/2025,10,11,Wind,19742
6/8/2023,11,12,Solar,8461
11/19/2024,7,8,Wind,18100
7/10/2022,5,6,Wind,4280
5/15/2022,7,8,Wind,4614
9/28/2022,9,10,Wind,4568
2/17/2021,12,13,Wind,11639
10/9/2024,12,13,Wind,12368
6/4/2025,14,15,Solar,8787
11/4/2020,11,12,Solar,3051
2/26/2022,8,9,Wind,5296
3/17/2024,12,13,Solar,8354
2/15/2023,14,15,Solar,5873
7/31/2020,8,9,Wind,3969
4/15/2022,9,10,Solar,3210
12/12/2020,5,6,Wind,4914
9/2/2022,8,9,Wind,2497
3/16/2020,7,8,Wind,3407
11/21/2024,15,16,Wind,9569
8/7/2021,3,4,Wind,3328
2/28/2025,12,13,Solar,10622
4/23/2022,3,4,Wind,5891
1/7/2025,4,5,Wind,14713
10/25/2021,23,0,Wind,3138
11/7/2021,1,2,Wind,6691
2/4/2021,19,20,Wind,3434
2/22/2020,4,5,Wind,8062
10/23/2024,23,0,Wind,6864
8/17/2023,0,1,Wind,2496
3/2/2025,13,14,Solar,12215
2/5/2023,0,1,Wind,3594
2/7/2024,7,8,Wind,17057
6/20/2023,13,14,Solar,7992
1/13/2020,4,5,Wind,2614
9/22/2024,2,3,Wind,4342
8/27/2025,23,0,Wind,2306
11/9/2024,22,23,Wind,654
1/28/2021,5,6,Wind,10801
11/8/2024,4,5,Wind,2745
6/27/2024,9,10,Solar,4237
2/5/2025,15,16,Solar,5425
2/24/2025,20,21,Wind,6233
8/9/2022,14,15,Solar,10463
8/6/2020,0,1,Wind,1316
12/20/2022,16,17,Wind,8489
5/6/2022,13,14,Solar,6950
5/23/2025,2,3,Wind,3630
1/29/2022,19,20,Wind,9050
1/8/2023,4,5,Wind,11271
12/7/2024,7,8,Wind,18470
1/16/2020,7,8,Wind,5457
6/8/2022,17,18,Wind,10342
5/20/2021,14,15,Wind,11590
7/25/2021,8,9,Wind,3518
5/7/2020,15,16,Solar,4042
3/26/2021,18,19,Wind,8689
6/27/2023,1,2,Wind,3541
10/24/2024,1,2,Wind,6617
8/24/2020,15,16,Solar,6376
10/23/2021,1,2,Wind,1627
4/4/2020,23,0,Wind,6994
2/2/2023,22,23,Wind,6620
11/16/2022,4,5,Wind,8639
9/10/2020,6,7,Wind,1588
3/9/2022,19,20,Wind,5409
7/23/2025,4,5,Wind,981
3/10/2022,15,16,Wind,6480
12/4/2021,21,22,Wind,11148
9/2/2024,4,5,Wind,1417
8/5/2025,7,8,Wind,4930
2/19/2024,4,5,Wind,3561
9/23/2025,20,21,Wind,7015
3/17/2025,5,6,Wind,5480
12/12/2020,0,1,Wind,6148
6/2/2022,11,12,Solar,6196
8/11/2024,20,21,Wind,4609
7/27/2021,17,18,Wind,6091
10/1/2022,18,19,Wind,9643
12/12/2023,20,21,Wind,12126
3/17/2020,6,7,Wind,985
6/5/2024,21,22,Wind,2061
6/20/2021,5,6,Wind,3261
10/31/2025,3,4,Wind,9983
1/3/2024,22,23,Wind,16866
4/25/2021,2,3,Wind,8382
1/23/2024,10,11,Wind,10479
6/12/2023,5,6,Wind,1553
2/19/2022,1,2,Wind,11830
1/29/2020,7,8,Wind,7825
12/20/2020,18,19,Wind,5033
6/2/2020,15,16,Solar,3567
5/28/2024,8,9,Wind,6596
1/30/2023,9,10,Wind,7712
5/4/2020,18,19,Wind,4761
11/1/2021,12,13,Wind,12570
3/26/2020,17,18,Wind,6738
3/20/2022,11,12,Solar,5199
11/9/2021,18,19,Wind,1386
6/2/2020,6,7,Wind,1579
3/14/2021,6,7,Wind,10061
4/2/2024,17,18,Wind,14399
4/4/2025,10,11,Solar,8357
1/17/2023,7,8,Wind,2989
1/12/2023,8,9,Wind,16345
9/22/2022,4,5,Wind,2032
5/2/2020,7,8,Wind,4238
9/26/2024,2,3,Wind,12285
8/15/2024,16,17,Solar,9170
12/19/2024,23,0,Wind,10852
8/4/2025,21,22,Wind,4350
8/27/2023,20,21,Wind,4122
5/25/2023,10,11,Wind,12510
12/12/2020,2,3,Wind,5549
9/11/2023,7,8,Wind,1487
2/29/2024,15,16,Wind,11785
2/18/2025,17,18,Wind,7911
8/11/2020,6,7,Wind,789
7/12/2021,21,22,Wind,3009
12/10/2022,9,10,Wind,2001
9/8/2022,1,2,Wind,3781
4/13/2024,1,2,Wind,2145
5/19/2022,11,12,Wind,8552
5/15/2024,1,2,Wind,3240
1/4/2024,0,1,Wind,15949
3/16/2024,4,5,Wind,7152
4/17/2024,2,3,Wind,5485
10/10/2023,23,0,Wind,2350
7/20/2021,17,18,Solar,5061
6/28/2024,19,20,Solar,2931
10/17/2022,4,5,Wind,8371
5/4/2024,16,17,Wind,7097
11/23/2022,16,17,Wind,11998
7/25/2024,14,15,Solar,10189
11/22/2023,0,1,Wind,7046
5/23/2023,13,14,Wind,11450
10/17/2024,14,15,Wind,3422
6/18/2020,15,16,Solar,5327
9/16/2020,19,20,Wind,4286
9/1/2024,10,11,Solar,5454
11/29/2022,1,2,Wind,2348
7/31/2022,0,1,Wind,2172
11/11/2022,22,23,Wind,4710
10/24/2024,13,14,Solar,8418
9/9/2025,1,2,Wind,2328
6/3/2022,10,11,Solar,3195
4/11/2020,12,13,Solar,4030
3/28/2025,6,7,Wind,2900
9/24/2024,1,2,Wind,5173
5/29/2021,8,9,Wind,2818
12/13/2020,17,18,Wind,8724
12/21/2024,15,16,Wind,16264
1/30/2021,9,10,Wind,7466
4/28/2023,19,20,Wind,4416
2/22/2023,8,9,Wind,3681
7/4/2024,2,3,Wind,4917
8/17/2023,22,23,Wind,3285
3/1/2025,6,7,Wind,6964
4/5/2021,17,18,Wind,11176
4/24/2025,3,4,Wind,2874
1/1/2023,11,12,Wind,11352
9/21/2024,18,19,Wind,3706
2/6/2022,8,9,Wind,15231
6/22/2023,12,13,Wind,8029
6/19/2022,23,0,Wind,6609
12/29/2022,7,8,Wind,14628
10/8/2021,16,17,Wind,7401
3/3/2021,15,16,Solar,2297
8/25/2022,9,10,Solar,4102
11/2/2023,12,13,Wind,15749
4/28/2023,15,16,Wind,11332
3/19/2024,8,9,Solar,2995
10/18/2025,2,3,Wind,5298
9/9/2025,18,19,Wind,3952
2/26/2020,6,7,Wind,10052
8/2/2023,3,4,Wind,11426
1/27/2024,4,5,Wind,2168
12/29/2022,9,10,Wind,14107
8/31/2024,5,6,Wind,4126
1/12/2025,4,5,Wind,2882
10/10/2021,12,13,Solar,5083
3/6/2025,12,13,Solar,15080
9/27/2023,20,21,Wind,6093
3/21/2022,6,7,Wind,4047
7/25/2022,14,15,Wind,13252
1/7/2020,20,21,Wind,5559
6/19/2025,12,13,Solar,5699
10/2/2023,22,23,Wind,9165
10/22/2025,6,7,Wind,4199
8/20/2020,1,2,Wind,4652
1/5/2023,8,9,Wind,6315
4/15/2021,8,9,Wind,4765
4/3/2023,6,7,Wind,5730
7/28/2022,16,17,Solar,4699
3/16/2022,22,23,Wind,4803
2/11/2024,23,0,Wind,5948
4/18/2022,10,11,Solar,4102
8/20/2020,0,1,Wind,4778
5/30/2021,18,19,Wind,5283
2/3/2024,0,1,Wind,5398
2/2/2022,12,13,Wind,7343
8/11/2022,16,17,Solar,7985
3/2/2020,0,1,Wind,8237
7/20/2020,12,13,Solar,6001
2/25/2025,6,7,Wind,5499
9/27/2023,9,10,Solar,4720
1/28/2021,7,8,Wind,13384
4/11/2021,9,10,Wind,6470
1/4/2023,13,14,Wind,17387
5/22/2023,7,8,Wind,2460
6/1/2020,23,0,Wind,2810
1/12/2025,7,8,Wind,3280
12/28/2020,14,15,Wind,9585
3/26/2024,11,12,Wind,5113
5/5/2021,3,4,Wind,6830
2/3/2022,8,9,Wind,3193
11/15/2022,23,0,Wind,8025
1/13/2025,17,18,Wind,3745
10/29/2021,11,12,Wind,12826
2/20/2020,21,22,Wind,9235
9/11/2020,20,21,Wind,978
4/20/2022,13,14,Wind,6149
2/26/2021,9,10,Wind,3431
3/21/2023,2,3,Wind,3815
8/24/2022,6,7,Wind,918
3/4/2023,3,4,Wind,4696
7/12/2025,6,7,Wind,3675
8/8/2021,8,9,Wind,5143
3/26/2020,11,12,Wind,9436
4/14/2023,18,19,Wind,9132
2/24/2022,2,3,Wind,4044
1/19/2020,21,22,Wind,7199
9/28/2025,18,19,Wind,1930
7/25/2025,20,21,Wind,3699
9/21/2022,15,16,Solar,7231
3/27/2023,21,22,Wind,2171
1/10/2022,17,18,Wind,1854
6/15/2025,11,12,Solar,3323
9/27/2025,19,20,Wind,988
6/5/2024,16,17,Solar,5467
1/31/2022,12,13,Wind,16588
5/10/2025,15,16,Solar,6026
11/9/2020,12,13,Solar,3129
12/8/2024,9,10,Wind,17595
3/4/2021,10,11,Solar,2510
7/10/2020,6,7,Wind,2854
3/12/2025,15,16,Solar,3819
9/1/2023,18,19,Solar,3528
1/12/2024,7,8,Wind,6614
7/14/2023,10,11,Solar,9021
11/29/2020,14,15,Wind,3884
11/3/2023,20,21,Wind,11587
7/15/2024,2,3,Wind,806
1/13/2021,21,22,Wind,10124
5/5/2021,19,20,Wind,7103
3/21/2023,21,22,Wind,6853
7/3/2024,16,17,Wind,12507
7/11/2025,2,3,Wind,4561
7/30/2021,10,11,Wind,7443
4/6/2022,8,9,Wind,5703
11/9/2025,10,11,Solar,6137
2/8/2024,9,10,Wind,14578
5/6/2021,23,0,Wind,2774
10/23/2021,9,10,Wind,2533
10/7/2022,23,0,Wind,2893
2/2/2024,20,21,Wind,7591
12/13/2022,18,19,Wind,3271
5/28/2022,23,0,Wind,6736
4/8/2023,15,16,Solar,8121
6/5/2024,3,4,Wind,2600
3/26/2025,8,9,Wind,4117
8/27/2024,7,8,Wind,4362
3/22/2020,5,6,Wind,8012
4/26/2022,22,23,Wind,5243
5/19/2023,15,16,Wind,10001
1/24/2022,3,4,Wind,2969
2/1/2022,8,9,Wind,7682
12/16/2024,4,5,Wind,7471
12/16/2023,11,12,Solar,5289
10/29/2023,17,18,Wind,13201
1/6/2022,20,21,Wind,6842
4/6/2022,15,16,Wind,13079
6/16/2023,22,23,Wind,1185
10/26/2021,1,2,Wind,3058
11/26/2025,13,14,Solar,6697
12/8/2022,12,13,Wind,2588
1/25/2021,7,8,Wind,5382
3/30/2020,18,19,Wind,11078
12/8/2023,12,13,Wind,5928
9/3/2022,7,8,Wind,1564
5/13/2024,2,3,Wind,2486
7/17/2024,6,7,Wind,1311
8/1/2021,14,15,Solar,6936
7/25/2024,7,8,Wind,1757
4/30/2021,16,17,Solar,2380
8/23/2025,17,18,Solar,7139
10/12/2021,21,22,Wind,3745
12/29/2020,2,3,Wind,6417
1/6/2023,1,2,Wind,7136
4/18/2025,14,15,Solar,7510
10/27/2021,15,16,Solar,5169
12/9/2023,0,1,Wind,8230
12/21/2024,0,1,Wind,11974
1/5/2025,8,9,Wind,17589
10/6/2021,22,23,Wind,2961
1/16/2024,13,14,Solar,3645
9/21/2022,0,1,Wind,2874
11/8/2024,5,6,Wind,2488
1/29/2021,9,10,Wind,14288
8/7/2021,1,2,Wind,2984
7/23/2024,20,21,Wind,4481
6/27/2025,6,7,Wind,2148
10/9/2020,6,7,Wind,2199
8/15/2020,13,14,Solar,3858
10/13/2024,19,20,Wind,846
11/18/2021,0,1,Wind,1595
4/29/2021,7,8,Wind,2584
9/24/2024,19,20,Wind,4603
10/13/2020,15,16,Wind,6503
9/7/2025,2,3,Wind,6502
3/28/2024,1,2,Wind,14376
7/7/2020,20,21,Wind,2114
5/22/2020,17,18,Wind,6372
1/26/2023,10,11,Wind,5197
4/25/2020,13,14,Solar,4085
7/14/2024,10,11,Solar,2634
12/11/2024,14,15,Wind,6865
10/20/2023,18,19,Wind,7162
7/31/2022,7,8,Wind,1873
11/19/2020,22,23,Wind,4071
5/13/2023,13,14,Wind,9897
1/29/2024,17,18,Wind,5859
4/19/2024,14,15,Wind,18551
6/9/2020,16,17,Wind,5018
3/30/2025,21,22,Wind,6026
7/4/2020,0,1,Wind,2880
4/21/2023,12,13,Solar,7908
3/11/2025,9,10,Wind,5850
9/1/2021,21,22,Wind,7034
8/18/2025,5,6,Wind,5172
1/16/2022,11,12,Wind,5504
4/8/2020,22,23,Wind,690
3/20/2024,8,9,Wind,4474
9/2/2021,8,9,Wind,6040
6/6/2025,5,6,Wind,8130
4/5/2025,15,16,Solar,6317
7/18/2021,5,6,Wind,4909
5/30/2020,8,9,Wind,3028
1/15/2023,2,3,Wind,9467
9/8/2022,22,23,Wind,5397
10/22/2025,20,21,Wind,10734
12/28/2021,14,15,Wind,15685
9/29/2024,22,23,Wind,10984
6/14/2020,13,14,Solar,5704
12/23/2021,10,11,Wind,9426
3/18/2024,23,0,Wind,933
8/24/2023,15,16,Wind,13574
10/29/2021,9,10,Wind,12500
6/16/2025,17,18,Solar,8507
10/7/2024,14,15,Wind,6327
8/25/2021,2,3,Wind,6018
3/3/2023,6,7,Wind,4375
7/22/2024,22,23,Wind,3692
8/12/2025,19,20,Wind,3451
4/18/2023,1,2,Wind,7360
3/25/2024,4,5,Wind,1955
1/17/2022,14,15,Solar,3473
5/5/2024,0,1,Wind,3218
4/8/2023,21,22,Wind,3198
8/1/2022,16,17,Solar,6020
3/5/2024,10,11,Wind,9324
6/2/2025,7,8,Wind,2418
11/4/2024,7,8,Wind,2712
8/11/2025,4,5,Wind,5798
12/25/2023,18,19,Wind,12549
4/13/2022,23,0,Wind,1056
10/13/2024,12,13,Solar,5958
7/30/2023,19,20,Wind,8854
9/14/2020,5,6,Wind,2506
11/14/2023,23,0,Wind,12183
8/25/2024,0,1,Wind,8078
9/29/2025,7,8,Wind,1685
4/23/2024,22,23,Wind,4207
11/14/2022,6,7,Wind,3756
6/21/2025,5,6,Wind,3209
1/2/2024,22,23,Wind,17304
4/29/2020,14,15,Wind,11037
1/4/2021,1,2,Wind,1985
10/26/2025,22,23,Wind,14963
6/23/2024,8,9,Solar,3443
12/4/2022,3,4,Wind,3339
1/20/2022,5,6,Wind,3390
6/21/2020,22,23,Wind,3262
4/7/2024,3,4,Wind,9110
5/21/2024,6,7,Wind,1742
3/8/2023,22,23,Wind,14517
8/26/2021,15,16,Solar,8587
10/16/2025,1,2,Wind,4833
11/6/2020,15,16,Wind,5205
10/20/2022,18,19,Wind,5532
2/22/2025,16,17,Wind,8303
11/8/2021,19,20,Wind,1830
4/16/2024,15,16,Wind,10661
4/7/2022,20,21,Wind,13977
11/7/2023,18,19,Wind,8342
5/16/2020,23,0,Wind,4229
12/8/2021,17,18,Wind,4609
4/27/2022,8,9,Wind,5412
1/31/2025,23,0,Wind,3781
12/26/2022,15,16,Wind,8297
5/15/2023,20,21,Wind,8937
2/22/2022,14,15,Wind,14800
6/3/2023,8,9,Wind,4876
3/3/2021,19,20,Wind,854
6/18/2020,21,22,Wind,1799
9/28/2024,16,17,Solar,7308
6/13/2020,13,14,Wind,5636
12/26/2024,7,8,Wind,2631
7/28/2020,23,0,Wind,2945
9/12/2020,20,21,Wind,1281
12/1/2023,4,5,Wind,1917
2/5/2021,5,6,Wind,1882
5/25/2024,21,22,Wind,1504
2/8/2023,0,1,Wind,4023
